Timestamp,Predicted_Load_kWh,Predicted_Solar_kWh,SOC_Before_kWh,Action,Reward,Solar_to_Load_kWh,Battery_Charge_kWh,Battery_Discharge_kWh,Grid_Import_kWh,Solar_Curtailed_kWh,SOC_After_kWh,Action_Name
2013-05-08 07:00:00,110.46681,0.6521323,50.0,1,-109.81467769999999,0.6521323,0.0,0.0,109.81467769999999,0.0,50.0,CHARGE
2013-05-08 07:30:00,106.939316,6.2857423,50.0,1,-100.65357370000001,6.2857423,0.0,0.0,100.65357370000001,0.0,50.0,CHARGE
2013-05-08 08:00:00,94.856636,26.272186,50.0,1,-68.58444999999999,26.272186,0.0,0.0,68.58444999999999,0.0,50.0,CHARGE
2013-05-08 08:30:00,94.67004,43.897854,50.0,1,-50.772186,43.897854,0.0,0.0,50.772186,0.0,50.0,CHARGE
2013-05-08 09:00:00,87.22598,55.558186,50.0,1,-31.667794000000008,55.558186,0.0,0.0,31.667794000000008,0.0,50.0,CHARGE
2013-05-08 09:30:00,80.47118,70.54184,50.0,1,-9.92934000000001,70.54184,0.0,0.0,9.92934000000001,0.0,50.0,CHARGE
2013-05-08 10:00:00,83.274155,72.985985,50.0,1,-10.288169999999994,72.985985,0.0,0.0,10.288169999999994,0.0,50.0,CHARGE
2013-05-08 10:30:00,85.11824,80.502815,50.0,1,-4.615425000000002,80.502815,0.0,0.0,4.615425000000002,0.0,50.0,CHARGE
2013-05-08 11:00:00,81.60877,100.373215,50.0,1,-0.9382222499999998,81.60877,18.764444999999995,0.0,0.0,0.0,67.82622275,CHARGE
2013-05-08 11:30:00,75.93766,109.876045,67.82622275,1,-2.393838500000001,75.93766,20.0,0.0,0.0,13.938385000000011,86.82622275,CHARGE
2013-05-08 12:00:00,75.540596,111.285255,86.82622275,1,-2.8811092026315803,75.540596,13.867133947368423,0.0,0.0,21.87752505263159,100.0,CHARGE
2013-05-08 12:30:00,76.054985,109.90461,100.0,1,-3.3849625000000003,76.054985,0.0,0.0,0.0,33.849625,100.0,CHARGE
2013-05-08 13:00:00,74.35633,115.55948,100.0,1,-4.120315,74.35633,0.0,0.0,0.0,41.203149999999994,100.0,CHARGE
2013-05-08 13:30:00,73.57577,113.39609,100.0,1,-3.982032,73.57577,0.0,0.0,0.0,39.820319999999995,100.0,CHARGE
2013-05-08 14:00:00,69.59092,96.54593,100.0,1,-2.695501,69.59092,0.0,0.0,0.0,26.95501,100.0,CHARGE
2013-05-08 14:30:00,70.194565,75.272575,100.0,1,-0.5078010000000006,70.194565,0.0,0.0,0.0,5.078010000000006,100.0,CHARGE
2013-05-08 15:00:00,69.64958,58.63483,100.0,1,-11.01475,58.63483,0.0,0.0,11.01475,0.0,100.0,CHARGE
2013-05-08 15:30:00,72.64809,43.980064,100.0,1,-28.668025999999998,43.980064,0.0,0.0,28.668025999999998,0.0,100.0,CHARGE
2013-05-08 16:00:00,79.73754,30.402557,100.0,1,-49.334982999999994,30.402557,0.0,0.0,49.334982999999994,0.0,100.0,CHARGE
2013-05-08 16:30:00,92.523506,13.08897,100.0,1,-79.434536,13.08897,0.0,0.0,79.434536,0.0,100.0,CHARGE
2013-05-08 17:00:00,120.04873,2.5080984,100.0,1,-117.54063160000001,2.5080984,0.0,0.0,117.54063160000001,0.0,100.0,CHARGE
2013-05-08 17:30:00,144.11435,0.13268797,100.0,1,-143.98166203,0.13268797,0.0,0.0,143.98166203,0.0,100.0,CHARGE
2013-05-08 18:00:00,165.87268,-0.12546995,100.0,1,-165.99814995,-0.12546995,0.0,0.0,165.99814995,0.0,100.0,CHARGE
2013-05-08 18:30:00,145.3339,-0.1380159,100.0,1,-145.4719159,-0.1380159,0.0,0.0,145.4719159,0.0,100.0,CHARGE
2013-05-08 19:00:00,134.7764,0.011162604,100.0,1,-134.765237396,0.011162604,0.0,0.0,134.765237396,0.0,100.0,CHARGE
2013-05-08 19:30:00,134.11006,0.014149665,100.0,1,-134.095910335,0.014149665,0.0,0.0,134.095910335,0.0,100.0,CHARGE
2013-05-08 20:00:00,135.11427,0.019062461,100.0,1,-135.095207539,0.019062461,0.0,0.0,135.095207539,0.0,100.0,CHARGE
2013-05-08 20:30:00,129.72464,0.018421179,100.0,1,-129.706218821,0.018421179,0.0,0.0,129.706218821,0.0,100.0,CHARGE
2013-05-08 21:00:00,121.862785,0.10955978,100.0,1,-121.75322522,0.10955978,0.0,0.0,121.75322522,0.0,100.0,CHARGE
2013-05-08 21:30:00,116.165764,0.10933771,100.0,1,-116.05642628999999,0.10933771,0.0,0.0,116.05642628999999,0.0,100.0,CHARGE
2013-05-08 22:00:00,116.02669,0.06939574,100.0,1,-115.95729426,0.06939574,0.0,0.0,115.95729426,0.0,100.0,CHARGE
2013-05-08 22:30:00,117.88691,0.06939574,100.0,1,-117.81751426,0.06939574,0.0,0.0,117.81751426,0.0,100.0,CHARGE
2013-05-08 23:00:00,118.94098,0.077607594,100.0,1,-118.863372406,0.077607594,0.0,0.0,118.863372406,0.0,100.0,CHARGE
2013-05-08 23:30:00,145.92357,0.077607594,100.0,1,-145.845962406,0.077607594,0.0,0.0,145.845962406,0.0,100.0,CHARGE
2013-05-09 00:00:00,149.00859,0.077607594,100.0,1,-148.930982406,0.077607594,0.0,0.0,148.930982406,0.0,100.0,CHARGE
2013-05-09 00:30:00,150.91322,0.077607594,100.0,1,-150.835612406,0.077607594,0.0,0.0,150.835612406,0.0,100.0,CHARGE
2013-05-09 01:00:00,121.397255,0.077607594,100.0,1,-121.319647406,0.077607594,0.0,0.0,121.319647406,0.0,100.0,CHARGE
2013-05-09 01:30:00,97.54009,0.077607594,100.0,1,-97.462482406,0.077607594,0.0,0.0,97.462482406,0.0,100.0,CHARGE
2013-05-09 02:00:00,79.59569,0.049252994,100.0,1,-79.546437006,0.049252994,0.0,0.0,79.546437006,0.0,100.0,CHARGE
2013-05-09 02:30:00,65.27283,0.051510833,100.0,1,-65.221319167,0.051510833,0.0,0.0,65.221319167,0.0,100.0,CHARGE
2013-05-09 03:00:00,62.267975,0.062386297,100.0,1,-62.205588703,0.062386297,0.0,0.0,62.205588703,0.0,100.0,CHARGE
2013-05-09 03:30:00,61.23907,0.062386297,100.0,1,-61.176683702999995,0.062386297,0.0,0.0,61.176683702999995,0.0,100.0,CHARGE
2013-05-09 04:00:00,60.181927,0.055151492,100.0,1,-60.126775508,0.055151492,0.0,0.0,60.126775508,0.0,100.0,CHARGE
2013-05-09 04:30:00,60.69023,0.055151492,100.0,1,-60.635078508,0.055151492,0.0,0.0,60.635078508,0.0,100.0,CHARGE
2013-05-09 05:00:00,65.16001,0.055151492,100.0,1,-65.104858508,0.055151492,0.0,0.0,65.104858508,0.0,100.0,CHARGE
2013-05-09 05:30:00,78.394035,0.055151492,100.0,1,-78.33888350800001,0.055151492,0.0,0.0,78.33888350800001,0.0,100.0,CHARGE
2013-05-09 06:00:00,88.87688,0.055625085,100.0,1,-88.821254915,0.055625085,0.0,0.0,88.821254915,0.0,100.0,CHARGE
2013-05-09 06:30:00,107.48432,0.28166986,100.0,1,-107.20265014,0.28166986,0.0,0.0,107.20265014,0.0,100.0,CHARGE
2013-05-09 07:00:00,113.451675,0.8908299,100.0,1,-112.5608451,0.8908299,0.0,0.0,112.5608451,0.0,100.0,CHARGE
2013-05-09 07:30:00,108.41942,8.631461,100.0,1,-99.787959,8.631461,0.0,0.0,99.787959,0.0,100.0,CHARGE
2013-05-09 08:00:00,101.26824,25.128363,100.0,1,-76.13987700000001,25.128363,0.0,0.0,76.13987700000001,0.0,100.0,CHARGE
2013-05-09 08:30:00,91.00631,46.899376,100.0,1,-44.106934,46.899376,0.0,0.0,44.106934,0.0,100.0,CHARGE
2013-05-09 09:00:00,87.4929,74.27275,100.0,1,-13.220150000000004,74.27275,0.0,0.0,13.220150000000004,0.0,100.0,CHARGE
2013-05-09 09:30:00,79.66688,96.85668,100.0,1,-1.7189799999999993,79.66688,0.0,0.0,0.0,17.18979999999999,100.0,CHARGE
2013-05-09 10:00:00,77.42121,118.20216,100.0,1,-4.078095,77.42121,0.0,0.0,0.0,40.780950000000004,100.0,CHARGE
2013-05-09 10:30:00,72.72638,130.62405,100.0,1,-5.789767000000001,72.72638,0.0,0.0,0.0,57.897670000000005,100.0,CHARGE
2013-05-09 11:00:00,76.284,138.13719,100.0,1,-6.185319,76.284,0.0,0.0,0.0,61.85319,100.0,CHARGE
2013-05-09 11:30:00,70.82582,143.48592,100.0,1,-7.2660100000000005,70.82582,0.0,0.0,0.0,72.6601,100.0,CHARGE
2013-05-09 12:00:00,70.021675,148.67665,100.0,1,-7.8654975,70.021675,0.0,0.0,0.0,78.654975,100.0,CHARGE
2013-05-09 12:30:00,73.91245,148.5242,100.0,1,-7.461175000000001,73.91245,0.0,0.0,0.0,74.61175,100.0,CHARGE
2013-05-09 13:00:00,72.30384,147.35414,100.0,1,-7.505030000000001,72.30384,0.0,0.0,0.0,75.05030000000001,100.0,CHARGE
2013-05-09 13:30:00,69.14819,137.77547,100.0,1,-6.8627280000000015,69.14819,0.0,0.0,0.0,68.62728000000001,100.0,CHARGE
2013-05-09 14:00:00,67.76448,118.371925,100.0,1,-5.0607445,67.76448,0.0,0.0,0.0,50.607445,100.0,CHARGE
2013-05-09 14:30:00,68.53429,107.205635,100.0,1,-3.8671345000000006,68.53429,0.0,0.0,0.0,38.671345,100.0,CHARGE
2013-05-09 15:00:00,70.2798,90.634895,100.0,1,-2.0355095000000007,70.2798,0.0,0.0,0.0,20.355095000000006,100.0,CHARGE
2013-05-09 15:30:00,72.34217,64.05167,100.0,1,-8.290499999999994,64.05167,0.0,0.0,8.290499999999994,0.0,100.0,CHARGE
2013-05-09 16:00:00,72.95634,38.200314,100.0,1,-34.756026,38.200314,0.0,0.0,34.756026,0.0,100.0,CHARGE
2013-05-09 16:30:00,88.18889,16.457119,100.0,1,-71.73177100000001,16.457119,0.0,0.0,71.73177100000001,0.0,100.0,CHARGE
2013-05-09 17:00:00,109.36133,3.1198952,100.0,1,-106.2414348,3.1198952,0.0,0.0,106.2414348,0.0,100.0,CHARGE
2013-05-09 17:30:00,140.02155,0.084016785,100.0,1,-139.937533215,0.084016785,0.0,0.0,139.937533215,0.0,100.0,CHARGE
2013-05-09 18:00:00,153.19508,0.13818419,100.0,1,-153.05689581,0.13818419,0.0,0.0,153.05689581,0.0,100.0,CHARGE
2013-05-09 18:30:00,143.97545,0.120627604,100.0,1,-143.854822396,0.120627604,0.0,0.0,143.854822396,0.0,100.0,CHARGE
2013-05-09 19:00:00,138.35663,-0.009374949,100.0,1,-138.366004949,-0.009374949,0.0,0.0,138.366004949,0.0,100.0,CHARGE
2013-05-09 19:30:00,135.09868,-0.0063878954,100.0,1,-135.1050678954,-0.0063878954,0.0,0.0,135.1050678954,0.0,100.0,CHARGE
2013-05-09 20:00:00,136.98328,0.017280323,100.0,1,-136.965999677,0.017280323,0.0,0.0,136.965999677,0.0,100.0,CHARGE
2013-05-09 20:30:00,130.82718,0.01663904,100.0,1,-130.81054096,0.01663904,0.0,0.0,130.81054096,0.0,100.0,CHARGE
2013-05-09 21:00:00,122.90223,0.0501246,100.0,1,-122.8521054,0.0501246,0.0,0.0,122.8521054,0.0,100.0,CHARGE
2013-05-09 21:30:00,112.49435,0.0501246,100.0,1,-112.4442254,0.0501246,0.0,0.0,112.4442254,0.0,100.0,CHARGE
2013-05-09 22:00:00,116.09946,0.042494487,100.0,1,-116.056965513,0.042494487,0.0,0.0,116.056965513,0.0,100.0,CHARGE
2013-05-09 22:30:00,116.684555,0.042494487,100.0,1,-116.642060513,0.042494487,0.0,0.0,116.642060513,0.0,100.0,CHARGE
2013-05-09 23:00:00,120.92,0.05070634,100.0,1,-120.86929366,0.05070634,0.0,0.0,120.86929366,0.0,100.0,CHARGE
2013-05-09 23:30:00,143.04758,0.05070634,100.0,1,-142.99687366,0.05070634,0.0,0.0,142.99687366,0.0,100.0,CHARGE
2013-05-10 00:00:00,152.7985,0.022351835,100.0,1,-152.776148165,0.022351835,0.0,0.0,152.776148165,0.0,100.0,CHARGE
2013-05-10 00:30:00,148.2143,0.022351835,100.0,1,-148.191948165,0.022351835,0.0,0.0,148.191948165,0.0,100.0,CHARGE
2013-05-10 01:00:00,120.825294,0.022351835,100.0,1,-120.802942165,0.022351835,0.0,0.0,120.802942165,0.0,100.0,CHARGE
2013-05-10 01:30:00,93.96185,0.022351835,100.0,1,-93.939498165,0.022351835,0.0,0.0,93.939498165,0.0,100.0,CHARGE
2013-05-10 02:00:00,75.52781,0.024166126,100.0,1,-75.503643874,0.024166126,0.0,0.0,75.503643874,0.0,100.0,CHARGE
2013-05-10 02:30:00,65.41439,0.026423967,100.0,1,-65.387966033,0.026423967,0.0,0.0,65.387966033,0.0,100.0,CHARGE
2013-05-10 03:00:00,62.166897,0.06578776,100.0,1,-62.10110924,0.06578776,0.0,0.0,62.10110924,0.0,100.0,CHARGE
2013-05-10 03:30:00,60.117584,0.06578776,100.0,1,-60.05179624,0.06578776,0.0,0.0,60.05179624,0.0,100.0,CHARGE
2013-05-10 04:00:00,60.71211,0.08097442,100.0,1,-60.631135580000006,0.08097442,0.0,0.0,60.631135580000006,0.0,100.0,CHARGE
2013-05-10 04:30:00,60.955536,0.08097442,100.0,1,-60.874561580000005,0.08097442,0.0,0.0,60.874561580000005,0.0,100.0,CHARGE
2013-05-10 05:00:00,64.25112,0.08097442,100.0,1,-64.17014558,0.08097442,0.0,0.0,64.17014558,0.0,100.0,CHARGE
2013-05-10 05:30:00,75.21948,0.08097442,100.0,1,-75.13850558,0.08097442,0.0,0.0,75.13850558,0.0,100.0,CHARGE
2013-05-10 06:00:00,83.785736,0.08097442,100.0,1,-83.70476158,0.08097442,0.0,0.0,83.70476158,0.0,100.0,CHARGE
2013-05-10 06:30:00,105.75253,0.18854126,100.0,1,-105.56398874,0.18854126,0.0,0.0,105.56398874,0.0,100.0,CHARGE
2013-05-10 07:00:00,105.400604,0.94554,100.0,1,-104.45506400000001,0.94554,0.0,0.0,104.45506400000001,0.0,100.0,CHARGE
2013-05-10 07:30:00,107.48954,8.687102,100.0,1,-98.80243800000001,8.687102,0.0,0.0,98.80243800000001,0.0,100.0,CHARGE
2013-05-10 08:00:00,95.62895,24.966192,100.0,1,-70.662758,24.966192,0.0,0.0,70.662758,0.0,100.0,CHARGE
2013-05-10 08:30:00,89.11073,45.877117,100.0,1,-43.233613000000005,45.877117,0.0,0.0,43.233613000000005,0.0,100.0,CHARGE
2013-05-10 09:00:00,88.321266,67.78409,100.0,1,-20.537175999999988,67.78409,0.0,0.0,20.537175999999988,0.0,100.0,CHARGE
2013-05-10 09:30:00,83.68244,76.265526,100.0,1,-7.416914000000006,76.265526,0.0,0.0,7.416914000000006,0.0,100.0,CHARGE
2013-05-10 10:00:00,75.795685,97.2416,100.0,1,-2.1445915,75.795685,0.0,0.0,0.0,21.445915,100.0,CHARGE
2013-05-10 10:30:00,72.68307,120.003235,100.0,1,-4.7320165,72.68307,0.0,0.0,0.0,47.320165,100.0,CHARGE
2013-05-10 11:00:00,73.401276,137.1235,100.0,1,-6.372222400000002,73.401276,0.0,0.0,0.0,63.72222400000001,100.0,CHARGE
2013-05-10 11:30:00,69.97482,144.5188,100.0,1,-7.454398000000001,69.97482,0.0,0.0,0.0,74.54398,100.0,CHARGE
2013-05-10 12:00:00,69.99585,147.00932,100.0,1,-7.701347,69.99585,0.0,0.0,0.0,77.01347,100.0,CHARGE
2013-05-10 12:30:00,75.45155,144.50848,100.0,1,-6.905692999999999,75.45155,0.0,0.0,0.0,69.05693,100.0,CHARGE
2013-05-10 13:00:00,73.25076,142.84099,100.0,1,-6.959023000000001,73.25076,0.0,0.0,0.0,69.59023,100.0,CHARGE
2013-05-10 13:30:00,69.19239,137.53357,100.0,1,-6.834118,69.19239,0.0,0.0,0.0,68.34118,100.0,CHARGE
2013-05-10 14:00:00,71.251564,119.66382,100.0,1,-4.8412256000000005,71.251564,0.0,0.0,0.0,48.412256,100.0,CHARGE
2013-05-10 14:30:00,68.201614,105.17006,100.0,1,-3.6968446000000004,68.201614,0.0,0.0,0.0,36.968446,100.0,CHARGE
2013-05-10 15:00:00,70.40125,84.03144,100.0,1,-1.363019,70.40125,0.0,0.0,0.0,13.630189999999999,100.0,CHARGE
2013-05-10 15:30:00,71.91841,58.938328,100.0,1,-12.980081999999996,58.938328,0.0,0.0,12.980081999999996,0.0,100.0,CHARGE
2013-05-10 16:00:00,77.24944,36.475918,100.0,1,-40.77352200000001,36.475918,0.0,0.0,40.77352200000001,0.0,100.0,CHARGE
2013-05-10 16:30:00,91.128075,15.658235,100.0,1,-75.46983999999999,15.658235,0.0,0.0,75.46983999999999,0.0,100.0,CHARGE
2013-05-10 17:00:00,109.85986,3.1018825,100.0,1,-106.7579775,3.1018825,0.0,0.0,106.7579775,0.0,100.0,CHARGE
2013-05-10 17:30:00,135.09972,-0.006363249,100.0,1,-135.106083249,-0.006363249,0.0,0.0,135.106083249,0.0,100.0,CHARGE
2013-05-10 18:00:00,152.9308,-0.006521396,100.0,1,-152.93732139600002,-0.006521396,0.0,0.0,152.93732139600002,0.0,100.0,CHARGE
2013-05-10 18:30:00,144.1381,-0.0063417754,100.0,1,-144.1444417754,-0.0063417754,0.0,0.0,144.1444417754,0.0,100.0,CHARGE
2013-05-10 19:00:00,128.53702,-0.065080404,100.0,1,-128.60210040400003,-0.065080404,0.0,0.0,128.60210040400003,0.0,100.0,CHARGE
2013-05-10 19:30:00,126.807,-0.062093336,100.0,1,-126.869093336,-0.062093336,0.0,0.0,126.869093336,0.0,100.0,CHARGE
2013-05-10 20:00:00,132.12149,0.004314085,100.0,1,-132.117175915,0.004314085,0.0,0.0,132.117175915,0.0,100.0,CHARGE
2013-05-10 20:30:00,125.93778,0.003672806,100.0,1,-125.934107194,0.003672806,0.0,0.0,125.934107194,0.0,100.0,CHARGE
2013-05-10 21:00:00,121.26241,0.014273844,100.0,1,-121.248136156,0.014273844,0.0,0.0,121.248136156,0.0,100.0,CHARGE
2013-05-10 21:30:00,116.90728,0.014273844,100.0,1,-116.893006156,0.014273844,0.0,0.0,116.893006156,0.0,100.0,CHARGE
2013-05-10 22:00:00,118.713974,0.032995317,100.0,1,-118.68097868299999,0.032995317,0.0,0.0,118.68097868299999,0.0,100.0,CHARGE
2013-05-10 22:30:00,125.53488,0.032995317,100.0,1,-125.501884683,0.032995317,0.0,0.0,125.501884683,0.0,100.0,CHARGE
2013-05-10 23:00:00,117.99816,0.050840195,100.0,1,-117.94731980499999,0.050840195,0.0,0.0,117.94731980499999,0.0,100.0,CHARGE
2013-05-10 23:30:00,155.72998,0.050840195,100.0,1,-155.679139805,0.050840195,0.0,0.0,155.679139805,0.0,100.0,CHARGE
2013-05-11 00:00:00,156.72585,0.050840195,100.0,1,-156.675009805,0.050840195,0.0,0.0,156.675009805,0.0,100.0,CHARGE
2013-05-11 00:30:00,149.76231,0.050840195,100.0,1,-149.711469805,0.050840195,0.0,0.0,149.711469805,0.0,100.0,CHARGE
2013-05-11 01:00:00,119.71295,0.047467664,100.0,1,-119.66548233600001,0.047467664,0.0,0.0,119.66548233600001,0.0,100.0,CHARGE
2013-05-11 01:30:00,97.423546,0.047467664,100.0,1,-97.376078336,0.047467664,0.0,0.0,97.376078336,0.0,100.0,CHARGE
2013-05-11 02:00:00,78.21253,-0.008173802,100.0,1,-78.220703802,-0.008173802,0.0,0.0,78.220703802,0.0,100.0,CHARGE
2013-05-11 02:30:00,67.38727,-0.0059159603,100.0,1,-67.3931859603,-0.0059159603,0.0,0.0,67.3931859603,0.0,100.0,CHARGE
2013-05-11 03:00:00,59.917587,-0.019599607,100.0,1,-59.937186607,-0.019599607,0.0,0.0,59.937186607,0.0,100.0,CHARGE
2013-05-11 03:30:00,60.37508,-0.019599607,100.0,1,-60.394679607,-0.019599607,0.0,0.0,60.394679607,0.0,100.0,CHARGE
2013-05-11 04:00:00,59.17917,-0.008901584,100.0,1,-59.188071584,-0.008901584,0.0,0.0,59.188071584,0.0,100.0,CHARGE
2013-05-11 04:30:00,59.04257,-0.008901584,100.0,1,-59.051471584,-0.008901584,0.0,0.0,59.051471584,0.0,100.0,CHARGE
2013-05-11 05:00:00,60.128807,-0.008901584,100.0,1,-60.137708584,-0.008901584,0.0,0.0,60.137708584,0.0,100.0,CHARGE
2013-05-11 05:30:00,68.612015,-0.008901584,100.0,1,-68.620916584,-0.008901584,0.0,0.0,68.620916584,0.0,100.0,CHARGE
2013-05-11 06:00:00,75.117134,0.009235174,100.0,1,-75.107898826,0.009235174,0.0,0.0,75.107898826,0.0,100.0,CHARGE
2013-05-11 06:30:00,85.31985,0.051864617,100.0,1,-85.267985383,0.051864617,0.0,0.0,85.267985383,0.0,100.0,CHARGE
2013-05-11 07:00:00,89.62688,0.73823434,100.0,1,-88.88864566,0.73823434,0.0,0.0,88.88864566,0.0,100.0,CHARGE
2013-05-11 07:30:00,102.678215,5.6387925,100.0,1,-97.0394225,5.6387925,0.0,0.0,97.0394225,0.0,100.0,CHARGE
2013-05-11 08:00:00,104.26106,11.607411,100.0,1,-92.653649,11.607411,0.0,0.0,92.653649,0.0,100.0,CHARGE
2013-05-11 08:30:00,109.12756,25.835382,100.0,1,-83.292178,25.835382,0.0,0.0,83.292178,0.0,100.0,CHARGE
2013-05-11 09:00:00,104.2226,48.969414,100.0,1,-55.253186,48.969414,0.0,0.0,55.253186,0.0,100.0,CHARGE
2013-05-11 09:30:00,103.32413,73.89122,100.0,1,-29.432909999999993,73.89122,0.0,0.0,29.432909999999993,0.0,100.0,CHARGE
2013-05-11 10:00:00,102.18005,77.332,100.0,1,-24.84805,77.332,0.0,0.0,24.84805,0.0,100.0,CHARGE
2013-05-11 10:30:00,102.33079,85.027565,100.0,1,-17.303224999999998,85.027565,0.0,0.0,17.303224999999998,0.0,100.0,CHARGE
2013-05-11 11:00:00,103.07707,80.87899,100.0,1,-22.198080000000004,80.87899,0.0,0.0,22.198080000000004,0.0,100.0,CHARGE
2013-05-11 11:30:00,98.213715,75.430046,100.0,1,-22.78366899999999,75.430046,0.0,0.0,22.78366899999999,0.0,100.0,CHARGE
2013-05-11 12:00:00,96.19858,79.35996,100.0,1,-16.838620000000006,79.35996,0.0,0.0,16.838620000000006,0.0,100.0,CHARGE
2013-05-11 12:30:00,98.398254,64.50531,100.0,1,-33.892944,64.50531,0.0,0.0,33.892944,0.0,100.0,CHARGE
2013-05-11 13:00:00,98.06366,50.774418,100.0,1,-47.289242,50.774418,0.0,0.0,47.289242,0.0,100.0,CHARGE
2013-05-11 13:30:00,98.7176,55.54414,100.0,1,-43.173460000000006,55.54414,0.0,0.0,43.173460000000006,0.0,100.0,CHARGE
2013-05-11 14:00:00,90.09968,67.46818,100.0,1,-22.631500000000003,67.46818,0.0,0.0,22.631500000000003,0.0,100.0,CHARGE
2013-05-11 14:30:00,89.02146,50.2096,100.0,1,-38.81186,50.2096,0.0,0.0,38.81186,0.0,100.0,CHARGE
2013-05-11 15:00:00,92.5602,38.091496,100.0,1,-54.468703999999995,38.091496,0.0,0.0,54.468703999999995,0.0,100.0,CHARGE
2013-05-11 15:30:00,96.85621,37.93756,100.0,1,-58.91865000000001,37.93756,0.0,0.0,58.91865000000001,0.0,100.0,CHARGE
2013-05-11 16:00:00,105.914215,23.05988,100.0,1,-82.85433499999999,23.05988,0.0,0.0,82.85433499999999,0.0,100.0,CHARGE
2013-05-11 16:30:00,127.38624,10.797427,100.0,1,-116.588813,10.797427,0.0,0.0,116.588813,0.0,100.0,CHARGE
2013-05-11 17:00:00,138.22884,2.082511,100.0,1,-136.14632899999998,2.082511,0.0,0.0,136.14632899999998,0.0,100.0,CHARGE
2013-05-11 17:30:00,147.28386,0.18201923,100.0,1,-147.10184077,0.18201923,0.0,0.0,147.10184077,0.0,100.0,CHARGE
2013-05-11 18:00:00,154.37102,0.031261623,100.0,1,-154.33975837699998,0.031261623,0.0,0.0,154.33975837699998,0.0,100.0,CHARGE
2013-05-11 18:30:00,147.36876,0.008355642,100.0,1,-147.360404358,0.008355642,0.0,0.0,147.360404358,0.0,100.0,CHARGE
2013-05-11 19:00:00,136.00763,-0.10699604,100.0,1,-136.11462604000002,-0.10699604,0.0,0.0,136.11462604000002,0.0,100.0,CHARGE
2013-05-11 19:30:00,129.24655,-0.104008965,100.0,1,-129.350558965,-0.104008965,0.0,0.0,129.350558965,0.0,100.0,CHARGE
2013-05-11 20:00:00,127.13319,0.038226627,100.0,1,-127.094963373,0.038226627,0.0,0.0,127.094963373,0.0,100.0,CHARGE
2013-05-11 20:30:00,119.220764,0.037585348,100.0,1,-119.18317865200001,0.037585348,0.0,0.0,119.18317865200001,0.0,100.0,CHARGE
2013-05-11 21:00:00,110.166534,0.06579869,100.0,1,-110.10073531,0.06579869,0.0,0.0,110.10073531,0.0,100.0,CHARGE
2013-05-11 21:30:00,107.88368,0.06579869,100.0,1,-107.81788131,0.06579869,0.0,0.0,107.81788131,0.0,100.0,CHARGE
2013-05-11 22:00:00,111.33823,0.17231546,100.0,1,-111.16591454,0.17231546,0.0,0.0,111.16591454,0.0,100.0,CHARGE
2013-05-11 22:30:00,114.802704,0.17720084,100.0,1,-114.62550316000001,0.17720084,0.0,0.0,114.62550316000001,0.0,100.0,CHARGE
2013-05-11 23:00:00,117.09552,0.07231886,100.0,1,-117.02320114,0.07231886,0.0,0.0,117.02320114,0.0,100.0,CHARGE
2013-05-11 23:30:00,141.22997,0.07231886,100.0,1,-141.15765114,0.07231886,0.0,0.0,141.15765114,0.0,100.0,CHARGE
2013-05-12 00:00:00,149.16779,0.060277663,100.0,1,-149.107512337,0.060277663,0.0,0.0,149.107512337,0.0,100.0,CHARGE
2013-05-12 00:30:00,149.36116,0.060277663,100.0,1,-149.30088233700002,0.060277663,0.0,0.0,149.30088233700002,0.0,100.0,CHARGE
2013-05-12 01:00:00,127.22066,0.067273535,100.0,1,-127.153386465,0.067273535,0.0,0.0,127.153386465,0.0,100.0,CHARGE
2013-05-12 01:30:00,99.12775,0.067273535,100.0,1,-99.06047646500001,0.067273535,0.0,0.0,99.06047646500001,0.0,100.0,CHARGE
2013-05-12 02:00:00,81.20304,0.055193745,100.0,1,-81.147846255,0.055193745,0.0,0.0,81.147846255,0.0,100.0,CHARGE
2013-05-12 02:30:00,68.344,0.057451583,100.0,1,-68.28654841699999,0.057451583,0.0,0.0,68.28654841699999,0.0,100.0,CHARGE
2013-05-12 03:00:00,65.07843,0.065250225,100.0,1,-65.013179775,0.065250225,0.0,0.0,65.013179775,0.0,100.0,CHARGE
2013-05-12 03:30:00,63.172028,0.065250225,100.0,1,-63.106777775,0.065250225,0.0,0.0,63.106777775,0.0,100.0,CHARGE
2013-05-12 04:00:00,63.847878,0.108724125,100.0,1,-63.739153875,0.108724125,0.0,0.0,63.739153875,0.0,100.0,CHARGE
2013-05-12 04:30:00,61.589603,0.108724125,100.0,1,-61.480878874999995,0.108724125,0.0,0.0,61.480878874999995,0.0,100.0,CHARGE
2013-05-12 05:00:00,63.825253,0.108724125,100.0,1,-63.716528874999995,0.108724125,0.0,0.0,63.716528874999995,0.0,100.0,CHARGE
2013-05-12 05:30:00,70.15044,0.108724125,100.0,1,-70.04171587500001,0.108724125,0.0,0.0,70.04171587500001,0.0,100.0,CHARGE
2013-05-12 06:00:00,73.060394,0.108724125,100.0,1,-72.95166987500001,0.108724125,0.0,0.0,72.95166987500001,0.0,100.0,CHARGE
2013-05-12 06:30:00,77.56218,0.33476892,100.0,1,-77.22741108,0.33476892,0.0,0.0,77.22741108,0.0,100.0,CHARGE
2013-05-12 07:00:00,84.74981,0.6519084,100.0,1,-84.0979016,0.6519084,0.0,0.0,84.0979016,0.0,100.0,CHARGE
2013-05-12 07:30:00,102.38014,5.535159,100.0,1,-96.84498099999999,5.535159,0.0,0.0,96.84498099999999,0.0,100.0,CHARGE
2013-05-12 08:00:00,107.24556,22.539125,100.0,1,-84.706435,22.539125,0.0,0.0,84.706435,0.0,100.0,CHARGE
2013-05-12 08:30:00,108.06511,40.51738,100.0,1,-67.54773,40.51738,0.0,0.0,67.54773,0.0,100.0,CHARGE
2013-05-12 09:00:00,112.66052,66.256386,100.0,1,-46.404134,66.256386,0.0,0.0,46.404134,0.0,100.0,CHARGE
2013-05-12 09:30:00,109.99755,85.4881,100.0,1,-24.50945,85.4881,0.0,0.0,24.50945,0.0,100.0,CHARGE
2013-05-12 10:00:00,107.5677,101.11663,100.0,1,-6.451070000000001,101.11663,0.0,0.0,6.451070000000001,0.0,100.0,CHARGE
2013-05-12 10:30:00,104.81747,120.85671,100.0,1,-1.6039240000000008,104.81747,0.0,0.0,0.0,16.039240000000007,100.0,CHARGE
2013-05-12 11:00:00,97.92201,133.37111,100.0,1,-3.544909999999999,97.92201,0.0,0.0,0.0,35.44909999999999,100.0,CHARGE
2013-05-12 11:30:00,92.063965,141.58334,100.0,1,-4.9519375,92.063965,0.0,0.0,0.0,49.519375,100.0,CHARGE
2013-05-12 12:00:00,91.23346,145.63089,100.0,1,-5.439743,91.23346,0.0,0.0,0.0,54.39743,100.0,CHARGE
2013-05-12 12:30:00,91.17662,141.67975,100.0,1,-5.050313000000002,91.17662,0.0,0.0,0.0,50.50313000000001,100.0,CHARGE
2013-05-12 13:00:00,91.31855,134.24907,100.0,1,-4.2930519999999985,91.31855,0.0,0.0,0.0,42.93051999999999,100.0,CHARGE
2013-05-12 13:30:00,82.85646,124.478355,100.0,1,-4.162189499999999,82.85646,0.0,0.0,0.0,41.621894999999995,100.0,CHARGE
2013-05-12 14:00:00,80.21986,115.63899,100.0,1,-3.541913000000001,80.21986,0.0,0.0,0.0,35.41913000000001,100.0,CHARGE
2013-05-12 14:30:00,79.11541,104.405525,100.0,1,-2.5290115,79.11541,0.0,0.0,0.0,25.290115,100.0,CHARGE
2013-05-12 15:00:00,83.06129,80.32467,100.0,1,-2.736620000000002,80.32467,0.0,0.0,2.736620000000002,0.0,100.0,CHARGE
2013-05-12 15:30:00,81.30063,57.997547,100.0,1,-23.303083,57.997547,0.0,0.0,23.303083,0.0,100.0,CHARGE
2013-05-12 16:00:00,89.344406,36.149403,100.0,1,-53.19500300000001,36.149403,0.0,0.0,53.19500300000001,0.0,100.0,CHARGE
2013-05-12 16:30:00,96.46388,15.577278,100.0,1,-80.88660200000001,15.577278,0.0,0.0,80.88660200000001,0.0,100.0,CHARGE
2013-05-12 17:00:00,123.45216,2.19663,100.0,1,-121.25553000000001,2.19663,0.0,0.0,121.25553000000001,0.0,100.0,CHARGE
2013-05-12 17:30:00,149.1509,-0.029985769,100.0,1,-149.180885769,-0.029985769,0.0,0.0,149.180885769,0.0,100.0,CHARGE
2013-05-12 18:00:00,159.42538,-0.06641297,100.0,1,-159.49179296999998,-0.06641297,0.0,0.0,159.49179296999998,0.0,100.0,CHARGE
2013-05-12 18:30:00,147.31516,-0.078691,100.0,1,-147.39385099999998,-0.078691,0.0,0.0,147.39385099999998,0.0,100.0,CHARGE
2013-05-12 19:00:00,141.4552,-0.075781934,100.0,1,-141.53098193399998,-0.075781934,0.0,0.0,141.53098193399998,0.0,100.0,CHARGE
2013-05-12 19:30:00,138.42755,-0.07279488,100.0,1,-138.50034488,-0.07279488,0.0,0.0,138.50034488,0.0,100.0,CHARGE
2013-05-12 20:00:00,132.16722,-0.06354509,100.0,1,-132.23076508999998,-0.06354509,0.0,0.0,132.23076508999998,0.0,100.0,CHARGE
2013-05-12 20:30:00,125.34977,-0.06418639,100.0,1,-125.41395639000001,-0.06418639,0.0,0.0,125.41395639000001,0.0,100.0,CHARGE
2013-05-12 21:00:00,116.30893,-0.059907887,100.0,1,-116.368837887,-0.059907887,0.0,0.0,116.368837887,0.0,100.0,CHARGE
2013-05-12 21:30:00,112.297485,-0.059907887,100.0,1,-112.35739288699999,-0.059907887,0.0,0.0,112.35739288699999,0.0,100.0,CHARGE
2013-05-12 22:00:00,112.11718,-0.038404733,100.0,1,-112.155584733,-0.038404733,0.0,0.0,112.155584733,0.0,100.0,CHARGE
2013-05-12 22:30:00,115.01994,-0.038404733,100.0,1,-115.058344733,-0.038404733,0.0,0.0,115.058344733,0.0,100.0,CHARGE
2013-05-12 23:00:00,118.21232,-0.030108055,100.0,1,-118.242428055,-0.030108055,0.0,0.0,118.242428055,0.0,100.0,CHARGE
2013-05-12 23:30:00,130.79922,-0.030108055,100.0,1,-130.829328055,-0.030108055,0.0,0.0,130.829328055,0.0,100.0,CHARGE
2013-05-13 00:00:00,159.09802,0.008443336,100.0,1,-159.089576664,0.008443336,0.0,0.0,159.089576664,0.0,100.0,CHARGE
2013-05-13 00:30:00,136.92908,0.008443336,100.0,1,-136.920636664,0.008443336,0.0,0.0,136.920636664,0.0,100.0,CHARGE
2013-05-13 01:00:00,120.8844,0.011563166,100.0,1,-120.872836834,0.011563166,0.0,0.0,120.872836834,0.0,100.0,CHARGE
2013-05-13 01:30:00,98.35753,0.011563166,100.0,1,-98.345966834,0.011563166,0.0,0.0,98.345966834,0.0,100.0,CHARGE
2013-05-13 02:00:00,83.06099,0.022246249,100.0,1,-83.038743751,0.022246249,0.0,0.0,83.038743751,0.0,100.0,CHARGE
2013-05-13 02:30:00,67.0008,0.02450409,100.0,1,-66.97629591,0.02450409,0.0,0.0,66.97629591,0.0,100.0,CHARGE
2013-05-13 03:00:00,64.00012,0.020714879,100.0,1,-63.97940512099999,0.020714879,0.0,0.0,63.97940512099999,0.0,100.0,CHARGE
2013-05-13 03:30:00,63.30684,0.020714879,100.0,1,-63.286125121,0.020714879,0.0,0.0,63.286125121,0.0,100.0,CHARGE
2013-05-13 04:00:00,60.915733,0.03590149,100.0,1,-60.87983151,0.03590149,0.0,0.0,60.87983151,0.0,100.0,CHARGE
2013-05-13 04:30:00,62.283302,0.03590149,100.0,1,-62.24740051,0.03590149,0.0,0.0,62.24740051,0.0,100.0,CHARGE
2013-05-13 05:00:00,64.962296,0.06444582,100.0,1,-64.89785017999999,0.06444582,0.0,0.0,64.89785017999999,0.0,100.0,CHARGE
2013-05-13 05:30:00,71.74509,0.06444582,100.0,1,-71.68064418,0.06444582,0.0,0.0,71.68064418,0.0,100.0,CHARGE
2013-05-13 06:00:00,80.67941,0.06155621,100.0,1,-80.61785379,0.06155621,0.0,0.0,80.61785379,0.0,100.0,CHARGE
2013-05-13 06:30:00,99.39999,0.10226326,100.0,1,-99.29772674,0.10226326,0.0,0.0,99.29772674,0.0,100.0,CHARGE
2013-05-13 07:00:00,107.009415,0.43503225,100.0,1,-106.57438275,0.43503225,0.0,0.0,106.57438275,0.0,100.0,CHARGE
2013-05-13 07:30:00,105.83298,5.5603538,100.0,1,-100.2726262,5.5603538,0.0,0.0,100.2726262,0.0,100.0,CHARGE
2013-05-13 08:00:00,102.01748,13.8917885,100.0,1,-88.1256915,13.8917885,0.0,0.0,88.1256915,0.0,100.0,CHARGE
2013-05-13 08:30:00,106.575516,27.485,100.0,1,-79.090516,27.485,0.0,0.0,79.090516,0.0,100.0,CHARGE
2013-05-13 09:00:00,99.8718,34.769947,100.0,1,-65.10185299999999,34.769947,0.0,0.0,65.10185299999999,0.0,100.0,CHARGE
2013-05-13 09:30:00,88.654205,39.97496,100.0,1,-48.679245,39.97496,0.0,0.0,48.679245,0.0,100.0,CHARGE
2013-05-13 10:00:00,86.2146,55.28252,100.0,1,-30.932080000000006,55.28252,0.0,0.0,30.932080000000006,0.0,100.0,CHARGE
2013-05-13 10:30:00,83.00442,59.038357,100.0,1,-23.966063,59.038357,0.0,0.0,23.966063,0.0,100.0,CHARGE
2013-05-13 11:00:00,79.88003,90.66889,100.0,1,-1.078886,79.88003,0.0,0.0,0.0,10.78886,100.0,CHARGE
2013-05-13 11:30:00,77.76262,126.139946,100.0,1,-4.8377326,77.76262,0.0,0.0,0.0,48.377326,100.0,CHARGE
2013-05-13 12:00:00,78.30772,95.41905,100.0,1,-1.7111329999999996,78.30772,0.0,0.0,0.0,17.111329999999995,100.0,CHARGE
2013-05-13 12:30:00,78.39777,100.64114,100.0,1,-2.224337,78.39777,0.0,0.0,0.0,22.24337,100.0,CHARGE
2013-05-13 13:00:00,78.99787,84.62289,100.0,1,-0.5625019999999993,78.99787,0.0,0.0,0.0,5.625019999999992,100.0,CHARGE
2013-05-13 13:30:00,84.14887,68.727005,100.0,1,-15.421864999999997,68.727005,0.0,0.0,15.421864999999997,0.0,100.0,CHARGE
2013-05-13 14:00:00,84.206726,42.498863,100.0,1,-41.707863,42.498863,0.0,0.0,41.707863,0.0,100.0,CHARGE
2013-05-13 14:30:00,83.43183,30.10492,100.0,1,-53.326910000000005,30.10492,0.0,0.0,53.326910000000005,0.0,100.0,CHARGE
2013-05-13 15:00:00,79.25621,26.220108,100.0,1,-53.036102,26.220108,0.0,0.0,53.036102,0.0,100.0,CHARGE
2013-05-13 15:30:00,81.02662,29.527863,100.0,1,-51.498757,29.527863,0.0,0.0,51.498757,0.0,100.0,CHARGE
2013-05-13 16:00:00,90.20329,20.576408,100.0,1,-69.626882,20.576408,0.0,0.0,69.626882,0.0,100.0,CHARGE
2013-05-13 16:30:00,103.75325,10.394512,100.0,1,-93.35873799999999,10.394512,0.0,0.0,93.35873799999999,0.0,100.0,CHARGE
2013-05-13 17:00:00,133.44783,2.3693967,100.0,1,-131.0784333,2.3693967,0.0,0.0,131.0784333,0.0,100.0,CHARGE
2013-05-13 17:30:00,155.912,-0.078920566,100.0,1,-155.990920566,-0.078920566,0.0,0.0,155.990920566,0.0,100.0,CHARGE
2013-05-13 18:00:00,168.05498,-0.16691922,100.0,1,-168.22189922,-0.16691922,0.0,0.0,168.22189922,0.0,100.0,CHARGE
2013-05-13 18:30:00,161.42319,-0.18453565,100.0,1,-161.60772565,-0.18453565,0.0,0.0,161.60772565,0.0,100.0,CHARGE
2013-05-13 19:00:00,146.92249,-0.1804699,100.0,1,-147.1029599,-0.1804699,0.0,0.0,147.1029599,0.0,100.0,CHARGE
2013-05-13 19:30:00,145.47551,-0.17748284,100.0,1,-145.65299284000002,-0.17748284,0.0,0.0,145.65299284000002,0.0,100.0,CHARGE
2013-05-13 20:00:00,149.34966,-0.18552727,100.0,1,-149.53518727,-0.18552727,0.0,0.0,149.53518727,0.0,100.0,CHARGE
2013-05-13 20:30:00,134.35287,-0.18616855,100.0,1,-134.53903855,-0.18616855,0.0,0.0,134.53903855,0.0,100.0,CHARGE
2013-05-13 21:00:00,126.67383,-0.18077603,100.0,1,-126.85460603,-0.18077603,0.0,0.0,126.85460603,0.0,100.0,CHARGE
2013-05-13 21:30:00,117.75529,-0.18077603,100.0,1,-117.93606603,-0.18077603,0.0,0.0,117.93606603,0.0,100.0,CHARGE
2013-05-13 22:00:00,118.89805,-0.1886083,100.0,1,-119.0866583,-0.1886083,0.0,0.0,119.0866583,0.0,100.0,CHARGE
2013-05-13 22:30:00,116.92983,-0.1886083,100.0,1,-117.1184383,-0.1886083,0.0,0.0,117.1184383,0.0,100.0,CHARGE
2013-05-13 23:00:00,121.51736,0.011645461,100.0,1,-121.505714539,0.011645461,0.0,0.0,121.505714539,0.0,100.0,CHARGE
2013-05-13 23:30:00,142.73888,0.011645461,100.0,1,-142.727234539,0.011645461,0.0,0.0,142.727234539,0.0,100.0,CHARGE
2013-05-14 00:00:00,169.9678,0.003195341,100.0,1,-169.964604659,0.003195341,0.0,0.0,169.964604659,0.0,100.0,CHARGE
2013-05-14 00:30:00,149.0929,0.003195341,100.0,1,-149.08970465899998,0.003195341,0.0,0.0,149.08970465899998,0.0,100.0,CHARGE
2013-05-14 01:00:00,127.902016,-0.07536044,100.0,1,-127.97737644,-0.07536044,0.0,0.0,127.97737644,0.0,100.0,CHARGE
2013-05-14 01:30:00,95.37534,-0.07536044,100.0,1,-95.45070043999999,-0.07536044,0.0,0.0,95.45070043999999,0.0,100.0,CHARGE
2013-05-14 02:00:00,89.12477,-0.07536044,100.0,1,-89.20013044,-0.07536044,0.0,0.0,89.20013044,0.0,100.0,CHARGE
2013-05-14 02:30:00,68.65513,-0.07709562,100.0,1,-68.73222562,-0.07709562,0.0,0.0,68.73222562,0.0,100.0,CHARGE
2013-05-14 03:00:00,66.184875,-0.070369944,100.0,1,-66.25524494400001,-0.070369944,0.0,0.0,66.25524494400001,0.0,100.0,CHARGE
2013-05-14 03:30:00,65.85359,-0.070369944,100.0,1,-65.923959944,-0.070369944,0.0,0.0,65.923959944,0.0,100.0,CHARGE
2013-05-14 04:00:00,63.473156,-0.055183277,100.0,1,-63.528339277,-0.055183277,0.0,0.0,63.528339277,0.0,100.0,CHARGE
2013-05-14 04:30:00,64.80983,-0.055183277,100.0,1,-64.865013277,-0.055183277,0.0,0.0,64.865013277,0.0,100.0,CHARGE
2013-05-14 05:00:00,66.88435,-0.061908964,100.0,1,-66.946258964,-0.061908964,0.0,0.0,66.946258964,0.0,100.0,CHARGE
2013-05-14 05:30:00,70.33964,-0.061908964,100.0,1,-70.401548964,-0.061908964,0.0,0.0,70.401548964,0.0,100.0,CHARGE
2013-05-14 06:00:00,81.8433,-0.061908964,100.0,1,-81.905208964,-0.061908964,0.0,0.0,81.905208964,0.0,100.0,CHARGE
2013-05-14 06:30:00,95.732346,-0.09265069,100.0,1,-95.82499669,-0.09265069,0.0,0.0,95.82499669,0.0,100.0,CHARGE
2013-05-14 07:00:00,109.55103,0.053337336,100.0,1,-109.497692664,0.053337336,0.0,0.0,109.497692664,0.0,100.0,CHARGE
2013-05-14 07:30:00,107.06581,2.4186144,100.0,1,-104.6471956,2.4186144,0.0,0.0,104.6471956,0.0,100.0,CHARGE
2013-05-14 08:00:00,107.54669,3.3198903,100.0,1,-104.2267997,3.3198903,0.0,0.0,104.2267997,0.0,100.0,CHARGE
2013-05-14 08:30:00,108.84737,7.7109723,100.0,1,-101.1363977,7.7109723,0.0,0.0,101.1363977,0.0,100.0,CHARGE
2013-05-14 09:00:00,99.697556,10.524836,100.0,1,-89.17272,10.524836,0.0,0.0,89.17272,0.0,100.0,CHARGE
2013-05-14 09:30:00,93.28321,10.284404,100.0,1,-82.998806,10.284404,0.0,0.0,82.998806,0.0,100.0,CHARGE
2013-05-14 10:00:00,87.72627,20.606062,100.0,1,-67.12020799999999,20.606062,0.0,0.0,67.12020799999999,0.0,100.0,CHARGE
2013-05-14 10:30:00,89.266136,43.161045,100.0,1,-46.105091,43.161045,0.0,0.0,46.105091,0.0,100.0,CHARGE
2013-05-14 11:00:00,88.95983,82.45649,100.0,1,-6.503339999999994,82.45649,0.0,0.0,6.503339999999994,0.0,100.0,CHARGE
2013-05-14 11:30:00,88.700966,91.23636,100.0,1,-0.2535394000000011,88.700966,0.0,0.0,0.0,2.535394000000011,100.0,CHARGE
2013-05-14 12:00:00,89.227554,108.444275,100.0,1,-1.9216721000000008,89.227554,0.0,0.0,0.0,19.216721000000007,100.0,CHARGE
2013-05-14 12:30:00,88.23812,112.70472,100.0,1,-2.44666,88.23812,0.0,0.0,0.0,24.4666,100.0,CHARGE
2013-05-14 13:00:00,80.565216,126.481674,100.0,1,-4.591645799999999,80.565216,0.0,0.0,0.0,45.91645799999999,100.0,CHARGE
2013-05-14 13:30:00,76.241615,125.66706,100.0,1,-4.942544500000001,76.241615,0.0,0.0,0.0,49.42544500000001,100.0,CHARGE
2013-05-14 14:00:00,74.53981,118.04593,100.0,1,-4.350612,74.53981,0.0,0.0,0.0,43.506119999999996,100.0,CHARGE
2013-05-14 14:30:00,72.9047,104.56533,100.0,1,-3.166063,72.9047,0.0,0.0,0.0,31.660629999999998,100.0,CHARGE
2013-05-14 15:00:00,74.29949,76.72632,100.0,1,-0.24268299999999954,74.29949,0.0,0.0,0.0,2.4268299999999954,100.0,CHARGE
2013-05-14 15:30:00,78.82684,51.161335,100.0,1,-27.665505000000003,51.161335,0.0,0.0,27.665505000000003,0.0,100.0,CHARGE
2013-05-14 16:00:00,80.9609,34.14874,100.0,1,-46.81216,34.14874,0.0,0.0,46.81216,0.0,100.0,CHARGE
2013-05-14 16:30:00,91.45344,13.351493,100.0,1,-78.101947,13.351493,0.0,0.0,78.101947,0.0,100.0,CHARGE
2013-05-14 17:00:00,129.08583,1.7254782,100.0,1,-127.36035179999999,1.7254782,0.0,0.0,127.36035179999999,0.0,100.0,CHARGE
2013-05-14 17:30:00,158.20265,0.29064906,100.0,1,-157.91200094,0.29064906,0.0,0.0,157.91200094,0.0,100.0,CHARGE
2013-05-14 18:00:00,169.18707,0.17101988,100.0,1,-169.01605012000002,0.17101988,0.0,0.0,169.01605012000002,0.0,100.0,CHARGE
2013-05-14 18:30:00,158.11723,0.14100577,100.0,1,-157.97622423,0.14100577,0.0,0.0,157.97622423,0.0,100.0,CHARGE
2013-05-14 19:00:00,147.39476,0.052743424,100.0,1,-147.342016576,0.052743424,0.0,0.0,147.342016576,0.0,100.0,CHARGE
2013-05-14 19:30:00,150.59254,0.05550844,100.0,1,-150.53703156,0.05550844,0.0,0.0,150.53703156,0.0,100.0,CHARGE
2013-05-14 20:00:00,154.32867,0.05648927,100.0,1,-154.27218073,0.05648927,0.0,0.0,154.27218073,0.0,100.0,CHARGE
2013-05-14 20:30:00,148.3591,0.055847984,100.0,1,-148.30325201600002,0.055847984,0.0,0.0,148.30325201600002,0.0,100.0,CHARGE
2013-05-14 21:00:00,138.29971,0.095809944,100.0,1,-138.203900056,0.095809944,0.0,0.0,138.203900056,0.0,100.0,CHARGE
2013-05-14 21:30:00,121.97572,0.095809944,100.0,1,-121.879910056,0.095809944,0.0,0.0,121.879910056,0.0,100.0,CHARGE
2013-05-14 22:00:00,127.26991,0.07910224,100.0,1,-127.19080776,0.07910224,0.0,0.0,127.19080776,0.0,100.0,CHARGE
2013-05-14 22:30:00,133.36018,0.07910224,100.0,1,-133.28107776000002,0.07910224,0.0,0.0,133.28107776000002,0.0,100.0,CHARGE
2013-05-14 23:00:00,120.95133,0.00810116,100.0,1,-120.94322884,0.00810116,0.0,0.0,120.94322884,0.0,100.0,CHARGE
2013-05-14 23:30:00,157.21176,0.00810116,100.0,1,-157.20365884,0.00810116,0.0,0.0,157.20365884,0.0,100.0,CHARGE
2013-05-15 00:00:00,161.33734,-0.0039216504,100.0,1,-161.3412616504,-0.0039216504,0.0,0.0,161.3412616504,0.0,100.0,CHARGE
2013-05-15 00:30:00,154.88756,-0.0039216504,100.0,1,-154.8914816504,-0.0039216504,0.0,0.0,154.8914816504,0.0,100.0,CHARGE
2013-05-15 01:00:00,130.96544,-0.0039216504,100.0,1,-130.9693616504,-0.0039216504,0.0,0.0,130.9693616504,0.0,100.0,CHARGE
2013-05-15 01:30:00,111.60394,-0.0039216504,100.0,1,-111.6078616504,-0.0039216504,0.0,0.0,111.6078616504,0.0,100.0,CHARGE
2013-05-15 02:00:00,96.318436,-0.0017576285,100.0,1,-96.32019362850001,-0.0017576285,0.0,0.0,96.32019362850001,0.0,100.0,CHARGE
2013-05-15 02:30:00,77.40159,0.00050021254,100.0,1,-77.40108978746,0.00050021254,0.0,0.0,77.40108978746,0.0,100.0,CHARGE
2013-05-15 03:00:00,66.80205,0.034984477,100.0,1,-66.767065523,0.034984477,0.0,0.0,66.767065523,0.0,100.0,CHARGE
2013-05-15 03:30:00,66.45281,0.034984477,100.0,1,-66.417825523,0.034984477,0.0,0.0,66.417825523,0.0,100.0,CHARGE
2013-05-15 04:00:00,69.048645,0.050037242,100.0,1,-68.99860775799999,0.050037242,0.0,0.0,68.99860775799999,0.0,100.0,CHARGE
2013-05-15 04:30:00,66.46367,0.050037242,100.0,1,-66.41363275799999,0.050037242,0.0,0.0,66.41363275799999,0.0,100.0,CHARGE
2013-05-15 05:00:00,68.28471,0.050037242,100.0,1,-68.234672758,0.050037242,0.0,0.0,68.234672758,0.0,100.0,CHARGE
2013-05-15 05:30:00,73.718056,0.050037242,100.0,1,-73.668018758,0.050037242,0.0,0.0,73.668018758,0.0,100.0,CHARGE
2013-05-15 06:00:00,88.7422,0.050037242,100.0,1,-88.692162758,0.050037242,0.0,0.0,88.692162758,0.0,100.0,CHARGE
2013-05-15 06:30:00,123.26471,0.08583952,100.0,1,-123.17887048,0.08583952,0.0,0.0,123.17887048,0.0,100.0,CHARGE
2013-05-15 07:00:00,133.70363,0.5042033,100.0,1,-133.1994267,0.5042033,0.0,0.0,133.1994267,0.0,100.0,CHARGE
2013-05-15 07:30:00,130.05832,5.268432,100.0,1,-124.789888,5.268432,0.0,0.0,124.789888,0.0,100.0,CHARGE
2013-05-15 08:00:00,114.13846,21.735003,100.0,1,-92.403457,21.735003,0.0,0.0,92.403457,0.0,100.0,CHARGE
2013-05-15 08:30:00,106.14875,43.800175,100.0,1,-62.348575000000004,43.800175,0.0,0.0,62.348575000000004,0.0,100.0,CHARGE
2013-05-15 09:00:00,99.62922,69.70819,100.0,1,-29.921030000000002,69.70819,0.0,0.0,29.921030000000002,0.0,100.0,CHARGE
2013-05-15 09:30:00,91.02404,93.74119,100.0,1,-0.2717150000000004,91.02404,0.0,0.0,0.0,2.7171500000000037,100.0,CHARGE
2013-05-15 10:00:00,88.02154,113.3362,100.0,1,-2.5314660000000004,88.02154,0.0,0.0,0.0,25.314660000000003,100.0,CHARGE
2013-05-15 10:30:00,86.80886,132.40755,100.0,1,-4.559868999999999,86.80886,0.0,0.0,0.0,45.59868999999999,100.0,CHARGE
2013-05-15 11:00:00,82.91181,139.58832,100.0,1,-5.667651000000001,82.91181,0.0,0.0,0.0,56.67651000000001,100.0,CHARGE
2013-05-15 11:30:00,78.57031,147.1169,100.0,1,-6.854658999999998,78.57031,0.0,0.0,0.0,68.54658999999998,100.0,CHARGE
2013-05-15 12:00:00,79.490265,150.54353,100.0,1,-7.105326500000001,79.490265,0.0,0.0,0.0,71.05326500000001,100.0,CHARGE
2013-05-15 12:30:00,82.14174,149.90024,100.0,1,-6.77585,82.14174,0.0,0.0,0.0,67.7585,100.0,CHARGE
2013-05-15 13:00:00,75.31827,147.4093,100.0,1,-7.209103000000001,75.31827,0.0,0.0,0.0,72.09103,100.0,CHARGE
2013-05-15 13:30:00,74.44691,138.2095,100.0,1,-6.376258999999999,74.44691,0.0,0.0,0.0,63.76258999999999,100.0,CHARGE
2013-05-15 14:00:00,71.473915,113.59231,100.0,1,-4.211839499999999,71.473915,0.0,0.0,0.0,42.11839499999999,100.0,CHARGE
2013-05-15 14:30:00,71.33462,101.35114,100.0,1,-3.001652,71.33462,0.0,0.0,0.0,30.01652,100.0,CHARGE
2013-05-15 15:00:00,72.9688,76.871574,100.0,1,-0.3902773999999994,72.9688,0.0,0.0,0.0,3.9027739999999937,100.0,CHARGE
2013-05-15 15:30:00,78.19748,52.76047,100.0,1,-25.43701,52.76047,0.0,0.0,25.43701,0.0,100.0,CHARGE
2013-05-15 16:00:00,87.62601,28.758371,100.0,1,-58.867639,28.758371,0.0,0.0,58.867639,0.0,100.0,CHARGE
2013-05-15 16:30:00,109.81217,10.154691,100.0,1,-99.657479,10.154691,0.0,0.0,99.657479,0.0,100.0,CHARGE
2013-05-15 17:00:00,136.82909,1.5908573,100.0,1,-135.2382327,1.5908573,0.0,0.0,135.2382327,0.0,100.0,CHARGE
2013-05-15 17:30:00,162.57787,0.243454,100.0,1,-162.33441599999998,0.243454,0.0,0.0,162.33441599999998,0.0,100.0,CHARGE
2013-05-15 18:00:00,169.55418,0.13667202,100.0,1,-169.41750798,0.13667202,0.0,0.0,169.41750798,0.0,100.0,CHARGE
2013-05-15 18:30:00,169.82753,0.13034385,100.0,1,-169.69718615,0.13034385,0.0,0.0,169.69718615,0.0,100.0,CHARGE
2013-05-15 19:00:00,162.44022,0.061320864,100.0,1,-162.378899136,0.061320864,0.0,0.0,162.378899136,0.0,100.0,CHARGE
2013-05-15 19:30:00,147.33011,0.058989376,100.0,1,-147.271120624,0.058989376,0.0,0.0,147.271120624,0.0,100.0,CHARGE
2013-05-15 20:00:00,155.59448,-0.01569518,100.0,1,-155.61017518,-0.01569518,0.0,0.0,155.61017518,0.0,100.0,CHARGE
2013-05-15 20:30:00,155.89565,-0.016336465,100.0,1,-155.91198646499998,-0.016336465,0.0,0.0,155.91198646499998,0.0,100.0,CHARGE
2013-05-15 21:00:00,142.52417,0.042458624,100.0,1,-142.481711376,0.042458624,0.0,0.0,142.481711376,0.0,100.0,CHARGE
2013-05-15 21:30:00,132.76363,0.042458624,100.0,1,-132.721171376,0.042458624,0.0,0.0,132.721171376,0.0,100.0,CHARGE
2013-05-15 22:00:00,124.19816,-0.037247166,100.0,1,-124.235407166,-0.037247166,0.0,0.0,124.235407166,0.0,100.0,CHARGE
2013-05-15 22:30:00,133.88701,-0.037247166,100.0,1,-133.924257166,-0.037247166,0.0,0.0,133.924257166,0.0,100.0,CHARGE
2013-05-15 23:00:00,126.98353,-0.012123612,100.0,1,-126.995653612,-0.012123612,0.0,0.0,126.995653612,0.0,100.0,CHARGE
2013-05-15 23:30:00,157.1125,-0.012123612,100.0,1,-157.12462361200002,-0.012123612,0.0,0.0,157.12462361200002,0.0,100.0,CHARGE
2013-05-16 00:00:00,175.93877,-0.02483542,100.0,1,-175.96360542,-0.02483542,0.0,0.0,175.96360542,0.0,100.0,CHARGE
2013-05-16 00:30:00,154.75206,-0.02483542,100.0,1,-154.77689542,-0.02483542,0.0,0.0,154.77689542,0.0,100.0,CHARGE
2013-05-16 01:00:00,129.63263,0.07962186,100.0,1,-129.55300814,0.07962186,0.0,0.0,129.55300814,0.0,100.0,CHARGE
2013-05-16 01:30:00,101.686806,0.07962186,100.0,1,-101.60718414,0.07962186,0.0,0.0,101.60718414,0.0,100.0,CHARGE
2013-05-16 02:00:00,90.93348,0.042027775,100.0,1,-90.89145222500001,0.042027775,0.0,0.0,90.89145222500001,0.0,100.0,CHARGE
2013-05-16 02:30:00,69.28035,0.044285614,100.0,1,-69.236064386,0.044285614,0.0,0.0,69.236064386,0.0,100.0,CHARGE
2013-05-16 03:00:00,66.2579,0.035235837,100.0,1,-66.222664163,0.035235837,0.0,0.0,66.222664163,0.0,100.0,CHARGE
2013-05-16 03:30:00,66.866684,0.035235837,100.0,1,-66.831448163,0.035235837,0.0,0.0,66.831448163,0.0,100.0,CHARGE
2013-05-16 04:00:00,66.0243,0.044823922,100.0,1,-65.97947607799999,0.044823922,0.0,0.0,65.97947607799999,0.0,100.0,CHARGE
2013-05-16 04:30:00,66.21156,0.044823922,100.0,1,-66.166736078,0.044823922,0.0,0.0,66.166736078,0.0,100.0,CHARGE
2013-05-16 05:00:00,67.97922,0.059905834,100.0,1,-67.91931416599999,0.059905834,0.0,0.0,67.91931416599999,0.0,100.0,CHARGE
2013-05-16 05:30:00,73.6394,0.059905834,100.0,1,-73.57949416599999,0.059905834,0.0,0.0,73.57949416599999,0.0,100.0,CHARGE
2013-05-16 06:00:00,86.59692,0.046707865,100.0,1,-86.550212135,0.046707865,0.0,0.0,86.550212135,0.0,100.0,CHARGE
2013-05-16 06:30:00,112.30481,0.094343565,100.0,1,-112.210466435,0.094343565,0.0,0.0,112.210466435,0.0,100.0,CHARGE
2013-05-16 07:00:00,118.236465,0.7015583,100.0,1,-117.5349067,0.7015583,0.0,0.0,117.5349067,0.0,100.0,CHARGE
2013-05-16 07:30:00,117.7936,5.1923666,100.0,1,-112.6012334,5.1923666,0.0,0.0,112.6012334,0.0,100.0,CHARGE
2013-05-16 08:00:00,110.850494,17.986559,100.0,1,-92.863935,17.986559,0.0,0.0,92.863935,0.0,100.0,CHARGE
2013-05-16 08:30:00,103.98835,40.100502,100.0,1,-63.887848,40.100502,0.0,0.0,63.887848,0.0,100.0,CHARGE
2013-05-16 09:00:00,93.87794,68.2848,100.0,1,-25.59313999999999,68.2848,0.0,0.0,25.59313999999999,0.0,100.0,CHARGE
2013-05-16 09:30:00,98.346245,92.7855,100.0,1,-5.560744999999997,92.7855,0.0,0.0,5.560744999999997,0.0,100.0,CHARGE
2013-05-16 10:00:00,82.4045,111.30756,100.0,1,-2.890306,82.4045,0.0,0.0,0.0,28.903059999999996,100.0,CHARGE
2013-05-16 10:30:00,77.20178,126.90047,100.0,1,-4.969869,77.20178,0.0,0.0,0.0,49.69869,100.0,CHARGE
2013-05-16 11:00:00,75.39882,136.33769,100.0,1,-6.093887000000001,75.39882,0.0,0.0,0.0,60.93887000000001,100.0,CHARGE
2013-05-16 11:30:00,77.949265,143.8798,100.0,1,-6.5930535,77.949265,0.0,0.0,0.0,65.93053499999999,100.0,CHARGE
2013-05-16 12:00:00,77.65638,117.60009,100.0,1,-3.9943709999999997,77.65638,0.0,0.0,0.0,39.943709999999996,100.0,CHARGE
2013-05-16 12:30:00,83.21194,109.062355,100.0,1,-2.5850415,83.21194,0.0,0.0,0.0,25.850414999999998,100.0,CHARGE
2013-05-16 13:00:00,82.89185,103.991325,100.0,1,-2.1099475,82.89185,0.0,0.0,0.0,21.099474999999998,100.0,CHARGE
2013-05-16 13:30:00,77.262825,101.44122,100.0,1,-2.4178394999999995,77.262825,0.0,0.0,0.0,24.178394999999995,100.0,CHARGE
2013-05-16 14:00:00,74.97161,94.56742,100.0,1,-1.959581,74.97161,0.0,0.0,0.0,19.59581,100.0,CHARGE
2013-05-16 14:30:00,76.25579,65.464386,100.0,1,-10.791404,65.464386,0.0,0.0,10.791404,0.0,100.0,CHARGE
2013-05-16 15:00:00,79.39993,45.21245,100.0,1,-34.18748,45.21245,0.0,0.0,34.18748,0.0,100.0,CHARGE
2013-05-16 15:30:00,86.56565,39.449482,100.0,1,-47.116168,39.449482,0.0,0.0,47.116168,0.0,100.0,CHARGE
2013-05-16 16:00:00,88.98529,27.597506,100.0,1,-61.38778400000001,27.597506,0.0,0.0,61.38778400000001,0.0,100.0,CHARGE
2013-05-16 16:30:00,98.75561,11.33953,100.0,1,-87.41608000000001,11.33953,0.0,0.0,87.41608000000001,0.0,100.0,CHARGE
2013-05-16 17:00:00,129.76917,2.4799395,100.0,1,-127.2892305,2.4799395,0.0,0.0,127.2892305,0.0,100.0,CHARGE
2013-05-16 17:30:00,152.7289,0.57820004,100.0,1,-152.15069996,0.57820004,0.0,0.0,152.15069996,0.0,100.0,CHARGE
2013-05-16 18:00:00,175.04366,0.35918164,100.0,1,-174.68447835999999,0.35918164,0.0,0.0,174.68447835999999,0.0,100.0,CHARGE
2013-05-16 18:30:00,170.98918,0.32495707,100.0,1,-170.66422293,0.32495707,0.0,0.0,170.66422293,0.0,100.0,CHARGE
2013-05-16 19:00:00,154.31343,0.32409468,100.0,1,-153.98933532,0.32409468,0.0,0.0,153.98933532,0.0,100.0,CHARGE
2013-05-16 19:30:00,149.47813,0.32176322,100.0,1,-149.15636677999998,0.32176322,0.0,0.0,149.15636677999998,0.0,100.0,CHARGE
2013-05-16 20:00:00,154.4905,0.08030734,100.0,1,-154.41019266,0.08030734,0.0,0.0,154.41019266,0.0,100.0,CHARGE
2013-05-16 20:30:00,151.30112,0.07980909,100.0,1,-151.22131091,0.07980909,0.0,0.0,151.22131091,0.0,100.0,CHARGE
2013-05-16 21:00:00,145.15475,0.124973685,100.0,1,-145.02977631500002,0.124973685,0.0,0.0,145.02977631500002,0.0,100.0,CHARGE
2013-05-16 21:30:00,141.28218,0.124973685,100.0,1,-141.15720631500002,0.124973685,0.0,0.0,141.15720631500002,0.0,100.0,CHARGE
2013-05-16 22:00:00,141.12592,0.07303102,100.0,1,-141.05288898,0.07303102,0.0,0.0,141.05288898,0.0,100.0,CHARGE
2013-05-16 22:30:00,137.09444,0.071228415,100.0,1,-137.02321158499998,0.071228415,0.0,0.0,137.02321158499998,0.0,100.0,CHARGE
2013-05-16 23:00:00,134.18304,0.0313436,100.0,1,-134.1516964,0.0313436,0.0,0.0,134.1516964,0.0,100.0,CHARGE
2013-05-16 23:30:00,164.83047,0.029540991,100.0,1,-164.800929009,0.029540991,0.0,0.0,164.800929009,0.0,100.0,CHARGE
2013-05-17 00:00:00,183.04149,0.032982163,100.0,1,-183.008507837,0.032982163,0.0,0.0,183.008507837,0.0,100.0,CHARGE
2013-05-17 00:30:00,158.61389,0.034383073,100.0,1,-158.579506927,0.034383073,0.0,0.0,158.579506927,0.0,100.0,CHARGE
2013-05-17 01:00:00,130.49147,0.15161403,100.0,1,-130.33985597,0.15161403,0.0,0.0,130.33985597,0.0,100.0,CHARGE
2013-05-17 01:30:00,95.91803,0.15161403,100.0,1,-95.76641597,0.15161403,0.0,0.0,95.76641597,0.0,100.0,CHARGE
2013-05-17 02:00:00,79.572266,0.11913472,100.0,1,-79.45313128,0.11913472,0.0,0.0,79.45313128,0.0,100.0,CHARGE
2013-05-17 02:30:00,71.91796,0.12139256,100.0,1,-71.79656743999999,0.12139256,0.0,0.0,71.79656743999999,0.0,100.0,CHARGE
2013-05-17 03:00:00,67.999756,0.14232585,100.0,1,-67.85743015,0.14232585,0.0,0.0,67.85743015,0.0,100.0,CHARGE
2013-05-17 03:30:00,66.98841,0.14232585,100.0,1,-66.84608415,0.14232585,0.0,0.0,66.84608415,0.0,100.0,CHARGE
2013-05-17 04:00:00,65.55602,0.06816396,100.0,1,-65.48785604,0.06816396,0.0,0.0,65.48785604,0.0,100.0,CHARGE
2013-05-17 04:30:00,67.03965,0.06636134,100.0,1,-66.97328866,0.06636134,0.0,0.0,66.97328866,0.0,100.0,CHARGE
2013-05-17 05:00:00,67.62855,0.058106065,100.0,1,-67.570443935,0.058106065,0.0,0.0,67.570443935,0.0,100.0,CHARGE
2013-05-17 05:30:00,73.59042,0.056303456,100.0,1,-73.534116544,0.056303456,0.0,0.0,73.534116544,0.0,100.0,CHARGE
2013-05-17 06:00:00,92.87322,0.036705732,100.0,1,-92.836514268,0.036705732,0.0,0.0,92.836514268,0.0,100.0,CHARGE
2013-05-17 06:30:00,104.29393,0.070705414,100.0,1,-104.223224586,0.070705414,0.0,0.0,104.223224586,0.0,100.0,CHARGE
2013-05-17 07:00:00,115.777695,0.60966337,100.0,1,-115.16803162999999,0.60966337,0.0,0.0,115.16803162999999,0.0,100.0,CHARGE
2013-05-17 07:30:00,118.489006,5.1564283,100.0,1,-113.3325777,5.1564283,0.0,0.0,113.3325777,0.0,100.0,CHARGE
2013-05-17 08:00:00,127.33462,24.400742,100.0,1,-102.93387799999999,24.400742,0.0,0.0,102.93387799999999,0.0,100.0,CHARGE
2013-05-17 08:30:00,112.02891,42.535984,100.0,1,-69.492926,42.535984,0.0,0.0,69.492926,0.0,100.0,CHARGE
2013-05-17 09:00:00,100.37553,71.01605,100.0,1,-29.35947999999999,71.01605,0.0,0.0,29.35947999999999,0.0,100.0,CHARGE
2013-05-17 09:30:00,94.42755,95.03662,100.0,1,-0.060907000000000266,94.42755,0.0,0.0,0.0,0.6090700000000027,100.0,CHARGE
2013-05-17 10:00:00,81.507965,113.54771,100.0,1,-3.2039744999999997,81.507965,0.0,0.0,0.0,32.039744999999996,100.0,CHARGE
2013-05-17 10:30:00,81.747246,130.73967,100.0,1,-4.8992423999999986,81.747246,0.0,0.0,0.0,48.992423999999986,100.0,CHARGE
2013-05-17 11:00:00,81.842896,137.78993,100.0,1,-5.5947034,81.842896,0.0,0.0,0.0,55.947034,100.0,CHARGE
2013-05-17 11:30:00,88.316666,145.32312,100.0,1,-5.700645399999999,88.316666,0.0,0.0,0.0,57.00645399999999,100.0,CHARGE
2013-05-17 12:00:00,80.65909,153.65747,100.0,1,-7.2998379999999985,80.65909,0.0,0.0,0.0,72.99837999999998,100.0,CHARGE
2013-05-17 12:30:00,76.34794,151.00667,100.0,1,-7.465873000000002,76.34794,0.0,0.0,0.0,74.65873000000002,100.0,CHARGE
2013-05-17 13:00:00,78.08511,147.51727,100.0,1,-6.943216,78.08511,0.0,0.0,0.0,69.43216,100.0,CHARGE
2013-05-17 13:30:00,74.53968,138.83823,100.0,1,-6.429855000000001,74.53968,0.0,0.0,0.0,64.29855,100.0,CHARGE
2013-05-17 14:00:00,74.57999,116.45802,100.0,1,-4.1878030000000015,74.57999,0.0,0.0,0.0,41.87803000000001,100.0,CHARGE
2013-05-17 14:30:00,75.01647,102.90818,100.0,1,-2.7891710000000005,75.01647,0.0,0.0,0.0,27.891710000000003,100.0,CHARGE
2013-05-17 15:00:00,75.47833,82.599724,100.0,1,-0.7121393999999995,75.47833,0.0,0.0,0.0,7.121393999999995,100.0,CHARGE
2013-05-17 15:30:00,79.96407,55.417484,100.0,1,-24.546586000000005,55.417484,0.0,0.0,24.546586000000005,0.0,100.0,CHARGE
2013-05-17 16:00:00,87.608315,32.011215,100.0,1,-55.597100000000005,32.011215,0.0,0.0,55.597100000000005,0.0,100.0,CHARGE
2013-05-17 16:30:00,109.95102,14.161778,100.0,1,-95.789242,14.161778,0.0,0.0,95.789242,0.0,100.0,CHARGE
2013-05-17 17:00:00,133.40729,2.1063218,100.0,1,-131.3009682,2.1063218,0.0,0.0,131.3009682,0.0,100.0,CHARGE
2013-05-17 17:30:00,162.60103,0.14863059,100.0,1,-162.45239941,0.14863059,0.0,0.0,162.45239941,0.0,100.0,CHARGE
2013-05-17 18:00:00,181.42769,0.01935528,100.0,1,-181.40833472,0.01935528,0.0,0.0,181.40833472,0.0,100.0,CHARGE
2013-05-17 18:30:00,173.22765,-0.016671853,100.0,1,-173.244321853,-0.016671853,0.0,0.0,173.244321853,0.0,100.0,CHARGE
2013-05-17 19:00:00,162.74686,-0.012438622,100.0,1,-162.759298622,-0.012438622,0.0,0.0,162.759298622,0.0,100.0,CHARGE
2013-05-17 19:30:00,155.33269,-0.016572684,100.0,1,-155.34926268400002,-0.016572684,0.0,0.0,155.34926268400002,0.0,100.0,CHARGE
2013-05-17 20:00:00,159.39326,0.022211244,100.0,1,-159.371048756,0.022211244,0.0,0.0,159.371048756,0.0,100.0,CHARGE
2013-05-17 20:30:00,159.06735,0.019767353,100.0,1,-159.047582647,0.019767353,0.0,0.0,159.047582647,0.0,100.0,CHARGE
2013-05-17 21:00:00,151.33937,0.076500155,100.0,1,-151.262869845,0.076500155,0.0,0.0,151.262869845,0.0,100.0,CHARGE
2013-05-17 21:30:00,147.40959,0.07469755,100.0,1,-147.33489245,0.07469755,0.0,0.0,147.33489245,0.0,100.0,CHARGE
2013-05-17 22:00:00,144.64026,0.058669616,100.0,1,-144.581590384,0.058669616,0.0,0.0,144.581590384,0.0,100.0,CHARGE
2013-05-17 22:30:00,141.02739,0.05686701,100.0,1,-140.97052299,0.05686701,0.0,0.0,140.97052299,0.0,100.0,CHARGE
2013-05-17 23:00:00,135.0862,0.06504676,100.0,1,-135.02115324,0.06504676,0.0,0.0,135.02115324,0.0,100.0,CHARGE
2013-05-17 23:30:00,173.4633,0.06504676,100.0,1,-173.39825324,0.06504676,0.0,0.0,173.39825324,0.0,100.0,CHARGE
2013-05-18 00:00:00,169.93774,0.07037486,100.0,1,-169.86736514,0.07037486,0.0,0.0,169.86736514,0.0,100.0,CHARGE
2013-05-18 00:30:00,163.63011,0.07357839,100.0,1,-163.55653161,0.07357839,0.0,0.0,163.55653161,0.0,100.0,CHARGE
2013-05-18 01:00:00,136.2564,0.089600265,100.0,1,-136.166799735,0.089600265,0.0,0.0,136.166799735,0.0,100.0,CHARGE
2013-05-18 01:30:00,106.3283,0.089600265,100.0,1,-106.238699735,0.089600265,0.0,0.0,106.238699735,0.0,100.0,CHARGE
2013-05-18 02:00:00,86.34088,0.038903624,100.0,1,-86.301976376,0.038903624,0.0,0.0,86.301976376,0.0,100.0,CHARGE
2013-05-18 02:30:00,70.78771,0.041161463,100.0,1,-70.74654853700001,0.041161463,0.0,0.0,70.74654853700001,0.0,100.0,CHARGE
2013-05-18 03:00:00,69.215645,0.052036833,100.0,1,-69.16360816699999,0.052036833,0.0,0.0,69.16360816699999,0.0,100.0,CHARGE
2013-05-18 03:30:00,67.11402,0.052036833,100.0,1,-67.061983167,0.052036833,0.0,0.0,67.061983167,0.0,100.0,CHARGE
2013-05-18 04:00:00,66.616455,0.06722356,100.0,1,-66.54923144,0.06722356,0.0,0.0,66.54923144,0.0,100.0,CHARGE
2013-05-18 04:30:00,67.02219,0.06722356,100.0,1,-66.95496643999999,0.06722356,0.0,0.0,66.95496643999999,0.0,100.0,CHARGE
2013-05-18 05:00:00,69.03078,0.05800058,100.0,1,-68.97277942,0.05800058,0.0,0.0,68.97277942,0.0,100.0,CHARGE
2013-05-18 05:30:00,72.33089,0.05800058,100.0,1,-72.27288942,0.05800058,0.0,0.0,72.27288942,0.0,100.0,CHARGE
2013-05-18 06:00:00,77.58814,0.056772564,100.0,1,-77.531367436,0.056772564,0.0,0.0,77.531367436,0.0,100.0,CHARGE
2013-05-18 06:30:00,86.27754,0.18839845,100.0,1,-86.08914155000001,0.18839845,0.0,0.0,86.08914155000001,0.0,100.0,CHARGE
2013-05-18 07:00:00,99.60193,0.6421372,100.0,1,-98.9597928,0.6421372,0.0,0.0,98.9597928,0.0,100.0,CHARGE
2013-05-18 07:30:00,113.703064,5.3578367,100.0,1,-108.3452273,5.3578367,0.0,0.0,108.3452273,0.0,100.0,CHARGE
2013-05-18 08:00:00,133.12163,23.694548,100.0,1,-109.42708200000001,23.694548,0.0,0.0,109.42708200000001,0.0,100.0,CHARGE
2013-05-18 08:30:00,145.9383,42.57023,100.0,1,-103.36806999999999,42.57023,0.0,0.0,103.36806999999999,0.0,100.0,CHARGE
2013-05-18 09:00:00,132.6464,69.85055,100.0,1,-62.79585,69.85055,0.0,0.0,62.79585,0.0,100.0,CHARGE
2013-05-18 09:30:00,111.2986,93.63178,100.0,1,-17.666819999999987,93.63178,0.0,0.0,17.666819999999987,0.0,100.0,CHARGE
2013-05-18 10:00:00,114.59881,112.81577,100.0,1,-1.7830399999999997,112.81577,0.0,0.0,1.7830399999999997,0.0,100.0,CHARGE
2013-05-18 10:30:00,103.82793,129.12741,100.0,1,-2.5299480000000005,103.82793,0.0,0.0,0.0,25.299480000000003,100.0,CHARGE
2013-05-18 11:00:00,105.198395,137.51192,100.0,1,-3.2313525,105.198395,0.0,0.0,0.0,32.313525,100.0,CHARGE
2013-05-18 11:30:00,102.77377,142.68347,100.0,1,-3.9909700000000004,102.77377,0.0,0.0,0.0,39.9097,100.0,CHARGE
2013-05-18 12:00:00,95.57543,149.28433,100.0,1,-5.370890000000002,95.57543,0.0,0.0,0.0,53.708900000000014,100.0,CHARGE
2013-05-18 12:30:00,95.127014,147.47514,100.0,1,-5.2348126000000015,95.127014,0.0,0.0,0.0,52.34812600000001,100.0,CHARGE
2013-05-18 13:00:00,91.43265,146.36969,100.0,1,-5.493704,91.43265,0.0,0.0,0.0,54.937039999999996,100.0,CHARGE
2013-05-18 13:30:00,88.59991,135.99709,100.0,1,-4.739717999999999,88.59991,0.0,0.0,0.0,47.39717999999999,100.0,CHARGE
2013-05-18 14:00:00,84.06183,117.399635,100.0,1,-3.3337805000000005,84.06183,0.0,0.0,0.0,33.337805,100.0,CHARGE
2013-05-18 14:30:00,89.748825,99.4676,100.0,1,-0.9718775000000008,89.748825,0.0,0.0,0.0,9.718775000000008,100.0,CHARGE
2013-05-18 15:00:00,92.8266,76.952545,100.0,1,-15.874054999999998,76.952545,0.0,0.0,15.874054999999998,0.0,100.0,CHARGE
2013-05-18 15:30:00,92.54172,54.25581,100.0,1,-38.28591,54.25581,0.0,0.0,38.28591,0.0,100.0,CHARGE
2013-05-18 16:00:00,93.788765,31.530838,100.0,1,-62.257926999999995,31.530838,0.0,0.0,62.257926999999995,0.0,100.0,CHARGE
2013-05-18 16:30:00,116.25765,12.287362,100.0,1,-103.970288,12.287362,0.0,0.0,103.970288,0.0,100.0,CHARGE
2013-05-18 17:00:00,144.6416,1.6110469,100.0,1,-143.03055310000002,1.6110469,0.0,0.0,143.03055310000002,0.0,100.0,CHARGE
2013-05-18 17:30:00,179.63847,0.20089333,100.0,1,-179.43757667,0.20089333,0.0,0.0,179.43757667,0.0,100.0,CHARGE
2013-05-18 18:00:00,181.35585,0.028390521,100.0,1,-181.327459479,0.028390521,0.0,0.0,181.327459479,0.0,100.0,CHARGE
2013-05-18 18:30:00,180.68127,0.0093829455,100.0,1,-180.67188705450002,0.0093829455,0.0,0.0,180.67188705450002,0.0,100.0,CHARGE
2013-05-18 19:00:00,164.94617,0.05869813,100.0,1,-164.88747186999998,0.05869813,0.0,0.0,164.88747186999998,0.0,100.0,CHARGE
2013-05-18 19:30:00,154.80408,0.06168523,100.0,1,-154.74239477,0.06168523,0.0,0.0,154.74239477,0.0,100.0,CHARGE
2013-05-18 20:00:00,157.14024,0.021463081,100.0,1,-157.118776919,0.021463081,0.0,0.0,157.118776919,0.0,100.0,CHARGE
2013-05-18 20:30:00,151.5051,0.020821795,100.0,1,-151.484278205,0.020821795,0.0,0.0,151.484278205,0.0,100.0,CHARGE
2013-05-18 21:00:00,147.45528,0.05757543,100.0,1,-147.39770456999997,0.05757543,0.0,0.0,147.39770456999997,0.0,100.0,CHARGE
2013-05-18 21:30:00,149.81416,0.05757543,100.0,1,-149.75658456999997,0.05757543,0.0,0.0,149.75658456999997,0.0,100.0,CHARGE
2013-05-18 22:00:00,146.70882,0.06649785,100.0,1,-146.64232215,0.06649785,0.0,0.0,146.64232215,0.0,100.0,CHARGE
2013-05-18 22:30:00,145.20537,0.06649785,100.0,1,-145.13887215,0.06649785,0.0,0.0,145.13887215,0.0,100.0,CHARGE
2013-05-18 23:00:00,140.70735,0.051185243,100.0,1,-140.656164757,0.051185243,0.0,0.0,140.656164757,0.0,100.0,CHARGE
2013-05-18 23:30:00,161.48763,0.051185243,100.0,1,-161.436444757,0.051185243,0.0,0.0,161.436444757,0.0,100.0,CHARGE
2013-05-19 00:00:00,165.12354,0.04375619,100.0,1,-165.07978380999998,0.04375619,0.0,0.0,165.07978380999998,0.0,100.0,CHARGE
2013-05-19 00:30:00,159.59785,0.04695971,100.0,1,-159.55089028999998,0.04695971,0.0,0.0,159.55089028999998,0.0,100.0,CHARGE
2013-05-19 01:00:00,131.00691,0.033885952,100.0,1,-130.973024048,0.033885952,0.0,0.0,130.973024048,0.0,100.0,CHARGE
2013-05-19 01:30:00,100.816284,0.036406096,100.0,1,-100.779877904,0.036406096,0.0,0.0,100.779877904,0.0,100.0,CHARGE
2013-05-19 02:00:00,87.73401,0.03627222,100.0,1,-87.69773778,0.03627222,0.0,0.0,87.69773778,0.0,100.0,CHARGE
2013-05-19 02:30:00,75.18284,0.03853006,100.0,1,-75.14430994,0.03853006,0.0,0.0,75.14430994,0.0,100.0,CHARGE
2013-05-19 03:00:00,72.7746,0.047864445,100.0,1,-72.726735555,0.047864445,0.0,0.0,72.726735555,0.0,100.0,CHARGE
2013-05-19 03:30:00,67.44182,0.047864445,100.0,1,-67.393955555,0.047864445,0.0,0.0,67.393955555,0.0,100.0,CHARGE
2013-05-19 04:00:00,68.111725,0.06305107,100.0,1,-68.04867393,0.06305107,0.0,0.0,68.04867393,0.0,100.0,CHARGE
2013-05-19 04:30:00,69.168564,0.054690097,100.0,1,-69.113873903,0.054690097,0.0,0.0,69.113873903,0.0,100.0,CHARGE
2013-05-19 05:00:00,73.515976,0.054690097,100.0,1,-73.46128590299999,0.054690097,0.0,0.0,73.46128590299999,0.0,100.0,CHARGE
2013-05-19 05:30:00,75.7315,0.054690097,100.0,1,-75.67680990299999,0.054690097,0.0,0.0,75.67680990299999,0.0,100.0,CHARGE
2013-05-19 06:00:00,82.06034,0.054448936,100.0,1,-82.005891064,0.054448936,0.0,0.0,82.005891064,0.0,100.0,CHARGE
2013-05-19 06:30:00,93.20141,0.10208463,100.0,1,-93.09932537,0.10208463,0.0,0.0,93.09932537,0.0,100.0,CHARGE
2013-05-19 07:00:00,105.04374,0.63615155,100.0,1,-104.40758845,0.63615155,0.0,0.0,104.40758845,0.0,100.0,CHARGE
2013-05-19 07:30:00,120.50197,5.4644847,100.0,1,-115.0374853,5.4644847,0.0,0.0,115.0374853,0.0,100.0,CHARGE
2013-05-19 08:00:00,135.36551,21.802277,100.0,1,-113.563233,21.802277,0.0,0.0,113.563233,0.0,100.0,CHARGE
2013-05-19 08:30:00,134.36743,41.454475,100.0,1,-92.91295500000001,41.454475,0.0,0.0,92.91295500000001,0.0,100.0,CHARGE
2013-05-19 09:00:00,132.73854,67.599556,100.0,1,-65.138984,67.599556,0.0,0.0,65.138984,0.0,100.0,CHARGE
2013-05-19 09:30:00,121.37846,91.09792,100.0,1,-30.280540000000002,91.09792,0.0,0.0,30.280540000000002,0.0,100.0,CHARGE
2013-05-19 10:00:00,118.519264,110.950584,100.0,1,-7.5686800000000005,110.950584,0.0,0.0,7.5686800000000005,0.0,100.0,CHARGE
2013-05-19 10:30:00,107.675285,128.6882,100.0,1,-2.1012914999999994,107.675285,0.0,0.0,0.0,21.012914999999992,100.0,CHARGE
2013-05-19 11:00:00,109.93101,137.35854,100.0,1,-2.7427530000000004,109.93101,0.0,0.0,0.0,27.427530000000004,100.0,CHARGE
2013-05-19 11:30:00,108.97663,145.83008,100.0,1,-3.685345000000001,108.97663,0.0,0.0,0.0,36.85345000000001,100.0,CHARGE
2013-05-19 12:00:00,109.54658,150.72803,100.0,1,-4.118144999999998,109.54658,0.0,0.0,0.0,41.181449999999984,100.0,CHARGE
2013-05-19 12:30:00,103.19489,147.42531,100.0,1,-4.423042,103.19489,0.0,0.0,0.0,44.230419999999995,100.0,CHARGE
2013-05-19 13:00:00,97.27308,146.62645,100.0,1,-4.935337000000001,97.27308,0.0,0.0,0.0,49.35337000000001,100.0,CHARGE
2013-05-19 13:30:00,88.251686,137.35977,100.0,1,-4.9108084,88.251686,0.0,0.0,0.0,49.10808399999999,100.0,CHARGE
2013-05-19 14:00:00,81.58701,117.06287,100.0,1,-3.547586,81.58701,0.0,0.0,0.0,35.47586,100.0,CHARGE
2013-05-19 14:30:00,85.54527,102.10072,100.0,1,-1.6555449999999994,85.54527,0.0,0.0,0.0,16.555449999999993,100.0,CHARGE
2013-05-19 15:00:00,84.91672,81.68309,100.0,1,-3.233629999999991,81.68309,0.0,0.0,3.233629999999991,0.0,100.0,CHARGE
2013-05-19 15:30:00,102.22358,55.201042,100.0,1,-47.022538,55.201042,0.0,0.0,47.022538,0.0,100.0,CHARGE
2013-05-19 16:00:00,112.48082,32.75623,100.0,1,-79.72458999999999,32.75623,0.0,0.0,79.72458999999999,0.0,100.0,CHARGE
2013-05-19 16:30:00,130.87376,13.263004,100.0,1,-117.61075600000001,13.263004,0.0,0.0,117.61075600000001,0.0,100.0,CHARGE
2013-05-19 17:00:00,163.82724,1.7983341,100.0,1,-162.02890589999998,1.7983341,0.0,0.0,162.02890589999998,0.0,100.0,CHARGE
2013-05-19 17:30:00,181.23657,0.10889398,100.0,1,-181.12767602,0.10889398,0.0,0.0,181.12767602,0.0,100.0,CHARGE
2013-05-19 18:00:00,197.89561,0.007748506,100.0,1,-197.887861494,0.007748506,0.0,0.0,197.887861494,0.0,100.0,CHARGE
2013-05-19 18:30:00,193.43483,-0.011259041,100.0,1,-193.446089041,-0.011259041,0.0,0.0,193.446089041,0.0,100.0,CHARGE
2013-05-19 19:00:00,186.07707,0.15893646,100.0,1,-185.91813353999999,0.15893646,0.0,0.0,185.91813353999999,0.0,100.0,CHARGE
2013-05-19 19:30:00,180.08884,0.156605,100.0,1,-179.932235,0.156605,0.0,0.0,179.932235,0.0,100.0,CHARGE
2013-05-19 20:00:00,177.5148,0.038155872,100.0,1,-177.476644128,0.038155872,0.0,0.0,177.476644128,0.0,100.0,CHARGE
2013-05-19 20:30:00,165.3254,0.037514586,100.0,1,-165.28788541400002,0.037514586,0.0,0.0,165.28788541400002,0.0,100.0,CHARGE
2013-05-19 21:00:00,162.42868,0.048128154,100.0,1,-162.380551846,0.048128154,0.0,0.0,162.380551846,0.0,100.0,CHARGE
2013-05-19 21:30:00,150.22319,0.048128154,100.0,1,-150.17506184599998,0.048128154,0.0,0.0,150.17506184599998,0.0,100.0,CHARGE
2013-05-19 22:00:00,149.48553,0.06844759,100.0,1,-149.41708241,0.06844759,0.0,0.0,149.41708241,0.0,100.0,CHARGE
2013-05-19 22:30:00,145.08748,0.06844759,100.0,1,-145.01903241,0.06844759,0.0,0.0,145.01903241,0.0,100.0,CHARGE
2013-05-19 23:00:00,142.73027,0.05177311,100.0,1,-142.67849689,0.05177311,0.0,0.0,142.67849689,0.0,100.0,CHARGE
2013-05-19 23:30:00,152.6505,0.05665847,100.0,1,-152.59384153,0.05665847,0.0,0.0,152.59384153,0.0,100.0,CHARGE
2013-05-20 00:00:00,178.80446,0.08215879,100.0,1,-178.72230121,0.08215879,0.0,0.0,178.72230121,0.0,100.0,CHARGE
2013-05-20 00:30:00,154.23016,0.08558437,100.0,1,-154.14457563000002,0.08558437,0.0,0.0,154.14457563000002,0.0,100.0,CHARGE
2013-05-20 01:00:00,132.31097,0.074943945,100.0,1,-132.236026055,0.074943945,0.0,0.0,132.236026055,0.0,100.0,CHARGE
2013-05-20 01:30:00,104.435875,0.07746409,100.0,1,-104.35841090999999,0.07746409,0.0,0.0,104.35841090999999,0.0,100.0,CHARGE
2013-05-20 02:00:00,88.08133,0.045939256,100.0,1,-88.035390744,0.045939256,0.0,0.0,88.035390744,0.0,100.0,CHARGE
2013-05-20 02:30:00,73.35688,0.048197094,100.0,1,-73.308682906,0.048197094,0.0,0.0,73.308682906,0.0,100.0,CHARGE
2013-05-20 03:00:00,71.13124,0.059753325,100.0,1,-71.071486675,0.059753325,0.0,0.0,71.071486675,0.0,100.0,CHARGE
2013-05-20 03:30:00,69.84678,0.059753325,100.0,1,-69.78702667499999,0.059753325,0.0,0.0,69.78702667499999,0.0,100.0,CHARGE
2013-05-20 04:00:00,67.73083,0.07674881,100.0,1,-67.65408119,0.07674881,0.0,0.0,67.65408119,0.0,100.0,CHARGE
2013-05-20 04:30:00,70.024956,0.06838785,100.0,1,-69.95656815000001,0.06838785,0.0,0.0,69.95656815000001,0.0,100.0,CHARGE
2013-05-20 05:00:00,75.39781,0.06838785,100.0,1,-75.32942215000001,0.06838785,0.0,0.0,75.32942215000001,0.0,100.0,CHARGE
2013-05-20 05:30:00,82.11359,0.06838785,100.0,1,-82.04520215000001,0.06838785,0.0,0.0,82.04520215000001,0.0,100.0,CHARGE
2013-05-20 06:00:00,98.632965,0.0439734,100.0,1,-98.5889916,0.0439734,0.0,0.0,98.5889916,0.0,100.0,CHARGE
2013-05-20 06:30:00,131.64989,0.091608934,100.0,1,-131.558281066,0.091608934,0.0,0.0,131.558281066,0.0,100.0,CHARGE
2013-05-20 07:00:00,141.26346,0.6407919,100.0,1,-140.6226681,0.6407919,0.0,0.0,140.6226681,0.0,100.0,CHARGE
2013-05-20 07:30:00,150.94075,5.2346134,100.0,1,-145.7061366,5.2346134,0.0,0.0,145.7061366,0.0,100.0,CHARGE
2013-05-20 08:00:00,136.75159,21.346453,100.0,1,-115.405137,21.346453,0.0,0.0,115.405137,0.0,100.0,CHARGE
2013-05-20 08:30:00,116.001656,38.840366,100.0,1,-77.16129,38.840366,0.0,0.0,77.16129,0.0,100.0,CHARGE
2013-05-20 09:00:00,106.98827,63.04272,100.0,1,-43.94555,63.04272,0.0,0.0,43.94555,0.0,100.0,CHARGE
2013-05-20 09:30:00,99.7421,84.079155,100.0,1,-15.662944999999993,84.079155,0.0,0.0,15.662944999999993,0.0,100.0,CHARGE
2013-05-20 10:00:00,90.058395,100.348694,100.0,1,-1.0290298999999992,90.058395,0.0,0.0,0.0,10.29029899999999,100.0,CHARGE
2013-05-20 10:30:00,97.108086,122.08236,100.0,1,-2.4974273999999994,97.108086,0.0,0.0,0.0,24.974273999999994,100.0,CHARGE
2013-05-20 11:00:00,89.05999,135.90775,100.0,1,-4.684775999999999,89.05999,0.0,0.0,0.0,46.847759999999994,100.0,CHARGE
2013-05-20 11:30:00,86.77206,140.53459,100.0,1,-5.376253000000002,86.77206,0.0,0.0,0.0,53.76253000000001,100.0,CHARGE
2013-05-20 12:00:00,81.55199,147.77441,100.0,1,-6.622241999999999,81.55199,0.0,0.0,0.0,66.22241999999999,100.0,CHARGE
2013-05-20 12:30:00,78.75692,146.61111,100.0,1,-6.785419000000001,78.75692,0.0,0.0,0.0,67.85419,100.0,CHARGE
2013-05-20 13:00:00,76.81566,144.54169,100.0,1,-6.772603,76.81566,0.0,0.0,0.0,67.72603,100.0,CHARGE
2013-05-20 13:30:00,77.500114,133.8517,100.0,1,-5.6351586000000005,77.500114,0.0,0.0,0.0,56.351586,100.0,CHARGE
2013-05-20 14:00:00,73.18485,104.19196,100.0,1,-3.100711,73.18485,0.0,0.0,0.0,31.007109999999997,100.0,CHARGE
2013-05-20 14:30:00,74.60091,87.67507,100.0,1,-1.3074160000000008,74.60091,0.0,0.0,0.0,13.074160000000006,100.0,CHARGE
2013-05-20 15:00:00,75.56726,78.51911,100.0,1,-0.2951849999999993,75.56726,0.0,0.0,0.0,2.951849999999993,100.0,CHARGE
2013-05-20 15:30:00,80.07637,50.2659,100.0,1,-29.810469999999995,50.2659,0.0,0.0,29.810469999999995,0.0,100.0,CHARGE
2013-05-20 16:00:00,88.72488,28.87439,100.0,1,-59.85049,28.87439,0.0,0.0,59.85049,0.0,100.0,CHARGE
2013-05-20 16:30:00,108.54877,10.163067,100.0,1,-98.385703,10.163067,0.0,0.0,98.385703,0.0,100.0,CHARGE
2013-05-20 17:00:00,154.39438,1.8777413,100.0,1,-152.51663870000002,1.8777413,0.0,0.0,152.51663870000002,0.0,100.0,CHARGE
2013-05-20 17:30:00,187.91779,0.19052704,100.0,1,-187.72726296,0.19052704,0.0,0.0,187.72726296,0.0,100.0,CHARGE
2013-05-20 18:00:00,210.03807,0.032094557,100.0,1,-210.005975443,0.032094557,0.0,0.0,210.005975443,0.0,100.0,CHARGE
2013-05-20 18:30:00,202.39243,0.013086994,100.0,1,-202.379343006,0.013086994,0.0,0.0,202.379343006,0.0,100.0,CHARGE
2013-05-20 19:00:00,193.24448,0.012673407,100.0,1,-193.23180659300002,0.012673407,0.0,0.0,193.23180659300002,0.0,100.0,CHARGE
2013-05-20 19:30:00,187.6514,0.01566048,100.0,1,-187.63573952,0.01566048,0.0,0.0,187.63573952,0.0,100.0,CHARGE
2013-05-20 20:00:00,187.93237,0.008167955,100.0,1,-187.924202045,0.008167955,0.0,0.0,187.924202045,0.0,100.0,CHARGE
2013-05-20 20:30:00,174.3652,0.007526674,100.0,1,-174.357673326,0.007526674,0.0,0.0,174.357673326,0.0,100.0,CHARGE
2013-05-20 21:00:00,164.02403,0.03440174,100.0,1,-163.98962826000002,0.03440174,0.0,0.0,163.98962826000002,0.0,100.0,CHARGE
2013-05-20 21:30:00,154.62616,0.03440174,100.0,1,-154.59175826,0.03440174,0.0,0.0,154.59175826,0.0,100.0,CHARGE
2013-05-20 22:00:00,150.06776,0.036417656,100.0,1,-150.031342344,0.036417656,0.0,0.0,150.031342344,0.0,100.0,CHARGE
2013-05-20 22:30:00,145.51508,0.036417656,100.0,1,-145.478662344,0.036417656,0.0,0.0,145.478662344,0.0,100.0,CHARGE
2013-05-20 23:00:00,139.96666,0.036417656,100.0,1,-139.930242344,0.036417656,0.0,0.0,139.930242344,0.0,100.0,CHARGE
2013-05-20 23:30:00,165.25563,0.036417656,100.0,1,-165.219212344,0.036417656,0.0,0.0,165.219212344,0.0,100.0,CHARGE
2013-05-21 00:00:00,181.06717,0.016666137,100.0,1,-181.05050386300002,0.016666137,0.0,0.0,181.05050386300002,0.0,100.0,CHARGE
2013-05-21 00:30:00,155.23341,0.019869644,100.0,1,-155.21354035599998,0.019869644,0.0,0.0,155.21354035599998,0.0,100.0,CHARGE
2013-05-21 01:00:00,133.9416,0.02179252,100.0,1,-133.91980748,0.02179252,0.0,0.0,133.91980748,0.0,100.0,CHARGE
2013-05-21 01:30:00,106.02458,0.024312664,100.0,1,-106.000267336,0.024312664,0.0,0.0,106.000267336,0.0,100.0,CHARGE
2013-05-21 02:00:00,85.917465,0.02444654,100.0,1,-85.89301846000001,0.02444654,0.0,0.0,85.89301846000001,0.0,100.0,CHARGE
2013-05-21 02:30:00,70.99358,0.02670438,100.0,1,-70.96687562,0.02670438,0.0,0.0,70.96687562,0.0,100.0,CHARGE
2013-05-21 03:00:00,70.75225,0.035415776,100.0,1,-70.71683422400001,0.035415776,0.0,0.0,70.71683422400001,0.0,100.0,CHARGE
2013-05-21 03:30:00,68.271706,0.035415776,100.0,1,-68.236290224,0.035415776,0.0,0.0,68.236290224,0.0,100.0,CHARGE
2013-05-21 04:00:00,68.85587,0.05060242,100.0,1,-68.80526757999999,0.05060242,0.0,0.0,68.80526757999999,0.0,100.0,CHARGE
2013-05-21 04:30:00,71.06112,0.04224147,100.0,1,-71.01887853000001,0.04224147,0.0,0.0,71.01887853000001,0.0,100.0,CHARGE
2013-05-21 05:00:00,73.46461,0.04224147,100.0,1,-73.42236853,0.04224147,0.0,0.0,73.42236853,0.0,100.0,CHARGE
2013-05-21 05:30:00,91.92445,0.04224147,100.0,1,-91.88220853,0.04224147,0.0,0.0,91.88220853,0.0,100.0,CHARGE
2013-05-21 06:00:00,99.068726,0.017213091,100.0,1,-99.051512909,0.017213091,0.0,0.0,99.051512909,0.0,100.0,CHARGE
2013-05-21 06:30:00,115.845894,0.06484862,100.0,1,-115.78104538,0.06484862,0.0,0.0,115.78104538,0.0,100.0,CHARGE
2013-05-21 07:00:00,135.34099,0.5452591,100.0,1,-134.7957309,0.5452591,0.0,0.0,134.7957309,0.0,100.0,CHARGE
2013-05-21 07:30:00,143.16202,4.7725616,100.0,1,-138.38945840000002,4.7725616,0.0,0.0,138.38945840000002,0.0,100.0,CHARGE
2013-05-21 08:00:00,135.62419,20.650429,100.0,1,-114.973761,20.650429,0.0,0.0,114.973761,0.0,100.0,CHARGE
2013-05-21 08:30:00,118.93016,40.95283,100.0,1,-77.97733,40.95283,0.0,0.0,77.97733,0.0,100.0,CHARGE
2013-05-21 09:00:00,96.40388,65.2015,100.0,1,-31.202380000000005,65.2015,0.0,0.0,31.202380000000005,0.0,100.0,CHARGE
2013-05-21 09:30:00,86.75246,85.12047,100.0,1,-1.6319900000000018,85.12047,0.0,0.0,1.6319900000000018,0.0,100.0,CHARGE
2013-05-21 10:00:00,86.14091,102.55519,100.0,1,-1.6414279999999992,86.14091,0.0,0.0,0.0,16.41427999999999,100.0,CHARGE
2013-05-21 10:30:00,82.55706,114.273705,100.0,1,-3.1716645000000003,82.55706,0.0,0.0,0.0,31.716645,100.0,CHARGE
2013-05-21 11:00:00,83.984344,127.64274,100.0,1,-4.365839600000001,83.984344,0.0,0.0,0.0,43.65839600000001,100.0,CHARGE
2013-05-21 11:30:00,76.679756,128.56715,100.0,1,-5.1887394,76.679756,0.0,0.0,0.0,51.887394,100.0,CHARGE
2013-05-21 12:00:00,80.51601,120.94606,100.0,1,-4.043005000000001,80.51601,0.0,0.0,0.0,40.43005000000001,100.0,CHARGE
2013-05-21 12:30:00,76.46117,128.89662,100.0,1,-5.243545000000002,76.46117,0.0,0.0,0.0,52.43545000000002,100.0,CHARGE
2013-05-21 13:00:00,76.06725,125.008224,100.0,1,-4.8940974,76.06725,0.0,0.0,0.0,48.940974,100.0,CHARGE
2013-05-21 13:30:00,70.68325,116.957184,100.0,1,-4.6273934,70.68325,0.0,0.0,0.0,46.273934,100.0,CHARGE
2013-05-21 14:00:00,70.86787,83.64463,100.0,1,-1.2776760000000011,70.86787,0.0,0.0,0.0,12.77676000000001,100.0,CHARGE
2013-05-21 14:30:00,71.75949,57.338886,100.0,1,-14.420603999999997,57.338886,0.0,0.0,14.420603999999997,0.0,100.0,CHARGE
2013-05-21 15:00:00,75.70229,54.585274,100.0,1,-21.117016000000007,54.585274,0.0,0.0,21.117016000000007,0.0,100.0,CHARGE
2013-05-21 15:30:00,80.72293,45.188908,100.0,1,-35.53402200000001,45.188908,0.0,0.0,35.53402200000001,0.0,100.0,CHARGE
2013-05-21 16:00:00,86.62849,26.375383,100.0,1,-60.253107,26.375383,0.0,0.0,60.253107,0.0,100.0,CHARGE
2013-05-21 16:30:00,97.26963,10.984461,100.0,1,-86.28516900000001,10.984461,0.0,0.0,86.28516900000001,0.0,100.0,CHARGE
2013-05-21 17:00:00,133.98051,1.8705219,100.0,1,-132.1099881,1.8705219,0.0,0.0,132.1099881,0.0,100.0,CHARGE
2013-05-21 17:30:00,164.449,0.27926102,100.0,1,-164.16973898,0.27926102,0.0,0.0,164.16973898,0.0,100.0,CHARGE
2013-05-21 18:00:00,175.53705,0.25797823,100.0,1,-175.27907177,0.25797823,0.0,0.0,175.27907177,0.0,100.0,CHARGE
2013-05-21 18:30:00,174.88725,0.24492034,100.0,1,-174.64232966,0.24492034,0.0,0.0,174.64232966,0.0,100.0,CHARGE
2013-05-21 19:00:00,166.01193,0.3085537,100.0,1,-165.7033763,0.3085537,0.0,0.0,165.7033763,0.0,100.0,CHARGE
2013-05-21 19:30:00,160.20078,0.31154075,100.0,1,-159.88923925,0.31154075,0.0,0.0,159.88923925,0.0,100.0,CHARGE
2013-05-21 20:00:00,171.93208,0.045072287,100.0,1,-171.887007713,0.045072287,0.0,0.0,171.887007713,0.0,100.0,CHARGE
2013-05-21 20:30:00,159.94687,0.04443101,100.0,1,-159.90243898999998,0.04443101,0.0,0.0,159.90243898999998,0.0,100.0,CHARGE
2013-05-21 21:00:00,152.8625,0.004741704,100.0,1,-152.85775829600001,0.004741704,0.0,0.0,152.85775829600001,0.0,100.0,CHARGE
2013-05-21 21:30:00,150.8955,0.004741704,100.0,1,-150.890758296,0.004741704,0.0,0.0,150.890758296,0.0,100.0,CHARGE
2013-05-21 22:00:00,148.79352,0.07280818,100.0,1,-148.72071182,0.07280818,0.0,0.0,148.72071182,0.0,100.0,CHARGE
2013-05-21 22:30:00,150.54909,0.07280818,100.0,1,-150.47628182,0.07280818,0.0,0.0,150.47628182,0.0,100.0,CHARGE
2013-05-21 23:00:00,140.21039,0.08175816,100.0,1,-140.12863184,0.08175816,0.0,0.0,140.12863184,0.0,100.0,CHARGE
2013-05-21 23:30:00,163.47728,0.08175816,100.0,1,-163.39552184000001,0.08175816,0.0,0.0,163.39552184000001,0.0,100.0,CHARGE
2013-05-22 00:00:00,182.49072,0.05216807,100.0,1,-182.43855193000002,0.05216807,0.0,0.0,182.43855193000002,0.0,100.0,CHARGE
2013-05-22 00:30:00,155.91187,0.05216807,100.0,1,-155.85970193,0.05216807,0.0,0.0,155.85970193,0.0,100.0,CHARGE
2013-05-22 01:00:00,132.31174,0.078302264,100.0,1,-132.23343773599998,0.078302264,0.0,0.0,132.23343773599998,0.0,100.0,CHARGE
2013-05-22 01:30:00,102.35749,0.0808224,100.0,1,-102.2766676,0.0808224,0.0,0.0,102.2766676,0.0,100.0,CHARGE
2013-05-22 02:00:00,89.83224,0.0779896,100.0,1,-89.7542504,0.0779896,0.0,0.0,89.7542504,0.0,100.0,CHARGE
2013-05-22 02:30:00,78.82946,0.08024745,100.0,1,-78.74921255,0.08024745,0.0,0.0,78.74921255,0.0,100.0,CHARGE
2013-05-22 03:00:00,68.54205,0.08288729,100.0,1,-68.45916271,0.08288729,0.0,0.0,68.45916271,0.0,100.0,CHARGE
2013-05-22 03:30:00,68.06377,0.08288729,100.0,1,-67.98088271,0.08288729,0.0,0.0,67.98088271,0.0,100.0,CHARGE
2013-05-22 04:00:00,70.87133,0.0954341,100.0,1,-70.7758959,0.0954341,0.0,0.0,70.7758959,0.0,100.0,CHARGE
2013-05-22 04:30:00,73.45495,0.08707315,100.0,1,-73.36787685,0.08707315,0.0,0.0,73.36787685,0.0,100.0,CHARGE
2013-05-22 05:00:00,75.496605,0.0876499,100.0,1,-75.4089551,0.0876499,0.0,0.0,75.4089551,0.0,100.0,CHARGE
2013-05-22 05:30:00,95.02264,0.0876499,100.0,1,-94.9349901,0.0876499,0.0,0.0,94.9349901,0.0,100.0,CHARGE
2013-05-22 06:00:00,101.21201,0.08714241,100.0,1,-101.12486759000001,0.08714241,0.0,0.0,101.12486759000001,0.0,100.0,CHARGE
2013-05-22 06:30:00,138.09268,0.14477174,100.0,1,-137.94790826,0.14477174,0.0,0.0,137.94790826,0.0,100.0,CHARGE
2013-05-22 07:00:00,137.69516,0.4950888,100.0,1,-137.2000712,0.4950888,0.0,0.0,137.2000712,0.0,100.0,CHARGE
2013-05-22 07:30:00,140.64717,4.1724243,100.0,1,-136.4747457,4.1724243,0.0,0.0,136.4747457,0.0,100.0,CHARGE
2013-05-22 08:00:00,134.3361,8.984014,100.0,1,-125.35208599999999,8.984014,0.0,0.0,125.35208599999999,0.0,100.0,CHARGE
2013-05-22 08:30:00,117.24783,17.283552,100.0,1,-99.964278,17.283552,0.0,0.0,99.964278,0.0,100.0,CHARGE
2013-05-22 09:00:00,103.530945,24.684473,100.0,1,-78.846472,24.684473,0.0,0.0,78.846472,0.0,100.0,CHARGE
2013-05-22 09:30:00,97.03021,42.454067,100.0,1,-54.576142999999995,42.454067,0.0,0.0,54.576142999999995,0.0,100.0,CHARGE
2013-05-22 10:00:00,86.86109,62.24139,100.0,1,-24.6197,62.24139,0.0,0.0,24.6197,0.0,100.0,CHARGE
2013-05-22 10:30:00,93.13634,66.1534,100.0,1,-26.98294,66.1534,0.0,0.0,26.98294,0.0,100.0,CHARGE
2013-05-22 11:00:00,89.331985,69.8229,100.0,1,-19.509085,69.8229,0.0,0.0,19.509085,0.0,100.0,CHARGE
2013-05-22 11:30:00,91.45178,52.660385,100.0,1,-38.791395,52.660385,0.0,0.0,38.791395,0.0,100.0,CHARGE
2013-05-22 12:00:00,88.56867,49.33082,100.0,1,-39.237849999999995,49.33082,0.0,0.0,39.237849999999995,0.0,100.0,CHARGE
2013-05-22 12:30:00,88.87249,44.656635,100.0,1,-44.215855,44.656635,0.0,0.0,44.215855,0.0,100.0,CHARGE
2013-05-22 13:00:00,96.21699,42.308197,100.0,1,-53.908792999999996,42.308197,0.0,0.0,53.908792999999996,0.0,100.0,CHARGE
2013-05-22 13:30:00,100.16881,27.444,100.0,1,-72.72480999999999,27.444,0.0,0.0,72.72480999999999,0.0,100.0,CHARGE
2013-05-22 14:00:00,98.79311,22.731188,100.0,1,-76.061922,22.731188,0.0,0.0,76.061922,0.0,100.0,CHARGE
2013-05-22 14:30:00,92.61685,17.932102,100.0,1,-74.684748,17.932102,0.0,0.0,74.684748,0.0,100.0,CHARGE
2013-05-22 15:00:00,91.839455,11.548943,100.0,1,-80.290512,11.548943,0.0,0.0,80.290512,0.0,100.0,CHARGE
2013-05-22 15:30:00,113.81455,10.671023,100.0,1,-103.14352699999999,10.671023,0.0,0.0,103.14352699999999,0.0,100.0,CHARGE
2013-05-22 16:00:00,127.135,6.2432985,100.0,1,-120.89170150000001,6.2432985,0.0,0.0,120.89170150000001,0.0,100.0,CHARGE
2013-05-22 16:30:00,145.99577,3.3356223,100.0,1,-142.66014769999998,3.3356223,0.0,0.0,142.66014769999998,0.0,100.0,CHARGE
2013-05-22 17:00:00,180.5535,-0.07215642,100.0,1,-180.62565642,-0.07215642,0.0,0.0,180.62565642,0.0,100.0,CHARGE
2013-05-22 17:30:00,193.33118,-0.042610027,100.0,1,-193.37379002699998,-0.042610027,0.0,0.0,193.37379002699998,0.0,100.0,CHARGE
2013-05-22 18:00:00,206.28604,-0.070263855,100.0,1,-206.35630385500002,-0.070263855,0.0,0.0,206.35630385500002,0.0,100.0,CHARGE
2013-05-22 18:30:00,213.7277,-0.070263855,100.0,1,-213.797963855,-0.070263855,0.0,0.0,213.797963855,0.0,100.0,CHARGE
2013-05-22 19:00:00,206.3833,-0.07040755,100.0,1,-206.45370755,-0.07040755,0.0,0.0,206.45370755,0.0,100.0,CHARGE
2013-05-22 19:30:00,196.83565,-0.06532466,100.0,1,-196.90097465999997,-0.06532466,0.0,0.0,196.90097465999997,0.0,100.0,CHARGE
2013-05-22 20:00:00,199.91658,-0.07842336,100.0,1,-199.99500336,-0.07842336,0.0,0.0,199.99500336,0.0,100.0,CHARGE
2013-05-22 20:30:00,183.76808,-0.08072171,100.0,1,-183.84880171,-0.08072171,0.0,0.0,183.84880171,0.0,100.0,CHARGE
2013-05-22 21:00:00,169.95561,-0.061253686,100.0,1,-170.016863686,-0.061253686,0.0,0.0,170.016863686,0.0,100.0,CHARGE
2013-05-22 21:30:00,157.72758,-0.06291071,100.0,1,-157.79049071,-0.06291071,0.0,0.0,157.79049071,0.0,100.0,CHARGE
2013-05-22 22:00:00,158.99683,-0.058647152,100.0,1,-159.05547715199998,-0.058647152,0.0,0.0,159.05547715199998,0.0,100.0,CHARGE
2013-05-22 22:30:00,149.91791,-0.056990076,100.0,1,-149.974900076,-0.056990076,0.0,0.0,149.974900076,0.0,100.0,CHARGE
2013-05-22 23:00:00,145.71478,-0.067454405,100.0,1,-145.782234405,-0.067454405,0.0,0.0,145.782234405,0.0,100.0,CHARGE
2013-05-22 23:30:00,173.3727,-0.067454405,100.0,1,-173.44015440500002,-0.067454405,0.0,0.0,173.44015440500002,0.0,100.0,CHARGE
2013-05-23 00:00:00,190.68697,-0.053635713,100.0,1,-190.740605713,-0.053635713,0.0,0.0,190.740605713,0.0,100.0,CHARGE
2013-05-23 00:30:00,166.34833,-0.053635713,100.0,1,-166.401965713,-0.053635713,0.0,0.0,166.401965713,0.0,100.0,CHARGE
2013-05-23 01:00:00,141.14464,-0.054914985,100.0,1,-141.19955498500002,-0.054914985,0.0,0.0,141.19955498500002,0.0,100.0,CHARGE
2013-05-23 01:30:00,115.63482,-0.05325794,100.0,1,-115.68807794,-0.05325794,0.0,0.0,115.68807794,0.0,100.0,CHARGE
2013-05-23 02:00:00,97.34687,-0.067454405,100.0,1,-97.414324405,-0.067454405,0.0,0.0,97.414324405,0.0,100.0,CHARGE
2013-05-23 02:30:00,79.551414,-0.070846654,100.0,1,-79.62226065399999,-0.070846654,0.0,0.0,79.62226065399999,0.0,100.0,CHARGE
2013-05-23 03:00:00,69.73332,-0.055370897,100.0,1,-69.78869089700001,-0.055370897,0.0,0.0,69.78869089700001,0.0,100.0,CHARGE
2013-05-23 03:30:00,70.21241,-0.055370897,100.0,1,-70.26778089700001,-0.055370897,0.0,0.0,70.26778089700001,0.0,100.0,CHARGE
2013-05-23 04:00:00,72.38091,-0.03813305,100.0,1,-72.41904305,-0.03813305,0.0,0.0,72.41904305,0.0,100.0,CHARGE
2013-05-23 04:30:00,76.20212,-0.048337635,100.0,1,-76.25045763499999,-0.048337635,0.0,0.0,76.25045763499999,0.0,100.0,CHARGE
2013-05-23 05:00:00,70.9942,-0.065864615,100.0,1,-71.060064615,-0.065864615,0.0,0.0,71.060064615,0.0,100.0,CHARGE
2013-05-23 05:30:00,90.920815,-0.064207554,100.0,1,-90.98502255400001,-0.064207554,0.0,0.0,90.98502255400001,0.0,100.0,CHARGE
2013-05-23 06:00:00,98.203285,-0.05283631,100.0,1,-98.25612131,-0.05283631,0.0,0.0,98.25612131,0.0,100.0,CHARGE
2013-05-23 06:30:00,134.37524,-0.06806383,100.0,1,-134.44330383,-0.06806383,0.0,0.0,134.44330383,0.0,100.0,CHARGE
2013-05-23 07:00:00,149.41484,0.03177916,100.0,1,-149.38306083999998,0.03177916,0.0,0.0,149.38306083999998,0.0,100.0,CHARGE
2013-05-23 07:30:00,154.98792,1.6773908,100.0,1,-153.3105292,1.6773908,0.0,0.0,153.3105292,0.0,100.0,CHARGE
2013-05-23 08:00:00,135.14352,3.123061,100.0,1,-132.020459,3.123061,0.0,0.0,132.020459,0.0,100.0,CHARGE
2013-05-23 08:30:00,127.637535,8.33001,100.0,1,-119.307525,8.33001,0.0,0.0,119.307525,0.0,100.0,CHARGE
2013-05-23 09:00:00,115.57228,14.015356,100.0,1,-101.55692400000001,14.015356,0.0,0.0,101.55692400000001,0.0,100.0,CHARGE
2013-05-23 09:30:00,105.96967,24.951767,100.0,1,-81.01790299999999,24.951767,0.0,0.0,81.01790299999999,0.0,100.0,CHARGE
2013-05-23 10:00:00,103.74428,28.782022,100.0,1,-74.962258,28.782022,0.0,0.0,74.962258,0.0,100.0,CHARGE
2013-05-23 10:30:00,102.14909,37.14616,100.0,1,-65.00292999999999,37.14616,0.0,0.0,65.00292999999999,0.0,100.0,CHARGE
2013-05-23 11:00:00,101.70404,36.417377,100.0,1,-65.286663,36.417377,0.0,0.0,65.286663,0.0,100.0,CHARGE
2013-05-23 11:30:00,101.81866,39.97344,100.0,1,-61.84522,39.97344,0.0,0.0,61.84522,0.0,100.0,CHARGE
2013-05-23 12:00:00,107.511345,44.97276,100.0,1,-62.538585000000005,44.97276,0.0,0.0,62.538585000000005,0.0,100.0,CHARGE
2013-05-23 12:30:00,104.11391,60.854877,100.0,1,-43.259033,60.854877,0.0,0.0,43.259033,0.0,100.0,CHARGE
2013-05-23 13:00:00,103.63222,36.388557,100.0,1,-67.243663,36.388557,0.0,0.0,67.243663,0.0,100.0,CHARGE
2013-05-23 13:30:00,110.55527,29.9742,100.0,1,-80.58107,29.9742,0.0,0.0,80.58107,0.0,100.0,CHARGE
2013-05-23 14:00:00,108.756996,24.146938,100.0,1,-84.61005800000001,24.146938,0.0,0.0,84.61005800000001,0.0,100.0,CHARGE
2013-05-23 14:30:00,110.06214,18.76844,100.0,1,-91.2937,18.76844,0.0,0.0,91.2937,0.0,100.0,CHARGE
2013-05-23 15:00:00,106.83108,19.129223,100.0,1,-87.701857,19.129223,0.0,0.0,87.701857,0.0,100.0,CHARGE
2013-05-23 15:30:00,112.31543,17.95856,100.0,1,-94.35687000000001,17.95856,0.0,0.0,94.35687000000001,0.0,100.0,CHARGE
2013-05-23 16:00:00,125.86808,10.149129,100.0,1,-115.718951,10.149129,0.0,0.0,115.718951,0.0,100.0,CHARGE
2013-05-23 16:30:00,160.79552,4.4650407,100.0,1,-156.3304793,4.4650407,0.0,0.0,156.3304793,0.0,100.0,CHARGE
2013-05-23 17:00:00,180.52654,-0.09666467,100.0,1,-180.62320467,-0.09666467,0.0,0.0,180.62320467,0.0,100.0,CHARGE
2013-05-23 17:30:00,201.5422,-0.071454115,100.0,1,-201.613654115,-0.071454115,0.0,0.0,201.613654115,0.0,100.0,CHARGE
2013-05-23 18:00:00,205.8627,-0.09348487,100.0,1,-205.95618487,-0.09348487,0.0,0.0,205.95618487,0.0,100.0,CHARGE
2013-05-23 18:30:00,201.5319,-0.0746704,100.0,1,-201.6065704,-0.0746704,0.0,0.0,201.6065704,0.0,100.0,CHARGE
2013-05-23 19:00:00,188.85387,-0.09253376,100.0,1,-188.94640376,-0.09253376,0.0,0.0,188.94640376,0.0,100.0,CHARGE
2013-05-23 19:30:00,179.83525,-0.10582005,100.0,1,-179.94107005,-0.10582005,0.0,0.0,179.94107005,0.0,100.0,CHARGE
2013-05-23 20:00:00,174.68066,-0.04654213,100.0,1,-174.72720213,-0.04654213,0.0,0.0,174.72720213,0.0,100.0,CHARGE
2013-05-23 20:30:00,171.31508,-0.047183424,100.0,1,-171.362263424,-0.047183424,0.0,0.0,171.362263424,0.0,100.0,CHARGE
2013-05-23 21:00:00,158.33887,-0.08630141,100.0,1,-158.42517141,-0.08630141,0.0,0.0,158.42517141,0.0,100.0,CHARGE
2013-05-23 21:30:00,160.60489,-0.08630141,100.0,1,-160.69119141000002,-0.08630141,0.0,0.0,160.69119141000002,0.0,100.0,CHARGE
2013-05-23 22:00:00,159.3163,-0.08335651,100.0,1,-159.39965651,-0.08335651,0.0,0.0,159.39965651,0.0,100.0,CHARGE
2013-05-23 22:30:00,150.933,-0.08335651,100.0,1,-151.01635650999998,-0.08335651,0.0,0.0,151.01635650999998,0.0,100.0,CHARGE
2013-05-23 23:00:00,137.48102,-0.08538667,100.0,1,-137.56640667,-0.08538667,0.0,0.0,137.56640667,0.0,100.0,CHARGE
2013-05-23 23:30:00,162.8798,-0.08538667,100.0,1,-162.96518666999998,-0.08538667,0.0,0.0,162.96518666999998,0.0,100.0,CHARGE
2013-05-24 00:00:00,182.2078,-0.102755375,100.0,1,-182.31055537499998,-0.102755375,0.0,0.0,182.31055537499998,0.0,100.0,CHARGE
2013-05-24 00:30:00,167.30786,-0.10455798,100.0,1,-167.41241798000001,-0.10455798,0.0,0.0,167.41241798000001,0.0,100.0,CHARGE
2013-05-24 01:00:00,158.80267,-0.13178426,100.0,1,-158.93445426,-0.13178426,0.0,0.0,158.93445426,0.0,100.0,CHARGE
2013-05-24 01:30:00,123.6778,-0.13358688,100.0,1,-123.81138688,-0.13358688,0.0,0.0,123.81138688,0.0,100.0,CHARGE
2013-05-24 02:00:00,106.346504,-0.039766394,100.0,1,-106.386270394,-0.039766394,0.0,0.0,106.386270394,0.0,100.0,CHARGE
2013-05-24 02:30:00,86.457634,-0.04136377,100.0,1,-86.49899777,-0.04136377,0.0,0.0,86.49899777,0.0,100.0,CHARGE
2013-05-24 03:00:00,75.25889,-0.14230774,100.0,1,-75.40119774,-0.14230774,0.0,0.0,75.40119774,0.0,100.0,CHARGE
2013-05-24 03:30:00,71.8002,-0.14411034,100.0,1,-71.94431034,-0.14411034,0.0,0.0,71.94431034,0.0,100.0,CHARGE
2013-05-24 04:00:00,70.789986,-0.041056223,100.0,1,-70.831042223,-0.041056223,0.0,0.0,70.831042223,0.0,100.0,CHARGE
2013-05-24 04:30:00,73.065186,-0.053063408,100.0,1,-73.118249408,-0.053063408,0.0,0.0,73.118249408,0.0,100.0,CHARGE
2013-05-24 05:00:00,72.10888,-0.02216162,100.0,1,-72.13104162,-0.02216162,0.0,0.0,72.13104162,0.0,100.0,CHARGE
2013-05-24 05:30:00,81.8591,-0.02396422,100.0,1,-81.88306422,-0.02396422,0.0,0.0,81.88306422,0.0,100.0,CHARGE
2013-05-24 06:00:00,98.603195,-0.02822006,100.0,1,-98.63141506,-0.02822006,0.0,0.0,98.63141506,0.0,100.0,CHARGE
2013-05-24 06:30:00,116.14794,-0.0004155888,100.0,1,-116.1483555888,-0.0004155888,0.0,0.0,116.1483555888,0.0,100.0,CHARGE
2013-05-24 07:00:00,146.60777,0.2206874,100.0,1,-146.38708259999999,0.2206874,0.0,0.0,146.38708259999999,0.0,100.0,CHARGE
2013-05-24 07:30:00,156.35045,1.9260559,100.0,1,-154.4243941,1.9260559,0.0,0.0,154.4243941,0.0,100.0,CHARGE
2013-05-24 08:00:00,132.71536,7.568117,100.0,1,-125.147243,7.568117,0.0,0.0,125.147243,0.0,100.0,CHARGE
2013-05-24 08:30:00,117.67222,19.618944,100.0,1,-98.053276,19.618944,0.0,0.0,98.053276,0.0,100.0,CHARGE
2013-05-24 09:00:00,116.78246,36.65471,100.0,1,-80.12774999999999,36.65471,0.0,0.0,80.12774999999999,0.0,100.0,CHARGE
2013-05-24 09:30:00,108.36429,60.09443,100.0,1,-48.269859999999994,60.09443,0.0,0.0,48.269859999999994,0.0,100.0,CHARGE
2013-05-24 10:00:00,97.20917,78.42721,100.0,1,-18.781959999999998,78.42721,0.0,0.0,18.781959999999998,0.0,100.0,CHARGE
2013-05-24 10:30:00,94.384476,91.73093,100.0,1,-2.6535460000000057,91.73093,0.0,0.0,2.6535460000000057,0.0,100.0,CHARGE
2013-05-24 11:00:00,91.125694,100.140465,100.0,1,-0.901477100000001,91.125694,0.0,0.0,0.0,9.01477100000001,100.0,CHARGE
2013-05-24 11:30:00,95.67138,85.68957,100.0,1,-9.981809999999996,85.68957,0.0,0.0,9.981809999999996,0.0,100.0,CHARGE
2013-05-24 12:00:00,93.12813,75.9847,100.0,1,-17.143429999999995,75.9847,0.0,0.0,17.143429999999995,0.0,100.0,CHARGE
2013-05-24 12:30:00,89.081184,73.59761,100.0,1,-15.48357399999999,73.59761,0.0,0.0,15.48357399999999,0.0,100.0,CHARGE
2013-05-24 13:00:00,89.56877,68.725525,100.0,1,-20.843244999999996,68.725525,0.0,0.0,20.843244999999996,0.0,100.0,CHARGE
2013-05-24 13:30:00,91.48288,60.410934,100.0,1,-31.071945999999997,60.410934,0.0,0.0,31.071945999999997,0.0,100.0,CHARGE
2013-05-24 14:00:00,85.91766,54.508045,100.0,1,-31.409614999999995,54.508045,0.0,0.0,31.409614999999995,0.0,100.0,CHARGE
2013-05-24 14:30:00,80.69626,47.598083,100.0,1,-33.09817699999999,47.598083,0.0,0.0,33.09817699999999,0.0,100.0,CHARGE
2013-05-24 15:00:00,83.739426,50.33547,100.0,1,-33.403955999999994,50.33547,0.0,0.0,33.403955999999994,0.0,100.0,CHARGE
2013-05-24 15:30:00,85.65041,41.183823,100.0,1,-44.466587,41.183823,0.0,0.0,44.466587,0.0,100.0,CHARGE
2013-05-24 16:00:00,103.85685,24.006592,100.0,1,-79.850258,24.006592,0.0,0.0,79.850258,0.0,100.0,CHARGE
2013-05-24 16:30:00,128.82986,8.447668,100.0,1,-120.382192,8.447668,0.0,0.0,120.382192,0.0,100.0,CHARGE
2013-05-24 17:00:00,158.26515,0.64065695,100.0,1,-157.62449305,0.64065695,0.0,0.0,157.62449305,0.0,100.0,CHARGE
2013-05-24 17:30:00,194.98032,0.007662661,100.0,1,-194.972657339,0.007662661,0.0,0.0,194.972657339,0.0,100.0,CHARGE
2013-05-24 18:00:00,205.53673,-0.107898474,100.0,1,-205.644628474,-0.107898474,0.0,0.0,205.644628474,0.0,100.0,CHARGE
2013-05-24 18:30:00,198.04301,-0.105967484,100.0,1,-198.148977484,-0.105967484,0.0,0.0,198.148977484,0.0,100.0,CHARGE
2013-05-24 19:00:00,186.7867,-0.07827981,100.0,1,-186.86497981,-0.07827981,0.0,0.0,186.86497981,0.0,100.0,CHARGE
2013-05-24 19:30:00,178.08801,-0.08009596,100.0,1,-178.16810596,-0.08009596,0.0,0.0,178.16810596,0.0,100.0,CHARGE
2013-05-24 20:00:00,171.22427,-0.06953078,100.0,1,-171.29380078,-0.06953078,0.0,0.0,171.29380078,0.0,100.0,CHARGE
2013-05-24 20:30:00,166.15155,-0.07017206,100.0,1,-166.22172206,-0.07017206,0.0,0.0,166.22172206,0.0,100.0,CHARGE
2013-05-24 21:00:00,152.85706,-0.052795,100.0,1,-152.909855,-0.052795,0.0,0.0,152.909855,0.0,100.0,CHARGE
2013-05-24 21:30:00,143.39992,-0.052795,100.0,1,-143.452715,-0.052795,0.0,0.0,143.452715,0.0,100.0,CHARGE
2013-05-24 22:00:00,150.76877,-0.052674264,100.0,1,-150.82144426399998,-0.052674264,0.0,0.0,150.82144426399998,0.0,100.0,CHARGE
2013-05-24 22:30:00,149.7879,-0.052674264,100.0,1,-149.840574264,-0.052674264,0.0,0.0,149.840574264,0.0,100.0,CHARGE
2013-05-24 23:00:00,141.98962,-0.057188347,100.0,1,-142.046808347,-0.057188347,0.0,0.0,142.046808347,0.0,100.0,CHARGE
2013-05-24 23:30:00,168.22383,-0.057188347,100.0,1,-168.28101834699999,-0.057188347,0.0,0.0,168.28101834699999,0.0,100.0,CHARGE
2013-05-25 00:00:00,183.21219,-0.053315207,100.0,1,-183.265505207,-0.053315207,0.0,0.0,183.265505207,0.0,100.0,CHARGE
2013-05-25 00:30:00,163.68399,-0.053315207,100.0,1,-163.737305207,-0.053315207,0.0,0.0,163.737305207,0.0,100.0,CHARGE
2013-05-25 01:00:00,145.87672,-0.017490339,100.0,1,-145.894210339,-0.017490339,0.0,0.0,145.894210339,0.0,100.0,CHARGE
2013-05-25 01:30:00,115.4104,-0.017490339,100.0,1,-115.427890339,-0.017490339,0.0,0.0,115.427890339,0.0,100.0,CHARGE
2013-05-25 02:00:00,96.95818,-0.020858929,100.0,1,-96.979038929,-0.020858929,0.0,0.0,96.979038929,0.0,100.0,CHARGE
2013-05-25 02:30:00,80.639336,-0.020653693,100.0,1,-80.659989693,-0.020653693,0.0,0.0,80.659989693,0.0,100.0,CHARGE
2013-05-25 03:00:00,77.14102,-0.0205482,100.0,1,-77.16156819999999,-0.0205482,0.0,0.0,77.16156819999999,0.0,100.0,CHARGE
2013-05-25 03:30:00,71.42762,-0.0205482,100.0,1,-71.4481682,-0.0205482,0.0,0.0,71.4481682,0.0,100.0,CHARGE
2013-05-25 04:00:00,68.9707,-0.0012757452,100.0,1,-68.9719757452,-0.0012757452,0.0,0.0,68.9719757452,0.0,100.0,CHARGE
2013-05-25 04:30:00,68.5379,-0.0114803305,100.0,1,-68.5493803305,-0.0114803305,0.0,0.0,68.5493803305,0.0,100.0,CHARGE
2013-05-25 05:00:00,73.33454,-0.020523923,100.0,1,-73.355063923,-0.020523923,0.0,0.0,73.355063923,0.0,100.0,CHARGE
2013-05-25 05:30:00,77.775986,-0.020523923,100.0,1,-77.796509923,-0.020523923,0.0,0.0,77.796509923,0.0,100.0,CHARGE
2013-05-25 06:00:00,88.31188,0.010541088,100.0,1,-88.301338912,0.010541088,0.0,0.0,88.301338912,0.0,100.0,CHARGE
2013-05-25 06:30:00,108.25528,0.005329037,100.0,1,-108.249950963,0.005329037,0.0,0.0,108.249950963,0.0,100.0,CHARGE
2013-05-25 07:00:00,117.39501,0.21741898,100.0,1,-117.17759102,0.21741898,0.0,0.0,117.17759102,0.0,100.0,CHARGE
2013-05-25 07:30:00,117.860374,2.1919723,100.0,1,-115.66840169999999,2.1919723,0.0,0.0,115.66840169999999,0.0,100.0,CHARGE
2013-05-25 08:00:00,113.6201,9.472231,100.0,1,-104.14786899999999,9.472231,0.0,0.0,104.14786899999999,0.0,100.0,CHARGE
2013-05-25 08:30:00,119.95441,27.07993,100.0,1,-92.87447999999999,27.07993,0.0,0.0,92.87447999999999,0.0,100.0,CHARGE
2013-05-25 09:00:00,124.218185,48.596558,100.0,1,-75.621627,48.596558,0.0,0.0,75.621627,0.0,100.0,CHARGE
2013-05-25 09:30:00,110.9559,68.822586,100.0,1,-42.133314,68.822586,0.0,0.0,42.133314,0.0,100.0,CHARGE
2013-05-25 10:00:00,112.00868,87.31612,100.0,1,-24.69256,87.31612,0.0,0.0,24.69256,0.0,100.0,CHARGE
2013-05-25 10:30:00,108.76497,105.65104,100.0,1,-3.1139300000000105,105.65104,0.0,0.0,3.1139300000000105,0.0,100.0,CHARGE
2013-05-25 11:00:00,110.25946,125.07585,100.0,1,-1.481639,110.25946,0.0,0.0,0.0,14.816389999999998,100.0,CHARGE
2013-05-25 11:30:00,117.1699,122.73415,100.0,1,-0.5564250000000002,117.1699,0.0,0.0,0.0,5.564250000000001,100.0,CHARGE
2013-05-25 12:00:00,107.97202,120.01442,100.0,1,-1.2042400000000002,107.97202,0.0,0.0,0.0,12.0424,100.0,CHARGE
2013-05-25 12:30:00,102.47479,122.17323,100.0,1,-1.9698440000000006,102.47479,0.0,0.0,0.0,19.698440000000005,100.0,CHARGE
2013-05-25 13:00:00,97.081894,122.81374,100.0,1,-2.5731845999999994,97.081894,0.0,0.0,0.0,25.73184599999999,100.0,CHARGE
2013-05-25 13:30:00,98.3805,121.42006,100.0,1,-2.303956000000001,98.3805,0.0,0.0,0.0,23.03956000000001,100.0,CHARGE
2013-05-25 14:00:00,89.99653,110.264656,100.0,1,-2.0268125999999995,89.99653,0.0,0.0,0.0,20.268125999999995,100.0,CHARGE
2013-05-25 14:30:00,87.18829,91.32622,100.0,1,-0.4137930000000012,87.18829,0.0,0.0,0.0,4.137930000000011,100.0,CHARGE
2013-05-25 15:00:00,90.28903,73.4729,100.0,1,-16.81613,73.4729,0.0,0.0,16.81613,0.0,100.0,CHARGE
2013-05-25 15:30:00,97.44841,51.68546,100.0,1,-45.76295,51.68546,0.0,0.0,45.76295,0.0,100.0,CHARGE
2013-05-25 16:00:00,112.27759,28.995995,100.0,1,-83.28159500000001,28.995995,0.0,0.0,83.28159500000001,0.0,100.0,CHARGE
2013-05-25 16:30:00,123.49825,9.986933,100.0,1,-113.51131699999999,9.986933,0.0,0.0,113.51131699999999,0.0,100.0,CHARGE
2013-05-25 17:00:00,153.56033,1.4459755,100.0,1,-152.1143545,1.4459755,0.0,0.0,152.1143545,0.0,100.0,CHARGE
2013-05-25 17:30:00,193.81761,0.19413024,100.0,1,-193.62347976,0.19413024,0.0,0.0,193.62347976,0.0,100.0,CHARGE
2013-05-25 18:00:00,196.56674,0.045527346,100.0,1,-196.521212654,0.045527346,0.0,0.0,196.521212654,0.0,100.0,CHARGE
2013-05-25 18:30:00,193.53378,0.008783714,100.0,1,-193.524996286,0.008783714,0.0,0.0,193.524996286,0.0,100.0,CHARGE
2013-05-25 19:00:00,172.5612,-0.012070793,100.0,1,-172.573270793,-0.012070793,0.0,0.0,172.573270793,0.0,100.0,CHARGE
2013-05-25 19:30:00,158.9903,-0.009083734,100.0,1,-158.999383734,-0.009083734,0.0,0.0,158.999383734,0.0,100.0,CHARGE
2013-05-25 20:00:00,159.3182,-0.0032171027,100.0,1,-159.3214171027,-0.0032171027,0.0,0.0,159.3214171027,0.0,100.0,CHARGE
2013-05-25 20:30:00,153.10966,-0.0037153487,100.0,1,-153.1133753487,-0.0037153487,0.0,0.0,153.1133753487,0.0,100.0,CHARGE
2013-05-25 21:00:00,143.90273,0.021845713,100.0,1,-143.880884287,0.021845713,0.0,0.0,143.880884287,0.0,100.0,CHARGE
2013-05-25 21:30:00,142.51335,0.021845713,100.0,1,-142.491504287,0.021845713,0.0,0.0,142.491504287,0.0,100.0,CHARGE
2013-05-25 22:00:00,145.31328,0.034160953,100.0,1,-145.279119047,0.034160953,0.0,0.0,145.279119047,0.0,100.0,CHARGE
2013-05-25 22:30:00,146.2513,0.034160953,100.0,1,-146.217139047,0.034160953,0.0,0.0,146.217139047,0.0,100.0,CHARGE
2013-05-25 23:00:00,138.07607,0.04668286,100.0,1,-138.02938713999998,0.04668286,0.0,0.0,138.02938713999998,0.0,100.0,CHARGE
2013-05-25 23:30:00,160.16985,0.04668286,100.0,1,-160.12316714,0.04668286,0.0,0.0,160.12316714,0.0,100.0,CHARGE
2013-05-26 00:00:00,182.86519,0.04668286,100.0,1,-182.81850714,0.04668286,0.0,0.0,182.81850714,0.0,100.0,CHARGE
2013-05-26 00:30:00,164.93652,0.04668286,100.0,1,-164.88983714,0.04668286,0.0,0.0,164.88983714,0.0,100.0,CHARGE
2013-05-26 01:00:00,138.00511,0.04668286,100.0,1,-137.95842714,0.04668286,0.0,0.0,137.95842714,0.0,100.0,CHARGE
2013-05-26 01:30:00,113.82717,0.049203005,100.0,1,-113.777966995,0.049203005,0.0,0.0,113.777966995,0.0,100.0,CHARGE
2013-05-26 02:00:00,91.80354,0.049203005,100.0,1,-91.754336995,0.049203005,0.0,0.0,91.754336995,0.0,100.0,CHARGE
2013-05-26 02:30:00,77.11887,0.051460844,100.0,1,-77.067409156,0.051460844,0.0,0.0,77.067409156,0.0,100.0,CHARGE
2013-05-26 03:00:00,72.06351,0.06247009,100.0,1,-72.00103990999999,0.06247009,0.0,0.0,72.00103990999999,0.0,100.0,CHARGE
2013-05-26 03:30:00,68.672424,0.06247009,100.0,1,-68.60995391,0.06247009,0.0,0.0,68.60995391,0.0,100.0,CHARGE
2013-05-26 04:00:00,70.59504,0.071032636,100.0,1,-70.524007364,0.071032636,0.0,0.0,70.524007364,0.0,100.0,CHARGE
2013-05-26 04:30:00,69.98607,0.06267166,100.0,1,-69.92339833999999,0.06267166,0.0,0.0,69.92339833999999,0.0,100.0,CHARGE
2013-05-26 05:00:00,78.986694,0.0625378,100.0,1,-78.9241562,0.0625378,0.0,0.0,78.9241562,0.0,100.0,CHARGE
2013-05-26 05:30:00,80.955345,0.0625378,100.0,1,-80.8928072,0.0625378,0.0,0.0,80.8928072,0.0,100.0,CHARGE
2013-05-26 06:00:00,88.667114,0.06222246,100.0,1,-88.60489154,0.06222246,0.0,0.0,88.60489154,0.0,100.0,CHARGE
2013-05-26 06:30:00,95.87898,0.098024786,100.0,1,-95.780955214,0.098024786,0.0,0.0,95.780955214,0.0,100.0,CHARGE
2013-05-26 07:00:00,105.799934,0.4775394,100.0,1,-105.3223946,0.4775394,0.0,0.0,105.3223946,0.0,100.0,CHARGE
2013-05-26 07:30:00,123.04723,4.702478,100.0,1,-118.344752,4.702478,0.0,0.0,118.344752,0.0,100.0,CHARGE
2013-05-26 08:00:00,128.17073,18.72665,100.0,1,-109.44407999999999,18.72665,0.0,0.0,109.44407999999999,0.0,100.0,CHARGE
2013-05-26 08:30:00,130.8617,39.431717,100.0,1,-91.42998300000002,39.431717,0.0,0.0,91.42998300000002,0.0,100.0,CHARGE
2013-05-26 09:00:00,132.44844,64.686935,100.0,1,-67.761505,64.686935,0.0,0.0,67.761505,0.0,100.0,CHARGE
2013-05-26 09:30:00,118.90977,85.67519,100.0,1,-33.234579999999994,85.67519,0.0,0.0,33.234579999999994,0.0,100.0,CHARGE
2013-05-26 10:00:00,124.0385,108.72278,100.0,1,-15.315719999999999,108.72278,0.0,0.0,15.315719999999999,0.0,100.0,CHARGE
2013-05-26 10:30:00,112.87707,119.223816,100.0,1,-0.6346745999999996,112.87707,0.0,0.0,0.0,6.346745999999996,100.0,CHARGE
2013-05-26 11:00:00,111.17868,134.6471,100.0,1,-2.3468419999999997,111.17868,0.0,0.0,0.0,23.468419999999995,100.0,CHARGE
2013-05-26 11:30:00,104.34908,138.1431,100.0,1,-3.3794020000000007,104.34908,0.0,0.0,0.0,33.79402,100.0,CHARGE
2013-05-26 12:00:00,98.879654,138.71515,100.0,1,-3.9835495999999995,98.879654,0.0,0.0,0.0,39.83549599999999,100.0,CHARGE
2013-05-26 12:30:00,98.042694,144.65808,100.0,1,-4.661538600000002,98.042694,0.0,0.0,0.0,46.615386000000015,100.0,CHARGE
2013-05-26 13:00:00,109.097946,141.04642,100.0,1,-3.1948474000000022,109.097946,0.0,0.0,0.0,31.94847400000002,100.0,CHARGE
2013-05-26 13:30:00,99.49237,131.33105,100.0,1,-3.1838680000000013,99.49237,0.0,0.0,0.0,31.83868000000001,100.0,CHARGE
2013-05-26 14:00:00,95.94261,112.84535,100.0,1,-1.6902739999999996,95.94261,0.0,0.0,0.0,16.902739999999994,100.0,CHARGE
2013-05-26 14:30:00,91.09377,99.975204,100.0,1,-0.8881433999999999,91.09377,0.0,0.0,0.0,8.881433999999999,100.0,CHARGE
2013-05-26 15:00:00,91.23393,77.69642,100.0,1,-13.537509999999997,77.69642,0.0,0.0,13.537509999999997,0.0,100.0,CHARGE
2013-05-26 15:30:00,92.32337,52.516693,100.0,1,-39.806677,52.516693,0.0,0.0,39.806677,0.0,100.0,CHARGE
2013-05-26 16:00:00,102.01569,29.904799,100.0,1,-72.11089100000001,29.904799,0.0,0.0,72.11089100000001,0.0,100.0,CHARGE
2013-05-26 16:30:00,125.65226,11.364935,100.0,1,-114.287325,11.364935,0.0,0.0,114.287325,0.0,100.0,CHARGE
2013-05-26 17:00:00,160.79637,1.4231257,100.0,1,-159.3732443,1.4231257,0.0,0.0,159.3732443,0.0,100.0,CHARGE
2013-05-26 17:30:00,191.68488,0.0883037,100.0,1,-191.59657629999998,0.0883037,0.0,0.0,191.59657629999998,0.0,100.0,CHARGE
2013-05-26 18:00:00,206.91275,0.033240374,100.0,1,-206.879509626,0.033240374,0.0,0.0,206.879509626,0.0,100.0,CHARGE
2013-05-26 18:30:00,198.72163,-0.0035032823,100.0,1,-198.7251332823,-0.0035032823,0.0,0.0,198.7251332823,0.0,100.0,CHARGE
2013-05-26 19:00:00,186.90582,-0.20269178,100.0,1,-187.10851178000001,-0.20269178,0.0,0.0,187.10851178000001,0.0,100.0,CHARGE
2013-05-26 19:30:00,174.07155,-0.1997047,100.0,1,-174.27125470000001,-0.1997047,0.0,0.0,174.27125470000001,0.0,100.0,CHARGE
2013-05-26 20:00:00,168.38196,-0.19829671,100.0,1,-168.58025671,-0.19829671,0.0,0.0,168.58025671,0.0,100.0,CHARGE
2013-05-26 20:30:00,168.11024,-0.19879495,100.0,1,-168.30903495,-0.19879495,0.0,0.0,168.30903495,0.0,100.0,CHARGE
2013-05-26 21:00:00,158.85059,-0.1768625,100.0,1,-159.0274525,-0.1768625,0.0,0.0,159.0274525,0.0,100.0,CHARGE
2013-05-26 21:30:00,148.17163,-0.1768625,100.0,1,-148.3484925,-0.1768625,0.0,0.0,148.3484925,0.0,100.0,CHARGE
2013-05-26 22:00:00,149.46712,-0.17097557,100.0,1,-149.63809557,-0.17097557,0.0,0.0,149.63809557,0.0,100.0,CHARGE
2013-05-26 22:30:00,143.8484,-0.17097557,100.0,1,-144.01937557,-0.17097557,0.0,0.0,144.01937557,0.0,100.0,CHARGE
2013-05-26 23:00:00,137.22319,-0.17097557,100.0,1,-137.39416556999998,-0.17097557,0.0,0.0,137.39416556999998,0.0,100.0,CHARGE
2013-05-26 23:30:00,164.01277,-0.17097557,100.0,1,-164.18374556999999,-0.17097557,0.0,0.0,164.18374556999999,0.0,100.0,CHARGE
2013-05-27 00:00:00,179.47763,0.03810958,100.0,1,-179.43952042,0.03810958,0.0,0.0,179.43952042,0.0,100.0,CHARGE
2013-05-27 00:30:00,156.98688,0.03810958,100.0,1,-156.94877042000002,0.03810958,0.0,0.0,156.94877042000002,0.0,100.0,CHARGE
2013-05-27 01:00:00,133.01337,0.0339465,100.0,1,-132.9794235,0.0339465,0.0,0.0,132.9794235,0.0,100.0,CHARGE
2013-05-27 01:30:00,101.70267,0.036466643,100.0,1,-101.666203357,0.036466643,0.0,0.0,101.666203357,0.0,100.0,CHARGE
2013-05-27 02:00:00,82.54724,0.03344912,100.0,1,-82.51379088,0.03344912,0.0,0.0,82.51379088,0.0,100.0,CHARGE
2013-05-27 02:30:00,71.98818,0.03570696,100.0,1,-71.95247304,0.03570696,0.0,0.0,71.95247304,0.0,100.0,CHARGE
2013-05-27 03:00:00,71.22199,0.042413704,100.0,1,-71.17957629600001,0.042413704,0.0,0.0,71.17957629600001,0.0,100.0,CHARGE
2013-05-27 03:30:00,69.8799,0.042413704,100.0,1,-69.83748629600001,0.042413704,0.0,0.0,69.83748629600001,0.0,100.0,CHARGE
2013-05-27 04:00:00,70.246765,0.05769349,100.0,1,-70.18907150999999,0.05769349,0.0,0.0,70.18907150999999,0.0,100.0,CHARGE
2013-05-27 04:30:00,72.38679,0.049332537,100.0,1,-72.337457463,0.049332537,0.0,0.0,72.337457463,0.0,100.0,CHARGE
2013-05-27 05:00:00,78.51656,0.049332537,100.0,1,-78.467227463,0.049332537,0.0,0.0,78.467227463,0.0,100.0,CHARGE
2013-05-27 05:30:00,82.488914,0.049332537,100.0,1,-82.439581463,0.049332537,0.0,0.0,82.439581463,0.0,100.0,CHARGE
2013-05-27 06:00:00,101.73087,0.049332537,100.0,1,-101.681537463,0.049332537,0.0,0.0,101.681537463,0.0,100.0,CHARGE
2013-05-27 06:30:00,131.02393,0.09696813,100.0,1,-130.92696187,0.09696813,0.0,0.0,130.92696187,0.0,100.0,CHARGE
2013-05-27 07:00:00,145.41231,0.494062,100.0,1,-144.91824799999998,0.494062,0.0,0.0,144.91824799999998,0.0,100.0,CHARGE
2013-05-27 07:30:00,152.23009,3.9977596,100.0,1,-148.2323304,3.9977596,0.0,0.0,148.2323304,0.0,100.0,CHARGE
2013-05-27 08:00:00,135.33194,9.636692,100.0,1,-125.695248,9.636692,0.0,0.0,125.695248,0.0,100.0,CHARGE
2013-05-27 08:30:00,133.67648,15.122943,100.0,1,-118.553537,15.122943,0.0,0.0,118.553537,0.0,100.0,CHARGE
2013-05-27 09:00:00,119.72778,17.1812,100.0,1,-102.54657999999999,17.1812,0.0,0.0,102.54657999999999,0.0,100.0,CHARGE
2013-05-27 09:30:00,105.867134,29.799198,100.0,1,-76.06793599999999,29.799198,0.0,0.0,76.06793599999999,0.0,100.0,CHARGE
2013-05-27 10:00:00,106.45562,39.444416,100.0,1,-67.01120399999999,39.444416,0.0,0.0,67.01120399999999,0.0,100.0,CHARGE
2013-05-27 10:30:00,102.91324,57.23549,100.0,1,-45.67775,57.23549,0.0,0.0,45.67775,0.0,100.0,CHARGE
2013-05-27 11:00:00,90.41418,70.60583,100.0,1,-19.808350000000004,70.60583,0.0,0.0,19.808350000000004,0.0,100.0,CHARGE
2013-05-27 11:30:00,98.17627,79.09309,100.0,1,-19.08318,79.09309,0.0,0.0,19.08318,0.0,100.0,CHARGE
2013-05-27 12:00:00,88.3245,80.44524,100.0,1,-7.879260000000002,80.44524,0.0,0.0,7.879260000000002,0.0,100.0,CHARGE
2013-05-27 12:30:00,88.94271,75.36465,100.0,1,-13.578060000000008,75.36465,0.0,0.0,13.578060000000008,0.0,100.0,CHARGE
2013-05-27 13:00:00,92.65361,77.89844,100.0,1,-14.755170000000007,77.89844,0.0,0.0,14.755170000000007,0.0,100.0,CHARGE
2013-05-27 13:30:00,90.08881,77.35348,100.0,1,-12.73532999999999,77.35348,0.0,0.0,12.73532999999999,0.0,100.0,CHARGE
2013-05-27 14:00:00,88.39831,66.51134,100.0,1,-21.88696999999999,66.51134,0.0,0.0,21.88696999999999,0.0,100.0,CHARGE
2013-05-27 14:30:00,85.5441,62.525406,100.0,1,-23.018694000000004,62.525406,0.0,0.0,23.018694000000004,0.0,100.0,CHARGE
2013-05-27 15:00:00,88.709335,54.307995,100.0,1,-34.40134,54.307995,0.0,0.0,34.40134,0.0,100.0,CHARGE
2013-05-27 15:30:00,97.000534,42.407818,100.0,1,-54.592716,42.407818,0.0,0.0,54.592716,0.0,100.0,CHARGE
2013-05-27 16:00:00,110.21245,23.543304,100.0,1,-86.66914600000001,23.543304,0.0,0.0,86.66914600000001,0.0,100.0,CHARGE
2013-05-27 16:30:00,130.89574,9.82829,100.0,1,-121.06745,9.82829,0.0,0.0,121.06745,0.0,100.0,CHARGE
2013-05-27 17:00:00,164.41685,1.5144876,100.0,1,-162.90236240000002,1.5144876,0.0,0.0,162.90236240000002,0.0,100.0,CHARGE
2013-05-27 17:30:00,201.90518,0.14438406,100.0,1,-201.76079594,0.14438406,0.0,0.0,201.76079594,0.0,100.0,CHARGE
2013-05-27 18:00:00,206.01222,-0.014716121,100.0,1,-206.026936121,-0.014716121,0.0,0.0,206.026936121,0.0,100.0,CHARGE
2013-05-27 18:30:00,198.22882,-0.027773801,100.0,1,-198.256593801,-0.027773801,0.0,0.0,198.256593801,0.0,100.0,CHARGE
2013-05-27 19:00:00,192.08206,-0.042983472,100.0,1,-192.12504347200002,-0.042983472,0.0,0.0,192.12504347200002,0.0,100.0,CHARGE
2013-05-27 19:30:00,189.52965,-0.039996415,100.0,1,-189.569646415,-0.039996415,0.0,0.0,189.569646415,0.0,100.0,CHARGE
2013-05-27 20:00:00,181.10214,-0.019247368,100.0,1,-181.121387368,-0.019247368,0.0,0.0,181.121387368,0.0,100.0,CHARGE
2013-05-27 20:30:00,173.84378,-0.019888654,100.0,1,-173.863668654,-0.019888654,0.0,0.0,173.863668654,0.0,100.0,CHARGE
2013-05-27 21:00:00,172.1667,-0.005933561,100.0,1,-172.172633561,-0.005933561,0.0,0.0,172.172633561,0.0,100.0,CHARGE
2013-05-27 21:30:00,166.04376,-0.005933561,100.0,1,-166.049693561,-0.005933561,0.0,0.0,166.049693561,0.0,100.0,CHARGE
2013-05-27 22:00:00,155.65068,-0.015161474,100.0,1,-155.665841474,-0.015161474,0.0,0.0,155.665841474,0.0,100.0,CHARGE
2013-05-27 22:30:00,149.91557,-0.015161474,100.0,1,-149.930731474,-0.015161474,0.0,0.0,149.930731474,0.0,100.0,CHARGE
2013-05-27 23:00:00,132.10493,0.00841735,100.0,1,-132.09651265,0.00841735,0.0,0.0,132.09651265,0.0,100.0,CHARGE
2013-05-27 23:30:00,176.46327,0.00841735,100.0,1,-176.45485265,0.00841735,0.0,0.0,176.45485265,0.0,100.0,CHARGE
2013-05-28 00:00:00,185.19186,0.0048422283,100.0,1,-185.1870177717,0.0048422283,0.0,0.0,185.1870177717,0.0,100.0,CHARGE
2013-05-28 00:30:00,162.76657,0.0048422283,100.0,1,-162.7617277717,0.0048422283,0.0,0.0,162.7617277717,0.0,100.0,CHARGE
2013-05-28 01:00:00,141.59956,-0.032722883,100.0,1,-141.632282883,-0.032722883,0.0,0.0,141.632282883,0.0,100.0,CHARGE
2013-05-28 01:30:00,122.80586,-0.032722883,100.0,1,-122.838582883,-0.032722883,0.0,0.0,122.838582883,0.0,100.0,CHARGE
2013-05-28 02:00:00,100.01309,-0.026698997,100.0,1,-100.039788997,-0.026698997,0.0,0.0,100.039788997,0.0,100.0,CHARGE
2013-05-28 02:30:00,78.54353,-0.028434182,100.0,1,-78.571964182,-0.028434182,0.0,0.0,78.571964182,0.0,100.0,CHARGE
2013-05-28 03:00:00,65.28881,-0.05472926,100.0,1,-65.34353926,-0.05472926,0.0,0.0,65.34353926,0.0,100.0,CHARGE
2013-05-28 03:30:00,65.97015,-0.05472926,100.0,1,-66.02487926,-0.05472926,0.0,0.0,66.02487926,0.0,100.0,CHARGE
2013-05-28 04:00:00,66.041794,-0.019164791,100.0,1,-66.06095879099999,-0.019164791,0.0,0.0,66.06095879099999,0.0,100.0,CHARGE
2013-05-28 04:30:00,67.746,-0.029369375,100.0,1,-67.775369375,-0.029369375,0.0,0.0,67.775369375,0.0,100.0,CHARGE
2013-05-28 05:00:00,71.86944,0.069373414,100.0,1,-71.800066586,0.069373414,0.0,0.0,71.800066586,0.0,100.0,CHARGE
2013-05-28 05:30:00,87.41143,0.069373414,100.0,1,-87.342056586,0.069373414,0.0,0.0,87.342056586,0.0,100.0,CHARGE
2013-05-28 06:00:00,100.471146,0.013844605,100.0,1,-100.457301395,0.013844605,0.0,0.0,100.457301395,0.0,100.0,CHARGE
2013-05-28 06:30:00,117.788666,0.012248554,100.0,1,-117.77641744600001,0.012248554,0.0,0.0,117.77641744600001,0.0,100.0,CHARGE
2013-05-28 07:00:00,130.28096,0.36624667,100.0,1,-129.91471332999998,0.36624667,0.0,0.0,129.91471332999998,0.0,100.0,CHARGE
2013-05-28 07:30:00,135.53387,2.7361047,100.0,1,-132.7977653,2.7361047,0.0,0.0,132.7977653,0.0,100.0,CHARGE
2013-05-28 08:00:00,128.9447,9.768156,100.0,1,-119.176544,9.768156,0.0,0.0,119.176544,0.0,100.0,CHARGE
2013-05-28 08:30:00,107.07589,15.502525,100.0,1,-91.573365,15.502525,0.0,0.0,91.573365,0.0,100.0,CHARGE
2013-05-28 09:00:00,95.04452,21.97357,100.0,1,-73.07095000000001,21.97357,0.0,0.0,73.07095000000001,0.0,100.0,CHARGE
2013-05-28 09:30:00,99.94797,30.381971,100.0,1,-69.565999,30.381971,0.0,0.0,69.565999,0.0,100.0,CHARGE
2013-05-28 10:00:00,94.7499,46.067413,100.0,1,-48.682486999999995,46.067413,0.0,0.0,48.682486999999995,0.0,100.0,CHARGE
2013-05-28 10:30:00,100.08819,52.48833,100.0,1,-47.59986,52.48833,0.0,0.0,47.59986,0.0,100.0,CHARGE
2013-05-28 11:00:00,99.61968,72.840294,100.0,1,-26.779386000000002,72.840294,0.0,0.0,26.779386000000002,0.0,100.0,CHARGE
2013-05-28 11:30:00,100.964226,85.99265,100.0,1,-14.971575999999999,85.99265,0.0,0.0,14.971575999999999,0.0,100.0,CHARGE
2013-05-28 12:00:00,98.09141,86.81531,100.0,1,-11.2761,86.81531,0.0,0.0,11.2761,0.0,100.0,CHARGE
2013-05-28 12:30:00,93.48616,86.242874,100.0,1,-7.243285999999998,86.242874,0.0,0.0,7.243285999999998,0.0,100.0,CHARGE
2013-05-28 13:00:00,91.37761,91.50519,100.0,1,-0.012757999999999471,91.37761,0.0,0.0,0.0,0.1275799999999947,100.0,CHARGE
2013-05-28 13:30:00,86.12443,85.08499,100.0,1,-1.039439999999999,85.08499,0.0,0.0,1.039439999999999,0.0,100.0,CHARGE
2013-05-28 14:00:00,86.91582,67.52212,100.0,1,-19.393699999999995,67.52212,0.0,0.0,19.393699999999995,0.0,100.0,CHARGE
2013-05-28 14:30:00,81.46515,47.636765,100.0,1,-33.828385,47.636765,0.0,0.0,33.828385,0.0,100.0,CHARGE
2013-05-28 15:00:00,81.65653,43.0215,100.0,1,-38.63503,43.0215,0.0,0.0,38.63503,0.0,100.0,CHARGE
2013-05-28 15:30:00,91.82964,27.63091,100.0,1,-64.19873,27.63091,0.0,0.0,64.19873,0.0,100.0,CHARGE
2013-05-28 16:00:00,112.20056,15.651525,100.0,1,-96.549035,15.651525,0.0,0.0,96.549035,0.0,100.0,CHARGE
2013-05-28 16:30:00,131.88574,8.240142,100.0,1,-123.64559799999999,8.240142,0.0,0.0,123.64559799999999,0.0,100.0,CHARGE
2013-05-28 17:00:00,155.23006,1.0759642,100.0,1,-154.15409580000002,1.0759642,0.0,0.0,154.15409580000002,0.0,100.0,CHARGE
2013-05-28 17:30:00,189.40724,0.04650759,100.0,1,-189.36073241,0.04650759,0.0,0.0,189.36073241,0.0,100.0,CHARGE
2013-05-28 18:00:00,194.71417,-0.01734528,100.0,1,-194.73151528,-0.01734528,0.0,0.0,194.73151528,0.0,100.0,CHARGE
2013-05-28 18:30:00,184.456,-0.03253107,100.0,1,-184.48853107,-0.03253107,0.0,0.0,184.48853107,0.0,100.0,CHARGE
2013-05-28 19:00:00,169.50986,-0.013614328,100.0,1,-169.523474328,-0.013614328,0.0,0.0,169.523474328,0.0,100.0,CHARGE
2013-05-28 19:30:00,167.11423,-0.010627265,100.0,1,-167.124857265,-0.010627265,0.0,0.0,167.124857265,0.0,100.0,CHARGE
2013-05-28 20:00:00,162.34721,0.027924765,100.0,1,-162.319285235,0.027924765,0.0,0.0,162.319285235,0.0,100.0,CHARGE
2013-05-28 20:30:00,166.62767,0.027283493,100.0,1,-166.600386507,0.027283493,0.0,0.0,166.600386507,0.0,100.0,CHARGE
2013-05-28 21:00:00,149.24648,-0.026339326,100.0,1,-149.272819326,-0.026339326,0.0,0.0,149.272819326,0.0,100.0,CHARGE
2013-05-28 21:30:00,140.75531,-0.026339326,100.0,1,-140.781649326,-0.026339326,0.0,0.0,140.781649326,0.0,100.0,CHARGE
2013-05-28 22:00:00,139.8367,0.04122579,100.0,1,-139.79547421,0.04122579,0.0,0.0,139.79547421,0.0,100.0,CHARGE
2013-05-28 22:30:00,144.6087,0.04122579,100.0,1,-144.56747421,0.04122579,0.0,0.0,144.56747421,0.0,100.0,CHARGE
2013-05-28 23:00:00,133.5811,0.07782121,100.0,1,-133.50327879,0.07782121,0.0,0.0,133.50327879,0.0,100.0,CHARGE
2013-05-28 23:30:00,157.7977,0.07782121,100.0,1,-157.71987879,0.07782121,0.0,0.0,157.71987879,0.0,100.0,CHARGE
2013-05-29 00:00:00,180.4741,0.6710555,100.0,1,-179.8030445,0.6710555,0.0,0.0,179.8030445,0.0,100.0,CHARGE
2013-05-29 00:30:00,168.98637,0.6710555,100.0,1,-168.3153145,0.6710555,0.0,0.0,168.3153145,0.0,100.0,CHARGE
2013-05-29 01:00:00,139.61887,0.08292526,100.0,1,-139.53594474,0.08292526,0.0,0.0,139.53594474,0.0,100.0,CHARGE
2013-05-29 01:30:00,109.19828,0.0854454,100.0,1,-109.1128346,0.0854454,0.0,0.0,109.1128346,0.0,100.0,CHARGE
2013-05-29 02:00:00,94.51693,0.0854454,100.0,1,-94.4314846,0.0854454,0.0,0.0,94.4314846,0.0,100.0,CHARGE
2013-05-29 02:30:00,73.82422,0.08770324,100.0,1,-73.73651676,0.08770324,0.0,0.0,73.73651676,0.0,100.0,CHARGE
2013-05-29 03:00:00,67.538284,0.08770324,100.0,1,-67.45058076000001,0.08770324,0.0,0.0,67.45058076000001,0.0,100.0,CHARGE
2013-05-29 03:30:00,68.327675,0.08770324,100.0,1,-68.23997176,0.08770324,0.0,0.0,68.23997176,0.0,100.0,CHARGE
2013-05-29 04:00:00,67.7634,0.69102013,100.0,1,-67.07237987,0.69102013,0.0,0.0,67.07237987,0.0,100.0,CHARGE
2013-05-29 04:30:00,70.498184,0.68265915,100.0,1,-69.81552484999999,0.68265915,0.0,0.0,69.81552484999999,0.0,100.0,CHARGE
2013-05-29 05:00:00,77.87007,0.09814483,100.0,1,-77.77192517,0.09814483,0.0,0.0,77.77192517,0.0,100.0,CHARGE
2013-05-29 05:30:00,92.92066,0.09814483,100.0,1,-92.82251517,0.09814483,0.0,0.0,92.82251517,0.0,100.0,CHARGE
2013-05-29 06:00:00,101.38422,0.11772087,100.0,1,-101.26649913,0.11772087,0.0,0.0,101.26649913,0.0,100.0,CHARGE
2013-05-29 06:30:00,116.53729,0.15352303,100.0,1,-116.38376697,0.15352303,0.0,0.0,116.38376697,0.0,100.0,CHARGE
2013-05-29 07:00:00,130.30923,0.6082347,100.0,1,-129.70099530000002,0.6082347,0.0,0.0,129.70099530000002,0.0,100.0,CHARGE
2013-05-29 07:30:00,135.81094,3.3463385,100.0,1,-132.4646015,3.3463385,0.0,0.0,132.4646015,0.0,100.0,CHARGE
2013-05-29 08:00:00,127.99586,10.48488,100.0,1,-117.51097999999999,10.48488,0.0,0.0,117.51097999999999,0.0,100.0,CHARGE
2013-05-29 08:30:00,105.215,25.618305,100.0,1,-79.59669500000001,25.618305,0.0,0.0,79.59669500000001,0.0,100.0,CHARGE
2013-05-29 09:00:00,90.93291,40.073734,100.0,1,-50.859176000000005,40.073734,0.0,0.0,50.859176000000005,0.0,100.0,CHARGE
2013-05-29 09:30:00,97.881165,61.757877,100.0,1,-36.123287999999995,61.757877,0.0,0.0,36.123287999999995,0.0,100.0,CHARGE
2013-05-29 10:00:00,88.06014,82.91788,100.0,1,-5.142260000000007,82.91788,0.0,0.0,5.142260000000007,0.0,100.0,CHARGE
2013-05-29 10:30:00,88.939964,95.7006,100.0,1,-0.6760635999999991,88.939964,0.0,0.0,0.0,6.760635999999991,100.0,CHARGE
2013-05-29 11:00:00,83.057365,108.66823,100.0,1,-2.561086499999999,83.057365,0.0,0.0,0.0,25.61086499999999,100.0,CHARGE
2013-05-29 11:30:00,82.625,113.043175,100.0,1,-3.0418175000000005,82.625,0.0,0.0,0.0,30.418175000000005,100.0,CHARGE
2013-05-29 12:00:00,77.315025,122.35,100.0,1,-4.503497499999999,77.315025,0.0,0.0,0.0,45.03497499999999,100.0,CHARGE
2013-05-29 12:30:00,79.15256,125.796425,100.0,1,-4.664386500000001,79.15256,0.0,0.0,0.0,46.643865000000005,100.0,CHARGE
2013-05-29 13:00:00,79.15887,118.99037,100.0,1,-3.9831500000000006,79.15887,0.0,0.0,0.0,39.831500000000005,100.0,CHARGE
2013-05-29 13:30:00,76.37541,115.65729,100.0,1,-3.9281880000000005,76.37541,0.0,0.0,0.0,39.28188,100.0,CHARGE
2013-05-29 14:00:00,76.05558,105.632225,100.0,1,-2.9576645,76.05558,0.0,0.0,0.0,29.576645,100.0,CHARGE
2013-05-29 14:30:00,71.629234,88.03305,100.0,1,-1.6403816000000007,71.629234,0.0,0.0,0.0,16.403816000000006,100.0,CHARGE
2013-05-29 15:00:00,73.22394,65.109955,100.0,1,-8.113985,65.109955,0.0,0.0,8.113985,0.0,100.0,CHARGE
2013-05-29 15:30:00,75.356804,42.727097,100.0,1,-32.629706999999996,42.727097,0.0,0.0,32.629706999999996,0.0,100.0,CHARGE
2013-05-29 16:00:00,91.309975,22.270487,100.0,1,-69.03948799999999,22.270487,0.0,0.0,69.03948799999999,0.0,100.0,CHARGE
2013-05-29 16:30:00,110.97475,9.555935,100.0,1,-101.418815,9.555935,0.0,0.0,101.418815,0.0,100.0,CHARGE
2013-05-29 17:00:00,137.97421,1.3346753,100.0,1,-136.6395347,1.3346753,0.0,0.0,136.6395347,0.0,100.0,CHARGE
2013-05-29 17:30:00,162.00418,-0.060429923,100.0,1,-162.06460992299998,-0.060429923,0.0,0.0,162.06460992299998,0.0,100.0,CHARGE
2013-05-29 18:00:00,173.55124,0.056971792,100.0,1,-173.494268208,0.056971792,0.0,0.0,173.494268208,0.0,100.0,CHARGE
2013-05-29 18:30:00,164.87308,0.037964206,100.0,1,-164.835115794,0.037964206,0.0,0.0,164.835115794,0.0,100.0,CHARGE
2013-05-29 19:00:00,160.60706,0.03400415,100.0,1,-160.57305585,0.03400415,0.0,0.0,160.57305585,0.0,100.0,CHARGE
2013-05-29 19:30:00,154.12662,0.036991213,100.0,1,-154.089628787,0.036991213,0.0,0.0,154.089628787,0.0,100.0,CHARGE
2013-05-29 20:00:00,151.66089,0.03765531,100.0,1,-151.62323469,0.03765531,0.0,0.0,151.62323469,0.0,100.0,CHARGE
2013-05-29 20:30:00,156.54947,0.03701403,100.0,1,-156.51245597000002,0.03701403,0.0,0.0,156.51245597000002,0.0,100.0,CHARGE
2013-05-29 21:00:00,141.79256,0.0689566,100.0,1,-141.7236034,0.0689566,0.0,0.0,141.7236034,0.0,100.0,CHARGE
2013-05-29 21:30:00,130.06557,0.0689566,100.0,1,-129.9966134,0.0689566,0.0,0.0,129.9966134,0.0,100.0,CHARGE
2013-05-29 22:00:00,135.99168,0.07479928,100.0,1,-135.91688072,0.07479928,0.0,0.0,135.91688072,0.0,100.0,CHARGE
2013-05-29 22:30:00,136.37834,0.07479928,100.0,1,-136.30354072,0.07479928,0.0,0.0,136.30354072,0.0,100.0,CHARGE
2013-05-29 23:00:00,134.43999,0.07495224,100.0,1,-134.36503776,0.07495224,0.0,0.0,134.36503776,0.0,100.0,CHARGE
2013-05-29 23:30:00,165.70227,0.07495224,100.0,1,-165.62731776,0.07495224,0.0,0.0,165.62731776,0.0,100.0,CHARGE
2013-05-30 00:00:00,169.85486,0.06169776,100.0,1,-169.79316224000002,0.06169776,0.0,0.0,169.79316224000002,0.0,100.0,CHARGE
2013-05-30 00:30:00,160.55473,0.06169776,100.0,1,-160.49303224000002,0.06169776,0.0,0.0,160.49303224000002,0.0,100.0,CHARGE
2013-05-30 01:00:00,138.91368,0.061304294,100.0,1,-138.852375706,0.061304294,0.0,0.0,138.852375706,0.0,100.0,CHARGE
2013-05-30 01:30:00,108.15732,0.063824445,100.0,1,-108.093495555,0.063824445,0.0,0.0,108.093495555,0.0,100.0,CHARGE
2013-05-30 02:00:00,90.29389,0.07449491,100.0,1,-90.21939509,0.07449491,0.0,0.0,90.21939509,0.0,100.0,CHARGE
2013-05-30 02:30:00,79.879555,0.07675276,100.0,1,-79.80280223999999,0.07675276,0.0,0.0,79.80280223999999,0.0,100.0,CHARGE
2013-05-30 03:00:00,62.12157,0.08403755,100.0,1,-62.03753245,0.08403755,0.0,0.0,62.03753245,0.0,100.0,CHARGE
2013-05-30 03:30:00,67.429085,0.08403755,100.0,1,-67.34504745,0.08403755,0.0,0.0,67.34504745,0.0,100.0,CHARGE
2013-05-30 04:00:00,67.75443,0.0992242,100.0,1,-67.6552058,0.0992242,0.0,0.0,67.6552058,0.0,100.0,CHARGE
2013-05-30 04:30:00,67.68323,0.09086325,100.0,1,-67.59236675,0.09086325,0.0,0.0,67.59236675,0.0,100.0,CHARGE
2013-05-30 05:00:00,72.01262,0.11699741,100.0,1,-71.89562259,0.11699741,0.0,0.0,71.89562259,0.0,100.0,CHARGE
2013-05-30 05:30:00,87.37155,0.11699741,100.0,1,-87.25455259,0.11699741,0.0,0.0,87.25455259,0.0,100.0,CHARGE
2013-05-30 06:00:00,104.52263,0.09901368,100.0,1,-104.42361632000001,0.09901368,0.0,0.0,104.42361632000001,0.0,100.0,CHARGE
2013-05-30 06:30:00,134.02669,0.15255198,100.0,1,-133.87413802,0.15255198,0.0,0.0,133.87413802,0.0,100.0,CHARGE
2013-05-30 07:00:00,128.4611,0.4797864,100.0,1,-127.9813136,0.4797864,0.0,0.0,127.9813136,0.0,100.0,CHARGE
2013-05-30 07:30:00,127.70656,3.4480672,100.0,1,-124.2584928,3.4480672,0.0,0.0,124.2584928,0.0,100.0,CHARGE
2013-05-30 08:00:00,126.38298,11.124511,100.0,1,-115.258469,11.124511,0.0,0.0,115.258469,0.0,100.0,CHARGE
2013-05-30 08:30:00,110.72748,27.440348,100.0,1,-83.287132,27.440348,0.0,0.0,83.287132,0.0,100.0,CHARGE
2013-05-30 09:00:00,97.16085,50.823013,100.0,1,-46.33783699999999,50.823013,0.0,0.0,46.33783699999999,0.0,100.0,CHARGE
2013-05-30 09:30:00,82.41984,76.71129,100.0,1,-5.708549999999988,76.71129,0.0,0.0,5.708549999999988,0.0,100.0,CHARGE
2013-05-30 10:00:00,84.02654,93.483604,100.0,1,-0.9457064000000003,84.02654,0.0,0.0,0.0,9.457064000000003,100.0,CHARGE
2013-05-30 10:30:00,86.20414,110.83677,100.0,1,-2.463263000000001,86.20414,0.0,0.0,0.0,24.632630000000006,100.0,CHARGE
2013-05-30 11:00:00,77.76456,124.260124,100.0,1,-4.649556400000001,77.76456,0.0,0.0,0.0,46.495564,100.0,CHARGE
2013-05-30 11:30:00,80.63306,123.812996,100.0,1,-4.3179936,80.63306,0.0,0.0,0.0,43.179936,100.0,CHARGE
2013-05-30 12:00:00,77.779854,126.71574,100.0,1,-4.8935886,77.779854,0.0,0.0,0.0,48.935885999999996,100.0,CHARGE
2013-05-30 12:30:00,76.85563,123.81147,100.0,1,-4.695583999999999,76.85563,0.0,0.0,0.0,46.955839999999995,100.0,CHARGE
2013-05-30 13:00:00,75.88556,115.454865,100.0,1,-3.9569305000000004,75.88556,0.0,0.0,0.0,39.569305,100.0,CHARGE
2013-05-30 13:30:00,75.56253,116.32368,100.0,1,-4.076115000000001,75.56253,0.0,0.0,0.0,40.76115,100.0,CHARGE
2013-05-30 14:00:00,76.80684,108.65465,100.0,1,-3.184781000000001,76.80684,0.0,0.0,0.0,31.84781000000001,100.0,CHARGE
2013-05-30 14:30:00,71.57871,80.07229,100.0,1,-0.8493579999999995,71.57871,0.0,0.0,0.0,8.493579999999994,100.0,CHARGE
2013-05-30 15:00:00,73.86158,57.849438,100.0,1,-16.012142000000004,57.849438,0.0,0.0,16.012142000000004,0.0,100.0,CHARGE
2013-05-30 15:30:00,75.72491,44.830875,100.0,1,-30.894034999999995,44.830875,0.0,0.0,30.894034999999995,0.0,100.0,CHARGE
2013-05-30 16:00:00,86.13901,21.903475,100.0,1,-64.235535,21.903475,0.0,0.0,64.235535,0.0,100.0,CHARGE
2013-05-30 16:30:00,112.52341,9.091119,100.0,1,-103.43229099999999,9.091119,0.0,0.0,103.43229099999999,0.0,100.0,CHARGE
2013-05-30 17:00:00,127.54288,0.9671429,100.0,1,-126.5757371,0.9671429,0.0,0.0,126.5757371,0.0,100.0,CHARGE
2013-05-30 17:30:00,156.07352,-0.1446591,100.0,1,-156.21817910000001,-0.1446591,0.0,0.0,156.21817910000001,0.0,100.0,CHARGE
2013-05-30 18:00:00,163.29352,-0.07068513,100.0,1,-163.36420513,-0.07068513,0.0,0.0,163.36420513,0.0,100.0,CHARGE
2013-05-30 18:30:00,152.77208,-0.08374282,100.0,1,-152.85582282,-0.08374282,0.0,0.0,152.85582282,0.0,100.0,CHARGE
2013-05-30 19:00:00,153.61116,-0.081312194,100.0,1,-153.692472194,-0.081312194,0.0,0.0,153.692472194,0.0,100.0,CHARGE
2013-05-30 19:30:00,156.36037,-0.07832514,100.0,1,-156.43869514,-0.07832514,0.0,0.0,156.43869514,0.0,100.0,CHARGE
2013-05-30 20:00:00,155.60846,-0.03657787,100.0,1,-155.64503787,-0.03657787,0.0,0.0,155.64503787,0.0,100.0,CHARGE
2013-05-30 20:30:00,150.55045,-0.037219156,100.0,1,-150.587669156,-0.037219156,0.0,0.0,150.587669156,0.0,100.0,CHARGE
2013-05-30 21:00:00,146.5611,0.021731695,100.0,1,-146.539368305,0.021731695,0.0,0.0,146.539368305,0.0,100.0,CHARGE
2013-05-30 21:30:00,134.4551,0.021731695,100.0,1,-134.433368305,0.021731695,0.0,0.0,134.433368305,0.0,100.0,CHARGE
2013-05-30 22:00:00,139.74243,0.008781384,100.0,1,-139.733648616,0.008781384,0.0,0.0,139.733648616,0.0,100.0,CHARGE
2013-05-30 22:30:00,147.30804,0.008781384,100.0,1,-147.299258616,0.008781384,0.0,0.0,147.299258616,0.0,100.0,CHARGE
2013-05-30 23:00:00,133.08717,0.046536848,100.0,1,-133.040633152,0.046536848,0.0,0.0,133.040633152,0.0,100.0,CHARGE
2013-05-30 23:30:00,161.70518,0.046536848,100.0,1,-161.65864315200002,0.046536848,0.0,0.0,161.65864315200002,0.0,100.0,CHARGE
2013-05-31 00:00:00,166.2313,0.09430132,100.0,1,-166.13699868,0.09430132,0.0,0.0,166.13699868,0.0,100.0,CHARGE
2013-05-31 00:30:00,155.92752,0.09430132,100.0,1,-155.83321868,0.09430132,0.0,0.0,155.83321868,0.0,100.0,CHARGE
2013-05-31 01:00:00,132.64856,0.08635299,100.0,1,-132.56220701,0.08635299,0.0,0.0,132.56220701,0.0,100.0,CHARGE
2013-05-31 01:30:00,105.47494,0.08887313,100.0,1,-105.38606687000001,0.08887313,0.0,0.0,105.38606687000001,0.0,100.0,CHARGE
2013-05-31 02:00:00,83.85634,0.07803411,100.0,1,-83.77830589,0.07803411,0.0,0.0,83.77830589,0.0,100.0,CHARGE
2013-05-31 02:30:00,70.74646,0.08029196,100.0,1,-70.66616804,0.08029196,0.0,0.0,70.66616804,0.0,100.0,CHARGE
2013-05-31 03:00:00,69.29145,0.09116736,100.0,1,-69.20028264,0.09116736,0.0,0.0,69.20028264,0.0,100.0,CHARGE
2013-05-31 03:30:00,67.71102,0.09116736,100.0,1,-67.61985264,0.09116736,0.0,0.0,67.61985264,0.0,100.0,CHARGE
2013-05-31 04:00:00,67.614815,0.10219094,100.0,1,-67.51262406,0.10219094,0.0,0.0,67.51262406,0.0,100.0,CHARGE
2013-05-31 04:30:00,67.99616,0.09382999,100.0,1,-67.90233001,0.09382999,0.0,0.0,67.90233001,0.0,100.0,CHARGE
2013-05-31 05:00:00,73.319244,0.09382999,100.0,1,-73.22541401,0.09382999,0.0,0.0,73.22541401,0.0,100.0,CHARGE
2013-05-31 05:30:00,84.53012,0.09382999,100.0,1,-84.43629001,0.09382999,0.0,0.0,84.43629001,0.0,100.0,CHARGE
2013-05-31 06:00:00,100.88204,0.097993076,100.0,1,-100.78404692400001,0.097993076,0.0,0.0,100.78404692400001,0.0,100.0,CHARGE
2013-05-31 06:30:00,126.420006,0.15153141,100.0,1,-126.26847459,0.15153141,0.0,0.0,126.26847459,0.0,100.0,CHARGE
2013-05-31 07:00:00,126.56176,0.51837903,100.0,1,-126.04338097,0.51837903,0.0,0.0,126.04338097,0.0,100.0,CHARGE
2013-05-31 07:30:00,120.67615,3.6389308,100.0,1,-117.03721920000001,3.6389308,0.0,0.0,117.03721920000001,0.0,100.0,CHARGE
2013-05-31 08:00:00,121.33854,16.631296,100.0,1,-104.707244,16.631296,0.0,0.0,104.707244,0.0,100.0,CHARGE
2013-05-31 08:30:00,108.752556,34.87275,100.0,1,-73.879806,34.87275,0.0,0.0,73.879806,0.0,100.0,CHARGE
2013-05-31 09:00:00,89.84161,57.319714,100.0,1,-32.521896000000005,57.319714,0.0,0.0,32.521896000000005,0.0,100.0,CHARGE
2013-05-31 09:30:00,82.350784,82.63093,100.0,1,-0.028014600000000202,82.350784,0.0,0.0,0.0,0.280146000000002,100.0,CHARGE
2013-05-31 10:00:00,82.03853,98.56383,100.0,1,-1.6525300000000003,82.03853,0.0,0.0,0.0,16.5253,100.0,CHARGE
2013-05-31 10:30:00,83.50469,115.54086,100.0,1,-3.203617,83.50469,0.0,0.0,0.0,32.03617,100.0,CHARGE
2013-05-31 11:00:00,85.265366,126.59214,100.0,1,-4.1326774,85.265366,0.0,0.0,0.0,41.326774,100.0,CHARGE
2013-05-31 11:30:00,81.04671,125.677055,100.0,1,-4.463034499999999,81.04671,0.0,0.0,0.0,44.63034499999999,100.0,CHARGE
2013-05-31 12:00:00,79.852036,129.10031,100.0,1,-4.924827400000002,79.852036,0.0,0.0,0.0,49.24827400000001,100.0,CHARGE
2013-05-31 12:30:00,77.11987,129.06322,100.0,1,-5.194335,77.11987,0.0,0.0,0.0,51.943349999999995,100.0,CHARGE
2013-05-31 13:00:00,74.5984,129.76721,100.0,1,-5.5168810000000015,74.5984,0.0,0.0,0.0,55.16881000000001,100.0,CHARGE
2013-05-31 13:30:00,76.45864,123.98372,100.0,1,-4.752508000000001,76.45864,0.0,0.0,0.0,47.52508,100.0,CHARGE
2013-05-31 14:00:00,72.18465,108.906784,100.0,1,-3.6722134,72.18465,0.0,0.0,0.0,36.722134,100.0,CHARGE
2013-05-31 14:30:00,71.173874,96.0937,100.0,1,-2.4919826,71.173874,0.0,0.0,0.0,24.919826,100.0,CHARGE
2013-05-31 15:00:00,72.275055,73.112274,100.0,1,-0.08372190000000046,72.275055,0.0,0.0,0.0,0.8372190000000046,100.0,CHARGE
2013-05-31 15:30:00,74.6035,50.9985,100.0,1,-23.604999999999997,50.9985,0.0,0.0,23.604999999999997,0.0,100.0,CHARGE
2013-05-31 16:00:00,83.191895,28.815956,100.0,1,-54.375939,28.815956,0.0,0.0,54.375939,0.0,100.0,CHARGE
2013-05-31 16:30:00,94.83538,10.372039,100.0,1,-84.463341,10.372039,0.0,0.0,84.463341,0.0,100.0,CHARGE
2013-05-31 17:00:00,120.00386,0.90499765,100.0,1,-119.09886235,0.90499765,0.0,0.0,119.09886235,0.0,100.0,CHARGE
2013-05-31 17:30:00,154.30817,-0.07098266,100.0,1,-154.37915266,-0.07098266,0.0,0.0,154.37915266,0.0,100.0,CHARGE
2013-05-31 18:00:00,164.62032,-0.16332775,100.0,1,-164.78364775,-0.16332775,0.0,0.0,164.78364775,0.0,100.0,CHARGE
2013-05-31 18:30:00,153.01088,-0.1763854,100.0,1,-153.18726539999997,-0.1763854,0.0,0.0,153.18726539999997,0.0,100.0,CHARGE
2013-05-31 19:00:00,148.38147,-0.15807562,100.0,1,-148.53954562,-0.15807562,0.0,0.0,148.53954562,0.0,100.0,CHARGE
2013-05-31 19:30:00,144.81725,-0.15508851,100.0,1,-144.97233851000001,-0.15508851,0.0,0.0,144.97233851000001,0.0,100.0,CHARGE
2013-05-31 20:00:00,139.473,0.0056117843,100.0,1,-139.46738821570003,0.0056117843,0.0,0.0,139.46738821570003,0.0,100.0,CHARGE
2013-05-31 20:30:00,134.52144,0.004970496,100.0,1,-134.516469504,0.004970496,0.0,0.0,134.516469504,0.0,100.0,CHARGE
2013-05-31 21:00:00,121.15743,0.0027760637,100.0,1,-121.15465393630001,0.0027760637,0.0,0.0,121.15465393630001,0.0,100.0,CHARGE
2013-05-31 21:30:00,117.5228,0.0027760637,100.0,1,-117.5200239363,0.0027760637,0.0,0.0,117.5200239363,0.0,100.0,CHARGE
2013-05-31 22:00:00,124.252075,0.00079231465,100.0,1,-124.25128268535,0.00079231465,0.0,0.0,124.25128268535,0.0,100.0,CHARGE
2013-05-31 22:30:00,127.010826,0.00079231465,100.0,1,-127.01003368535,0.00079231465,0.0,0.0,127.01003368535,0.0,100.0,CHARGE
2013-05-31 23:00:00,126.0061,0.046068173,100.0,1,-125.96003182700001,0.046068173,0.0,0.0,125.96003182700001,0.0,100.0,CHARGE
2013-05-31 23:30:00,158.62955,0.046068173,100.0,1,-158.58348182699999,0.046068173,0.0,0.0,158.58348182699999,0.0,100.0,CHARGE
2013-06-01 00:00:00,173.9749,-0.0036556202,100.0,1,-173.97855562019998,-0.0036556202,0.0,0.0,173.97855562019998,0.0,100.0,CHARGE
2013-06-01 00:30:00,150.50812,-0.0036556202,100.0,1,-150.51177562019998,-0.0036556202,0.0,0.0,150.51177562019998,0.0,100.0,CHARGE
2013-06-01 01:00:00,127.55152,-0.039777517,100.0,1,-127.591297517,-0.039777517,0.0,0.0,127.591297517,0.0,100.0,CHARGE
2013-06-01 01:30:00,101.590225,-0.037257373,100.0,1,-101.627482373,-0.037257373,0.0,0.0,101.627482373,0.0,100.0,CHARGE
2013-06-01 02:00:00,83.444145,-0.037770342,100.0,1,-83.48191534200001,-0.037770342,0.0,0.0,83.48191534200001,0.0,100.0,CHARGE
2013-06-01 02:30:00,70.03466,-0.039505526,100.0,1,-70.074165526,-0.039505526,0.0,0.0,70.074165526,0.0,100.0,CHARGE
2013-06-01 03:00:00,66.83395,-0.038992558,100.0,1,-66.872942558,-0.038992558,0.0,0.0,66.872942558,0.0,100.0,CHARGE
2013-06-01 03:30:00,63.147266,-0.038992558,100.0,1,-63.186258558,-0.038992558,0.0,0.0,63.186258558,0.0,100.0,CHARGE
2013-06-01 04:00:00,62.96764,0.009020613,100.0,1,-62.958619387000006,0.009020613,0.0,0.0,62.958619387000006,0.0,100.0,CHARGE
2013-06-01 04:30:00,64.09665,0.00065966055,100.0,1,-64.09599033945,0.00065966055,0.0,0.0,64.09599033945,0.0,100.0,CHARGE
2013-06-01 05:00:00,66.214096,0.012117839,100.0,1,-66.201978161,0.012117839,0.0,0.0,66.201978161,0.0,100.0,CHARGE
2013-06-01 05:30:00,74.71769,0.012117839,100.0,1,-74.705572161,0.012117839,0.0,0.0,74.705572161,0.0,100.0,CHARGE
2013-06-01 06:00:00,79.57034,0.012117839,100.0,1,-79.558222161,0.012117839,0.0,0.0,79.558222161,0.0,100.0,CHARGE
2013-06-01 06:30:00,93.23375,0.023255534,100.0,1,-93.210494466,0.023255534,0.0,0.0,93.210494466,0.0,100.0,CHARGE
2013-06-01 07:00:00,101.39208,0.09575888,100.0,1,-101.29632112,0.09575888,0.0,0.0,101.29632112,0.0,100.0,CHARGE
2013-06-01 07:30:00,113.82386,3.2154145,100.0,1,-110.6084455,3.2154145,0.0,0.0,110.6084455,0.0,100.0,CHARGE
2013-06-01 08:00:00,112.69459,8.472244,100.0,1,-104.222346,8.472244,0.0,0.0,104.222346,0.0,100.0,CHARGE
2013-06-01 08:30:00,120.037155,18.483679,100.0,1,-101.553476,18.483679,0.0,0.0,101.553476,0.0,100.0,CHARGE
2013-06-01 09:00:00,110.75674,34.467773,100.0,1,-76.28896699999999,34.467773,0.0,0.0,76.28896699999999,0.0,100.0,CHARGE
2013-06-01 09:30:00,112.251,51.354897,100.0,1,-60.896103000000004,51.354897,0.0,0.0,60.896103000000004,0.0,100.0,CHARGE
2013-06-01 10:00:00,108.71617,67.6504,100.0,1,-41.06577,67.6504,0.0,0.0,41.06577,0.0,100.0,CHARGE
2013-06-01 10:30:00,109.56627,71.5454,100.0,1,-38.02087,71.5454,0.0,0.0,38.02087,0.0,100.0,CHARGE
2013-06-01 11:00:00,105.251495,77.73987,100.0,1,-27.51162500000001,77.73987,0.0,0.0,27.51162500000001,0.0,100.0,CHARGE
2013-06-01 11:30:00,110.52282,89.01293,100.0,1,-21.50989,89.01293,0.0,0.0,21.50989,0.0,100.0,CHARGE
2013-06-01 12:00:00,103.42376,82.57845,100.0,1,-20.845309999999998,82.57845,0.0,0.0,20.845309999999998,0.0,100.0,CHARGE
2013-06-01 12:30:00,104.64294,70.98288,100.0,1,-33.66006,70.98288,0.0,0.0,33.66006,0.0,100.0,CHARGE
2013-06-01 13:00:00,108.8237,55.87521,100.0,1,-52.94849,55.87521,0.0,0.0,52.94849,0.0,100.0,CHARGE
2013-06-01 13:30:00,102.34002,44.306915,100.0,1,-58.033105,44.306915,0.0,0.0,58.033105,0.0,100.0,CHARGE
2013-06-01 14:00:00,93.88141,43.182407,100.0,1,-50.699003000000005,43.182407,0.0,0.0,50.699003000000005,0.0,100.0,CHARGE
2013-06-01 14:30:00,98.00174,29.76179,100.0,1,-68.23995,29.76179,0.0,0.0,68.23995,0.0,100.0,CHARGE
2013-06-01 15:00:00,95.795685,10.873976,100.0,1,-84.921709,10.873976,0.0,0.0,84.921709,0.0,100.0,CHARGE
2013-06-01 15:30:00,110.994545,7.634243,100.0,1,-103.360302,7.634243,0.0,0.0,103.360302,0.0,100.0,CHARGE
2013-06-01 16:00:00,116.33663,4.342339,100.0,1,-111.994291,4.342339,0.0,0.0,111.994291,0.0,100.0,CHARGE
2013-06-01 16:30:00,132.25824,1.9279253,100.0,1,-130.3303147,1.9279253,0.0,0.0,130.3303147,0.0,100.0,CHARGE
2013-06-01 17:00:00,142.79146,-0.15307559,100.0,1,-142.94453559,-0.15307559,0.0,0.0,142.94453559,0.0,100.0,CHARGE
2013-06-01 17:30:00,167.90746,-0.25108442,100.0,1,-168.15854442,-0.25108442,0.0,0.0,168.15854442,0.0,100.0,CHARGE
2013-06-01 18:00:00,171.91103,-0.19830534,100.0,1,-172.10933534,-0.19830534,0.0,0.0,172.10933534,0.0,100.0,CHARGE
2013-06-01 18:30:00,170.2535,-0.19808327,100.0,1,-170.45158327000001,-0.19808327,0.0,0.0,170.45158327000001,0.0,100.0,CHARGE
2013-06-01 19:00:00,163.6269,-0.1345045,100.0,1,-163.7614045,-0.1345045,0.0,0.0,163.7614045,0.0,100.0,CHARGE
2013-06-01 19:30:00,156.00093,-0.14779083,100.0,1,-156.14872083,-0.14779083,0.0,0.0,156.14872083,0.0,100.0,CHARGE
2013-06-01 20:00:00,150.19228,-0.08928682,100.0,1,-150.28156682000002,-0.08928682,0.0,0.0,150.28156682000002,0.0,100.0,CHARGE
2013-06-01 20:30:00,147.47232,-0.08992808,100.0,1,-147.56224808,-0.08992808,0.0,0.0,147.56224808,0.0,100.0,CHARGE
2013-06-01 21:00:00,137.46544,-0.08652025,100.0,1,-137.55196025,-0.08652025,0.0,0.0,137.55196025,0.0,100.0,CHARGE
2013-06-01 21:30:00,131.11586,-0.08652025,100.0,1,-131.20238025,-0.08652025,0.0,0.0,131.20238025,0.0,100.0,CHARGE
2013-06-01 22:00:00,134.34921,-0.08652025,100.0,1,-134.43573025,-0.08652025,0.0,0.0,134.43573025,0.0,100.0,CHARGE
2013-06-01 22:30:00,133.3368,-0.08652025,100.0,1,-133.42332025000002,-0.08652025,0.0,0.0,133.42332025000002,0.0,100.0,CHARGE
2013-06-01 23:00:00,132.21109,-0.08652025,100.0,1,-132.29761025000002,-0.08652025,0.0,0.0,132.29761025000002,0.0,100.0,CHARGE
2013-06-01 23:30:00,158.52843,-0.08652025,100.0,1,-158.61495025,-0.08652025,0.0,0.0,158.61495025,0.0,100.0,CHARGE
2013-06-02 00:00:00,180.50867,-0.08930181,100.0,1,-180.59797181,-0.08930181,0.0,0.0,180.59797181,0.0,100.0,CHARGE
2013-06-02 00:30:00,151.3006,-0.08930181,100.0,1,-151.38990181,-0.08930181,0.0,0.0,151.38990181,0.0,100.0,CHARGE
2013-06-02 01:00:00,132.28622,-0.08830794,100.0,1,-132.37452793999998,-0.08830794,0.0,0.0,132.37452793999998,0.0,100.0,CHARGE
2013-06-02 01:30:00,105.084595,-0.08830794,100.0,1,-105.17290294,-0.08830794,0.0,0.0,105.17290294,0.0,100.0,CHARGE
2013-06-02 02:00:00,85.749,-0.08830794,100.0,1,-85.83730794,-0.08830794,0.0,0.0,85.83730794,0.0,100.0,CHARGE
2013-06-02 02:30:00,75.666504,-0.09004312,100.0,1,-75.75654712000001,-0.09004312,0.0,0.0,75.75654712000001,0.0,100.0,CHARGE
2013-06-02 03:00:00,70.20316,-0.104392886,100.0,1,-70.307552886,-0.104392886,0.0,0.0,70.307552886,0.0,100.0,CHARGE
2013-06-02 03:30:00,67.28281,-0.104392886,100.0,1,-67.387202886,-0.104392886,0.0,0.0,67.387202886,0.0,100.0,CHARGE
2013-06-02 04:00:00,64.97454,-0.09070067,100.0,1,-65.06524067000001,-0.09070067,0.0,0.0,65.06524067000001,0.0,100.0,CHARGE
2013-06-02 04:30:00,67.88654,-0.09924816,100.0,1,-67.98578816,-0.09924816,0.0,0.0,67.98578816,0.0,100.0,CHARGE
2013-06-02 05:00:00,66.88136,-0.100905225,100.0,1,-66.982265225,-0.100905225,0.0,0.0,66.982265225,0.0,100.0,CHARGE
2013-06-02 05:30:00,71.88193,-0.09924816,100.0,1,-71.98117816,-0.09924816,0.0,0.0,71.98117816,0.0,100.0,CHARGE
2013-06-02 06:00:00,72.726456,-0.19037905,100.0,1,-72.91683505,-0.19037905,0.0,0.0,72.91683505,0.0,100.0,CHARGE
2013-06-02 06:30:00,83.832726,-0.2211209,100.0,1,-84.0538469,-0.2211209,0.0,0.0,84.0538469,0.0,100.0,CHARGE
2013-06-02 07:00:00,92.68862,-0.073740475,100.0,1,-92.762360475,-0.073740475,0.0,0.0,92.762360475,0.0,100.0,CHARGE
2013-06-02 07:30:00,108.77663,1.0406857,100.0,1,-107.7359443,1.0406857,0.0,0.0,107.7359443,0.0,100.0,CHARGE
2013-06-02 08:00:00,110.32695,1.5493671,100.0,1,-108.7775829,1.5493671,0.0,0.0,108.7775829,0.0,100.0,CHARGE
2013-06-02 08:30:00,121.64309,1.8681393,100.0,1,-119.7749507,1.8681393,0.0,0.0,119.7749507,0.0,100.0,CHARGE
2013-06-02 09:00:00,129.85278,3.7666953,100.0,1,-126.0860847,3.7666953,0.0,0.0,126.0860847,0.0,100.0,CHARGE
2013-06-02 09:30:00,130.36037,4.2902665,100.0,1,-126.07010349999999,4.2902665,0.0,0.0,126.07010349999999,0.0,100.0,CHARGE
2013-06-02 10:00:00,126.94919,7.21072,100.0,1,-119.73847,7.21072,0.0,0.0,119.73847,0.0,100.0,CHARGE
2013-06-02 10:30:00,134.25687,17.97409,100.0,1,-116.28277999999999,17.97409,0.0,0.0,116.28277999999999,0.0,100.0,CHARGE
2013-06-02 11:00:00,144.45084,22.362226,100.0,1,-122.088614,22.362226,0.0,0.0,122.088614,0.0,100.0,CHARGE
2013-06-02 11:30:00,144.27513,22.414152,100.0,1,-121.86097799999999,22.414152,0.0,0.0,121.86097799999999,0.0,100.0,CHARGE
2013-06-02 12:00:00,158.14,15.163463,100.0,1,-142.97653699999998,15.163463,0.0,0.0,142.97653699999998,0.0,100.0,CHARGE
2013-06-02 12:30:00,164.47256,8.622958,100.0,1,-155.84960199999998,8.622958,0.0,0.0,155.84960199999998,0.0,100.0,CHARGE
2013-06-02 13:00:00,160.01642,6.6095443,100.0,1,-153.4068757,6.6095443,0.0,0.0,153.4068757,0.0,100.0,CHARGE
2013-06-02 13:30:00,163.06091,6.6833572,100.0,1,-156.37755280000002,6.6833572,0.0,0.0,156.37755280000002,0.0,100.0,CHARGE
2013-06-02 14:00:00,171.67322,10.3129,100.0,1,-161.36031999999997,10.3129,0.0,0.0,161.36031999999997,0.0,100.0,CHARGE
2013-06-02 14:30:00,161.31096,10.737135,100.0,1,-150.573825,10.737135,0.0,0.0,150.573825,0.0,100.0,CHARGE
2013-06-02 15:00:00,151.81651,22.169846,100.0,1,-129.646664,22.169846,0.0,0.0,129.646664,0.0,100.0,CHARGE
2013-06-02 15:30:00,147.67351,28.514513,100.0,1,-119.158997,28.514513,0.0,0.0,119.158997,0.0,100.0,CHARGE
2013-06-02 16:00:00,148.06781,24.431808,100.0,1,-123.636002,24.431808,0.0,0.0,123.636002,0.0,100.0,CHARGE
2013-06-02 16:30:00,163.53307,10.258169,100.0,1,-153.274901,10.258169,0.0,0.0,153.274901,0.0,100.0,CHARGE
2013-06-02 17:00:00,198.74106,1.7262847,100.0,1,-197.0147753,1.7262847,0.0,0.0,197.0147753,0.0,100.0,CHARGE
2013-06-02 17:30:00,226.64217,0.14212605,100.0,1,-226.50004395,0.14212605,0.0,0.0,226.50004395,0.0,100.0,CHARGE
2013-06-02 18:00:00,240.50136,-0.09027352,100.0,1,-240.59163352000002,-0.09027352,0.0,0.0,240.59163352000002,0.0,100.0,CHARGE
2013-06-02 18:30:00,227.54669,-0.12371303,100.0,1,-227.67040303000002,-0.12371303,0.0,0.0,227.67040303000002,0.0,100.0,CHARGE
2013-06-02 19:00:00,215.00798,-0.09923207,100.0,1,-215.10721207,-0.09923207,0.0,0.0,215.10721207,0.0,100.0,CHARGE
2013-06-02 19:30:00,197.11824,-0.10672829,100.0,1,-197.22496829,-0.10672829,0.0,0.0,197.22496829,0.0,100.0,CHARGE
2013-06-02 20:00:00,199.07535,-0.10724742,100.0,1,-199.18259741999998,-0.10724742,0.0,0.0,199.18259741999998,0.0,100.0,CHARGE
2013-06-02 20:30:00,194.68863,-0.11241218,100.0,1,-194.80104218,-0.11241218,0.0,0.0,194.80104218,0.0,100.0,CHARGE
2013-06-02 21:00:00,180.07202,-0.06594001,100.0,1,-180.13796001,-0.06594001,0.0,0.0,180.13796001,0.0,100.0,CHARGE
2013-06-02 21:30:00,165.3903,-0.07110478,100.0,1,-165.46140478,-0.07110478,0.0,0.0,165.46140478,0.0,100.0,CHARGE
2013-06-02 22:00:00,162.31125,-0.06766704,100.0,1,-162.37891704,-0.06766704,0.0,0.0,162.37891704,0.0,100.0,CHARGE
2013-06-02 22:30:00,158.42816,-0.07283181,100.0,1,-158.50099181,-0.07283181,0.0,0.0,158.50099181,0.0,100.0,CHARGE
2013-06-02 23:00:00,147.34892,-0.059828166,100.0,1,-147.40874816599998,-0.059828166,0.0,0.0,147.40874816599998,0.0,100.0,CHARGE
2013-06-02 23:30:00,160.07657,-0.064992934,100.0,1,-160.141562934,-0.064992934,0.0,0.0,160.141562934,0.0,100.0,CHARGE
2013-06-03 00:00:00,186.36938,-0.05823433,100.0,1,-186.42761433,-0.05823433,0.0,0.0,186.42761433,0.0,100.0,CHARGE
2013-06-03 00:30:00,164.45988,-0.06003693,100.0,1,-164.51991693,-0.06003693,0.0,0.0,164.51991693,0.0,100.0,CHARGE
2013-06-03 01:00:00,150.9466,-0.05024528,100.0,1,-150.99684528,-0.05024528,0.0,0.0,150.99684528,0.0,100.0,CHARGE
2013-06-03 01:30:00,129.50023,-0.05204789,100.0,1,-129.55227789,-0.05204789,0.0,0.0,129.55227789,0.0,100.0,CHARGE
2013-06-03 02:00:00,101.76091,0.4841905,100.0,1,-101.2767195,0.4841905,0.0,0.0,101.2767195,0.0,100.0,CHARGE
2013-06-03 02:30:00,80.061356,0.48259315,100.0,1,-79.57876285,0.48259315,0.0,0.0,79.57876285,0.0,100.0,CHARGE
2013-06-03 03:00:00,77.365906,0.5038709,100.0,1,-76.8620351,0.5038709,0.0,0.0,76.8620351,0.0,100.0,CHARGE
2013-06-03 03:30:00,70.69988,0.5020682,100.0,1,-70.1978118,0.5020682,0.0,0.0,70.1978118,0.0,100.0,CHARGE
2013-06-03 04:00:00,66.97026,0.5190576,100.0,1,-66.4512024,0.5190576,0.0,0.0,66.4512024,0.0,100.0,CHARGE
2013-06-03 04:30:00,77.15102,0.50705045,100.0,1,-76.64396955000001,0.50705045,0.0,0.0,76.64396955000001,0.0,100.0,CHARGE
2013-06-03 05:00:00,78.42029,0.68483424,100.0,1,-77.73545576,0.68483424,0.0,0.0,77.73545576,0.0,100.0,CHARGE
2013-06-03 05:30:00,88.185455,0.68303156,100.0,1,-87.50242344,0.68303156,0.0,0.0,87.50242344,0.0,100.0,CHARGE
2013-06-03 06:00:00,112.31088,0.5811293,100.0,1,-111.7297507,0.5811293,0.0,0.0,111.7297507,0.0,100.0,CHARGE
2013-06-03 06:30:00,136.59195,0.61512893,100.0,1,-135.97682107,0.61512893,0.0,0.0,135.97682107,0.0,100.0,CHARGE
2013-06-03 07:00:00,160.04926,1.0475978,100.0,1,-159.0016622,1.0475978,0.0,0.0,159.0016622,0.0,100.0,CHARGE
2013-06-03 07:30:00,153.37352,2.9494095,100.0,1,-150.4241105,2.9494095,0.0,0.0,150.4241105,0.0,100.0,CHARGE
2013-06-03 08:00:00,140.70758,9.807659,100.0,1,-130.899921,9.807659,0.0,0.0,130.899921,0.0,100.0,CHARGE
2013-06-03 08:30:00,129.38512,21.314613,100.0,1,-108.07050699999999,21.314613,0.0,0.0,108.07050699999999,0.0,100.0,CHARGE
2013-06-03 09:00:00,114.20973,51.138645,100.0,1,-63.071085,51.138645,0.0,0.0,63.071085,0.0,100.0,CHARGE
2013-06-03 09:30:00,107.605286,67.41223,100.0,1,-40.19305600000001,67.41223,0.0,0.0,40.19305600000001,0.0,100.0,CHARGE
2013-06-03 10:00:00,99.84977,77.01871,100.0,1,-22.831060000000008,77.01871,0.0,0.0,22.831060000000008,0.0,100.0,CHARGE
2013-06-03 10:30:00,97.73862,91.95395,100.0,1,-5.784669999999991,91.95395,0.0,0.0,5.784669999999991,0.0,100.0,CHARGE
2013-06-03 11:00:00,100.14674,110.24075,100.0,1,-1.009401000000001,100.14674,0.0,0.0,0.0,10.094010000000011,100.0,CHARGE
2013-06-03 11:30:00,100.327126,119.00852,100.0,1,-1.8681393999999998,100.327126,0.0,0.0,0.0,18.681393999999997,100.0,CHARGE
2013-06-03 12:00:00,87.600624,112.026505,100.0,1,-2.4425881000000005,87.600624,0.0,0.0,0.0,24.425881000000004,100.0,CHARGE
2013-06-03 12:30:00,88.69113,113.860695,100.0,1,-2.516956500000001,88.69113,0.0,0.0,0.0,25.169565000000006,100.0,CHARGE
2013-06-03 13:00:00,88.50348,120.20018,100.0,1,-3.169670000000001,88.50348,0.0,0.0,0.0,31.696700000000007,100.0,CHARGE
2013-06-03 13:30:00,83.6056,115.438644,100.0,1,-3.1833044000000004,83.6056,0.0,0.0,0.0,31.833044,100.0,CHARGE
2013-06-03 14:00:00,81.104744,113.73934,100.0,1,-3.2634596000000005,81.104744,0.0,0.0,0.0,32.634596,100.0,CHARGE
2013-06-03 14:30:00,77.59731,104.58911,100.0,1,-2.6991800000000015,77.59731,0.0,0.0,0.0,26.991800000000012,100.0,CHARGE
2013-06-03 15:00:00,79.19316,79.57462,100.0,1,-0.03814599999999899,79.19316,0.0,0.0,0.0,0.3814599999999899,100.0,CHARGE
2013-06-03 15:30:00,83.13127,50.703197,100.0,1,-32.428073,50.703197,0.0,0.0,32.428073,0.0,100.0,CHARGE
2013-06-03 16:00:00,90.26793,27.987318,100.0,1,-62.280612000000005,27.987318,0.0,0.0,62.280612000000005,0.0,100.0,CHARGE
2013-06-03 16:30:00,108.04092,10.7891865,100.0,1,-97.2517335,10.7891865,0.0,0.0,97.2517335,0.0,100.0,CHARGE
2013-06-03 17:00:00,150.6016,1.5235124,100.0,1,-149.0780876,1.5235124,0.0,0.0,149.0780876,0.0,100.0,CHARGE
2013-06-03 17:30:00,196.55888,0.19113521,100.0,1,-196.36774479,0.19113521,0.0,0.0,196.36774479,0.0,100.0,CHARGE
2013-06-03 18:00:00,217.45963,0.07021408,100.0,1,-217.38941592,0.07021408,0.0,0.0,217.38941592,0.0,100.0,CHARGE
2013-06-03 18:30:00,216.66852,0.03125976,100.0,1,-216.63726024,0.03125976,0.0,0.0,216.63726024,0.0,100.0,CHARGE
2013-06-03 19:00:00,199.48958,0.03341347,100.0,1,-199.45616653,0.03341347,0.0,0.0,199.45616653,0.0,100.0,CHARGE
2013-06-03 19:30:00,200.11766,0.03640053,100.0,1,-200.08125947,0.03640053,0.0,0.0,200.08125947,0.0,100.0,CHARGE
2013-06-03 20:00:00,194.21927,0.0107338475,100.0,1,-194.2085361525,0.0107338475,0.0,0.0,194.2085361525,0.0,100.0,CHARGE
2013-06-03 20:30:00,185.9128,0.010235607,100.0,1,-185.902564393,0.010235607,0.0,0.0,185.902564393,0.0,100.0,CHARGE
2013-06-03 21:00:00,171.24554,0.03789139,100.0,1,-171.20764861,0.03789139,0.0,0.0,171.20764861,0.0,100.0,CHARGE
2013-06-03 21:30:00,167.10265,0.03789139,100.0,1,-167.06475861,0.03789139,0.0,0.0,167.06475861,0.0,100.0,CHARGE
2013-06-03 22:00:00,161.00002,0.0416963,100.0,1,-160.9583237,0.0416963,0.0,0.0,160.9583237,0.0,100.0,CHARGE
2013-06-03 22:30:00,150.49637,0.0416963,100.0,1,-150.4546737,0.0416963,0.0,0.0,150.4546737,0.0,100.0,CHARGE
2013-06-03 23:00:00,138.96655,0.04118333,100.0,1,-138.92536667000002,0.04118333,0.0,0.0,138.92536667000002,0.0,100.0,CHARGE
2013-06-03 23:30:00,167.98581,0.04118333,100.0,1,-167.94462667,0.04118333,0.0,0.0,167.94462667,0.0,100.0,CHARGE
2013-06-04 00:00:00,182.71112,0.041317202,100.0,1,-182.669802798,0.041317202,0.0,0.0,182.669802798,0.0,100.0,CHARGE
2013-06-04 00:30:00,167.45813,0.044520717,100.0,1,-167.413609283,0.044520717,0.0,0.0,167.413609283,0.0,100.0,CHARGE
2013-06-04 01:00:00,154.2642,0.04177099,100.0,1,-154.22242900999998,0.04177099,0.0,0.0,154.22242900999998,0.0,100.0,CHARGE
2013-06-04 01:30:00,124.885445,0.044291135,100.0,1,-124.84115386500001,0.044291135,0.0,0.0,124.84115386500001,0.0,100.0,CHARGE
2013-06-04 02:00:00,106.002556,0.044291135,100.0,1,-105.958264865,0.044291135,0.0,0.0,105.958264865,0.0,100.0,CHARGE
2013-06-04 02:30:00,84.370636,0.046548974,100.0,1,-84.324087026,0.046548974,0.0,0.0,84.324087026,0.0,100.0,CHARGE
2013-06-04 03:00:00,74.312164,0.057424378,100.0,1,-74.254739622,0.057424378,0.0,0.0,74.254739622,0.0,100.0,CHARGE
2013-06-04 03:30:00,71.67097,0.057424378,100.0,1,-71.613545622,0.057424378,0.0,0.0,71.613545622,0.0,100.0,CHARGE
2013-06-04 04:00:00,72.54786,0.07261104,100.0,1,-72.47524896,0.07261104,0.0,0.0,72.47524896,0.0,100.0,CHARGE
2013-06-04 04:30:00,73.26932,0.06425006,100.0,1,-73.20506993999999,0.06425006,0.0,0.0,73.20506993999999,0.0,100.0,CHARGE
2013-06-04 05:00:00,78.71793,0.10441412,100.0,1,-78.61351588,0.10441412,0.0,0.0,78.61351588,0.0,100.0,CHARGE
2013-06-04 05:30:00,94.4658,0.10441412,100.0,1,-94.36138588,0.10441412,0.0,0.0,94.36138588,0.0,100.0,CHARGE
2013-06-04 06:00:00,105.457794,0.06472366,100.0,1,-105.39307034000001,0.06472366,0.0,0.0,105.39307034000001,0.0,100.0,CHARGE
2013-06-04 06:30:00,141.67445,0.10052597,100.0,1,-141.57392403,0.10052597,0.0,0.0,141.57392403,0.0,100.0,CHARGE
2013-06-04 07:00:00,152.52086,0.4429845,100.0,1,-152.0778755,0.4429845,0.0,0.0,152.0778755,0.0,100.0,CHARGE
2013-06-04 07:30:00,147.49107,3.2246401,100.0,1,-144.26642990000002,3.2246401,0.0,0.0,144.26642990000002,0.0,100.0,CHARGE
2013-06-04 08:00:00,142.8585,10.436899,100.0,1,-132.42160099999998,10.436899,0.0,0.0,132.42160099999998,0.0,100.0,CHARGE
2013-06-04 08:30:00,124.75111,24.96248,100.0,1,-99.78863,24.96248,0.0,0.0,99.78863,0.0,100.0,CHARGE
2013-06-04 09:00:00,115.25505,45.535164,100.0,1,-69.719886,45.535164,0.0,0.0,69.719886,0.0,100.0,CHARGE
2013-06-04 09:30:00,95.56718,65.904884,100.0,1,-29.662295999999998,65.904884,0.0,0.0,29.662295999999998,0.0,100.0,CHARGE
2013-06-04 10:00:00,94.18771,82.492775,100.0,1,-11.694935000000001,82.492775,0.0,0.0,11.694935000000001,0.0,100.0,CHARGE
2013-06-04 10:30:00,95.50847,104.58148,100.0,1,-0.9073009999999997,95.50847,0.0,0.0,0.0,9.073009999999996,100.0,CHARGE
2013-06-04 11:00:00,90.89792,109.74053,100.0,1,-1.8842610000000009,90.89792,0.0,0.0,0.0,18.842610000000008,100.0,CHARGE
2013-06-04 11:30:00,88.62211,122.63287,100.0,1,-3.4010759999999993,88.62211,0.0,0.0,0.0,34.01075999999999,100.0,CHARGE
2013-06-04 12:00:00,83.32823,117.43603,100.0,1,-3.41078,83.32823,0.0,0.0,0.0,34.1078,100.0,CHARGE
2013-06-04 12:30:00,78.26079,123.53817,100.0,1,-4.527737999999999,78.26079,0.0,0.0,0.0,45.277379999999994,100.0,CHARGE
2013-06-04 13:00:00,76.809975,127.7731,100.0,1,-5.096312500000001,76.809975,0.0,0.0,0.0,50.963125000000005,100.0,CHARGE
2013-06-04 13:30:00,75.21595,115.81517,100.0,1,-4.059921999999999,75.21595,0.0,0.0,0.0,40.59921999999999,100.0,CHARGE
2013-06-04 14:00:00,71.26761,104.90928,100.0,1,-3.3641669999999992,71.26761,0.0,0.0,0.0,33.64166999999999,100.0,CHARGE
2013-06-04 14:30:00,74.29454,89.364685,100.0,1,-1.5070144999999997,74.29454,0.0,0.0,0.0,15.070144999999997,100.0,CHARGE
2013-06-04 15:00:00,75.03383,62.146824,100.0,1,-12.887005999999992,62.146824,0.0,0.0,12.887005999999992,0.0,100.0,CHARGE
2013-06-04 15:30:00,82.51835,43.294704,100.0,1,-39.223645999999995,43.294704,0.0,0.0,39.223645999999995,0.0,100.0,CHARGE
2013-06-04 16:00:00,96.663826,23.894722,100.0,1,-72.769104,23.894722,0.0,0.0,72.769104,0.0,100.0,CHARGE
2013-06-04 16:30:00,110.20072,10.414581,100.0,1,-99.786139,10.414581,0.0,0.0,99.786139,0.0,100.0,CHARGE
2013-06-04 17:00:00,150.04997,1.1431903,100.0,1,-148.90677970000002,1.1431903,0.0,0.0,148.90677970000002,0.0,100.0,CHARGE
2013-06-04 17:30:00,194.37521,0.02119583,100.0,1,-194.35401417,0.02119583,0.0,0.0,194.35401417,0.0,100.0,CHARGE
2013-06-04 18:00:00,210.5196,-0.00095997314,100.0,1,-210.52055997314,-0.00095997314,0.0,0.0,210.52055997314,0.0,100.0,CHARGE
2013-06-04 18:30:00,187.91936,-0.03175372,100.0,1,-187.95111372000002,-0.03175372,0.0,0.0,187.95111372000002,0.0,100.0,CHARGE
2013-06-04 19:00:00,180.93848,-0.04308971,100.0,1,-180.98156971,-0.04308971,0.0,0.0,180.98156971,0.0,100.0,CHARGE
2013-06-04 19:30:00,182.06512,-0.040102653,100.0,1,-182.105222653,-0.040102653,0.0,0.0,182.105222653,0.0,100.0,CHARGE
2013-06-04 20:00:00,181.96838,-0.024731632,100.0,1,-181.993111632,-0.024731632,0.0,0.0,181.993111632,0.0,100.0,CHARGE
2013-06-04 20:30:00,175.0198,-0.025372911,100.0,1,-175.045172911,-0.025372911,0.0,0.0,175.045172911,0.0,100.0,CHARGE
2013-06-04 21:00:00,161.64558,-0.0021188953,100.0,1,-161.64769889529998,-0.0021188953,0.0,0.0,161.64769889529998,0.0,100.0,CHARGE
2013-06-04 21:30:00,149.79842,-0.0021188953,100.0,1,-149.80053889529998,-0.0021188953,0.0,0.0,149.80053889529998,0.0,100.0,CHARGE
2013-06-04 22:00:00,150.82683,-0.036278374,100.0,1,-150.863108374,-0.036278374,0.0,0.0,150.863108374,0.0,100.0,CHARGE
2013-06-04 22:30:00,143.52032,-0.036278374,100.0,1,-143.556598374,-0.036278374,0.0,0.0,143.556598374,0.0,100.0,CHARGE
2013-06-04 23:00:00,141.37885,-0.019980382,100.0,1,-141.398830382,-0.019980382,0.0,0.0,141.398830382,0.0,100.0,CHARGE
2013-06-04 23:30:00,162.38354,-0.019980382,100.0,1,-162.403520382,-0.019980382,0.0,0.0,162.403520382,0.0,100.0,CHARGE
2013-06-05 00:00:00,191.88168,-0.009267301,100.0,1,-191.89094730099998,-0.009267301,0.0,0.0,191.89094730099998,0.0,100.0,CHARGE
2013-06-05 00:30:00,168.11694,-0.009267301,100.0,1,-168.126207301,-0.009267301,0.0,0.0,168.126207301,0.0,100.0,CHARGE
2013-06-05 01:00:00,143.87834,0.043107357,100.0,1,-143.835232643,0.043107357,0.0,0.0,143.835232643,0.0,100.0,CHARGE
2013-06-05 01:30:00,109.712425,0.0456275,100.0,1,-109.6667975,0.0456275,0.0,0.0,109.6667975,0.0,100.0,CHARGE
2013-06-05 02:00:00,96.14088,0.0428665,100.0,1,-96.0980135,0.0428665,0.0,0.0,96.0980135,0.0,100.0,CHARGE
2013-06-05 02:30:00,80.34154,0.045124337,100.0,1,-80.29641566299999,0.045124337,0.0,0.0,80.29641566299999,0.0,100.0,CHARGE
2013-06-05 03:00:00,72.6004,0.04788534,100.0,1,-72.55251466,0.04788534,0.0,0.0,72.55251466,0.0,100.0,CHARGE
2013-06-05 03:30:00,70.46492,0.04788534,100.0,1,-70.41703466000001,0.04788534,0.0,0.0,70.41703466000001,0.0,100.0,CHARGE
2013-06-05 04:00:00,70.113075,0.025334291,100.0,1,-70.087740709,0.025334291,0.0,0.0,70.087740709,0.0,100.0,CHARGE
2013-06-05 04:30:00,70.57791,0.016973339,100.0,1,-70.560936661,0.016973339,0.0,0.0,70.560936661,0.0,100.0,CHARGE
2013-06-05 05:00:00,75.324554,0.031169865,100.0,1,-75.29338413500001,0.031169865,0.0,0.0,75.29338413500001,0.0,100.0,CHARGE
2013-06-05 05:30:00,92.20811,0.031169865,100.0,1,-92.17694013500001,0.031169865,0.0,0.0,92.17694013500001,0.0,100.0,CHARGE
2013-06-05 06:00:00,109.5088,0.016973339,100.0,1,-109.49182666099999,0.016973339,0.0,0.0,109.49182666099999,0.0,100.0,CHARGE
2013-06-05 06:30:00,137.62314,0.04696005,100.0,1,-137.57617995,0.04696005,0.0,0.0,137.57617995,0.0,100.0,CHARGE
2013-06-05 07:00:00,137.75867,0.078338906,100.0,1,-137.680331094,0.078338906,0.0,0.0,137.680331094,0.0,100.0,CHARGE
2013-06-05 07:30:00,147.6873,2.4427953,100.0,1,-145.2445047,2.4427953,0.0,0.0,145.2445047,0.0,100.0,CHARGE
2013-06-05 08:00:00,139.62944,9.462128,100.0,1,-130.16731199999998,9.462128,0.0,0.0,130.16731199999998,0.0,100.0,CHARGE
2013-06-05 08:30:00,128.25116,20.20921,100.0,1,-108.04195,20.20921,0.0,0.0,108.04195,0.0,100.0,CHARGE
2013-06-05 09:00:00,111.53686,28.70625,100.0,1,-82.83061000000001,28.70625,0.0,0.0,82.83061000000001,0.0,100.0,CHARGE
2013-06-05 09:30:00,98.42374,29.628948,100.0,1,-68.794792,29.628948,0.0,0.0,68.794792,0.0,100.0,CHARGE
2013-06-05 10:00:00,100.994446,28.699066,100.0,1,-72.29538,28.699066,0.0,0.0,72.29538,0.0,100.0,CHARGE
2013-06-05 10:30:00,99.79936,47.37914,100.0,1,-52.42021999999999,47.37914,0.0,0.0,52.42021999999999,0.0,100.0,CHARGE
2013-06-05 11:00:00,104.12118,91.036285,100.0,1,-13.084894999999989,91.036285,0.0,0.0,13.084894999999989,0.0,100.0,CHARGE
2013-06-05 11:30:00,100.82578,106.80086,100.0,1,-0.5975080000000006,100.82578,0.0,0.0,0.0,5.9750800000000055,100.0,CHARGE
2013-06-05 12:00:00,92.98769,94.92025,100.0,1,-0.19325599999999954,92.98769,0.0,0.0,0.0,1.9325599999999952,100.0,CHARGE
2013-06-05 12:30:00,84.58491,104.758995,100.0,1,-2.0174085000000006,84.58491,0.0,0.0,0.0,20.174085000000005,100.0,CHARGE
2013-06-05 13:00:00,82.37035,94.2419,100.0,1,-1.187155,82.37035,0.0,0.0,0.0,11.87155,100.0,CHARGE
2013-06-05 13:30:00,85.13412,79.178955,100.0,1,-5.955164999999994,79.178955,0.0,0.0,5.955164999999994,0.0,100.0,CHARGE
2013-06-05 14:00:00,81.34313,61.240093,100.0,1,-20.103037,61.240093,0.0,0.0,20.103037,0.0,100.0,CHARGE
2013-06-05 14:30:00,81.4737,53.987865,100.0,1,-27.485834999999994,53.987865,0.0,0.0,27.485834999999994,0.0,100.0,CHARGE
2013-06-05 15:00:00,87.6149,38.093338,100.0,1,-49.521562,38.093338,0.0,0.0,49.521562,0.0,100.0,CHARGE
2013-06-05 15:30:00,91.27506,32.19656,100.0,1,-59.0785,32.19656,0.0,0.0,59.0785,0.0,100.0,CHARGE
2013-06-05 16:00:00,103.26834,19.830559,100.0,1,-83.437781,19.830559,0.0,0.0,83.437781,0.0,100.0,CHARGE
2013-06-05 16:30:00,131.0881,7.776539,100.0,1,-123.311561,7.776539,0.0,0.0,123.311561,0.0,100.0,CHARGE
2013-06-05 17:00:00,153.55281,0.9587425,100.0,1,-152.5940675,0.9587425,0.0,0.0,152.5940675,0.0,100.0,CHARGE
2013-06-05 17:30:00,189.30133,0.07593246,100.0,1,-189.22539754000002,0.07593246,0.0,0.0,189.22539754000002,0.0,100.0,CHARGE
2013-06-05 18:00:00,206.54509,0.047376417,100.0,1,-206.49771358299998,0.047376417,0.0,0.0,206.49771358299998,0.0,100.0,CHARGE
2013-06-05 18:30:00,196.95197,0.029759943,100.0,1,-196.922210057,0.029759943,0.0,0.0,196.922210057,0.0,100.0,CHARGE
2013-06-05 19:00:00,188.98335,0.010020011,100.0,1,-188.973329989,0.010020011,0.0,0.0,188.973329989,0.0,100.0,CHARGE
2013-06-05 19:30:00,190.54819,0.013007064,100.0,1,-190.535182936,0.013007064,0.0,0.0,190.535182936,0.0,100.0,CHARGE
2013-06-05 20:00:00,194.29445,0.029481279,100.0,1,-194.264968721,0.029481279,0.0,0.0,194.264968721,0.0,100.0,CHARGE
2013-06-05 20:30:00,178.90524,0.028839987,100.0,1,-178.876400013,0.028839987,0.0,0.0,178.876400013,0.0,100.0,CHARGE
2013-06-05 21:00:00,161.66968,0.027013127,100.0,1,-161.642666873,0.027013127,0.0,0.0,161.642666873,0.0,100.0,CHARGE
2013-06-05 21:30:00,151.98555,0.027013127,100.0,1,-151.95853687299999,0.027013127,0.0,0.0,151.95853687299999,0.0,100.0,CHARGE
2013-06-05 22:00:00,153.37883,0.056058068,100.0,1,-153.322771932,0.056058068,0.0,0.0,153.322771932,0.0,100.0,CHARGE
2013-06-05 22:30:00,146.4464,0.056058068,100.0,1,-146.390341932,0.056058068,0.0,0.0,146.390341932,0.0,100.0,CHARGE
2013-06-05 23:00:00,144.23886,0.056058068,100.0,1,-144.182801932,0.056058068,0.0,0.0,144.182801932,0.0,100.0,CHARGE
2013-06-05 23:30:00,164.50696,0.056058068,100.0,1,-164.450901932,0.056058068,0.0,0.0,164.450901932,0.0,100.0,CHARGE
2013-06-06 00:00:00,182.28835,0.048043847,100.0,1,-182.240306153,0.048043847,0.0,0.0,182.240306153,0.0,100.0,CHARGE
2013-06-06 00:30:00,164.1845,0.048043847,100.0,1,-164.136456153,0.048043847,0.0,0.0,164.136456153,0.0,100.0,CHARGE
2013-06-06 01:00:00,142.46106,0.066976175,100.0,1,-142.394083825,0.066976175,0.0,0.0,142.394083825,0.0,100.0,CHARGE
2013-06-06 01:30:00,124.05501,0.06949632,100.0,1,-123.98551368,0.06949632,0.0,0.0,123.98551368,0.0,100.0,CHARGE
2013-06-06 02:00:00,99.97652,0.06949632,100.0,1,-99.90702368,0.06949632,0.0,0.0,99.90702368,0.0,100.0,CHARGE
2013-06-06 02:30:00,79.021835,0.071754165,100.0,1,-78.950080835,0.071754165,0.0,0.0,78.950080835,0.0,100.0,CHARGE
2013-06-06 03:00:00,69.18203,0.08005908,100.0,1,-69.10197092,0.08005908,0.0,0.0,69.10197092,0.0,100.0,CHARGE
2013-06-06 03:30:00,67.79582,0.08005908,100.0,1,-67.71576092000001,0.08005908,0.0,0.0,67.71576092000001,0.0,100.0,CHARGE
2013-06-06 04:00:00,69.03669,0.1119979,100.0,1,-68.92469209999999,0.1119979,0.0,0.0,68.92469209999999,0.0,100.0,CHARGE
2013-06-06 04:30:00,68.60954,0.10363694,100.0,1,-68.50590306,0.10363694,0.0,0.0,68.50590306,0.0,100.0,CHARGE
2013-06-06 05:00:00,70.83413,0.069159195,100.0,1,-70.764970805,0.069159195,0.0,0.0,70.764970805,0.0,100.0,CHARGE
2013-06-06 05:30:00,85.45832,0.069159195,100.0,1,-85.389160805,0.069159195,0.0,0.0,85.389160805,0.0,100.0,CHARGE
2013-06-06 06:00:00,102.12273,0.060712714,100.0,1,-102.062017286,0.060712714,0.0,0.0,102.062017286,0.0,100.0,CHARGE
2013-06-06 06:30:00,134.35396,0.10616382,100.0,1,-134.24779618,0.10616382,0.0,0.0,134.24779618,0.0,100.0,CHARGE
2013-06-06 07:00:00,135.4001,0.19113685,100.0,1,-135.20896315000002,0.19113685,0.0,0.0,135.20896315000002,0.0,100.0,CHARGE
2013-06-06 07:30:00,149.60132,2.2119584,100.0,1,-147.3893616,2.2119584,0.0,0.0,147.3893616,0.0,100.0,CHARGE
2013-06-06 08:00:00,137.9405,8.823174,100.0,1,-129.117326,8.823174,0.0,0.0,129.117326,0.0,100.0,CHARGE
2013-06-06 08:30:00,120.09345,18.404955,100.0,1,-101.688495,18.404955,0.0,0.0,101.688495,0.0,100.0,CHARGE
2013-06-06 09:00:00,100.632965,35.228817,100.0,1,-65.40414799999999,35.228817,0.0,0.0,65.40414799999999,0.0,100.0,CHARGE
2013-06-06 09:30:00,87.049995,50.89501,100.0,1,-36.154984999999996,50.89501,0.0,0.0,36.154984999999996,0.0,100.0,CHARGE
2013-06-06 10:00:00,87.90914,71.50544,100.0,1,-16.4037,71.50544,0.0,0.0,16.4037,0.0,100.0,CHARGE
2013-06-06 10:30:00,90.07348,78.67571,100.0,1,-11.397770000000008,78.67571,0.0,0.0,11.397770000000008,0.0,100.0,CHARGE
2013-06-06 11:00:00,87.88273,70.74284,100.0,1,-17.139889999999994,70.74284,0.0,0.0,17.139889999999994,0.0,100.0,CHARGE
2013-06-06 11:30:00,84.628654,65.81917,100.0,1,-18.809483999999998,65.81917,0.0,0.0,18.809483999999998,0.0,100.0,CHARGE
2013-06-06 12:00:00,81.48222,51.168667,100.0,1,-30.313553,51.168667,0.0,0.0,30.313553,0.0,100.0,CHARGE
2013-06-06 12:30:00,83.07033,49.88246,100.0,1,-33.18787,49.88246,0.0,0.0,33.18787,0.0,100.0,CHARGE
2013-06-06 13:00:00,85.54818,55.11611,100.0,1,-30.432070000000003,55.11611,0.0,0.0,30.432070000000003,0.0,100.0,CHARGE
2013-06-06 13:30:00,81.63009,44.180393,100.0,1,-37.44969699999999,44.180393,0.0,0.0,37.44969699999999,0.0,100.0,CHARGE
2013-06-06 14:00:00,84.1549,32.486553,100.0,1,-51.668347,32.486553,0.0,0.0,51.668347,0.0,100.0,CHARGE
2013-06-06 14:30:00,85.32272,23.047606,100.0,1,-62.275114,23.047606,0.0,0.0,62.275114,0.0,100.0,CHARGE
2013-06-06 15:00:00,88.812355,14.682174,100.0,1,-74.130181,14.682174,0.0,0.0,74.130181,0.0,100.0,CHARGE
2013-06-06 15:30:00,90.25138,10.325446,100.0,1,-79.925934,10.325446,0.0,0.0,79.925934,0.0,100.0,CHARGE
2013-06-06 16:00:00,92.751755,9.828813,100.0,1,-82.922942,9.828813,0.0,0.0,82.922942,0.0,100.0,CHARGE
2013-06-06 16:30:00,125.09047,6.132046,100.0,1,-118.958424,6.132046,0.0,0.0,118.958424,0.0,100.0,CHARGE
2013-06-06 17:00:00,156.63487,-0.05175213,100.0,1,-156.68662213000002,-0.05175213,0.0,0.0,156.68662213000002,0.0,100.0,CHARGE
2013-06-06 17:30:00,187.80037,-0.021048939,100.0,1,-187.82141893899998,-0.021048939,0.0,0.0,187.82141893899998,0.0,100.0,CHARGE
2013-06-06 18:00:00,192.09508,-0.08471409,100.0,1,-192.17979409,-0.08471409,0.0,0.0,192.17979409,0.0,100.0,CHARGE
2013-06-06 18:30:00,177.03957,-0.08471409,100.0,1,-177.12428409,-0.08471409,0.0,0.0,177.12428409,0.0,100.0,CHARGE
2013-06-06 19:00:00,167.77512,-0.08899801,100.0,1,-167.86411801,-0.08899801,0.0,0.0,167.86411801,0.0,100.0,CHARGE
2013-06-06 19:30:00,173.79329,-0.08623302,100.0,1,-173.87952302000002,-0.08623302,0.0,0.0,173.87952302000002,0.0,100.0,CHARGE
2013-06-06 20:00:00,168.32507,-0.071230665,100.0,1,-168.396300665,-0.071230665,0.0,0.0,168.396300665,0.0,100.0,CHARGE
2013-06-06 20:30:00,166.80113,-0.071871944,100.0,1,-166.873001944,-0.071871944,0.0,0.0,166.873001944,0.0,100.0,CHARGE
2013-06-06 21:00:00,161.502,-0.063219346,100.0,1,-161.56521934600002,-0.063219346,0.0,0.0,161.56521934600002,0.0,100.0,CHARGE
2013-06-06 21:30:00,151.76895,-0.063219346,100.0,1,-151.832169346,-0.063219346,0.0,0.0,151.832169346,0.0,100.0,CHARGE
2013-06-06 22:00:00,151.32857,-0.06372331,100.0,1,-151.39229331,-0.06372331,0.0,0.0,151.39229331,0.0,100.0,CHARGE
2013-06-06 22:30:00,135.76741,-0.06372331,100.0,1,-135.83113331,-0.06372331,0.0,0.0,135.83113331,0.0,100.0,CHARGE
2013-06-06 23:00:00,135.86862,-0.019040672,100.0,1,-135.88766067199998,-0.019040672,0.0,0.0,135.88766067199998,0.0,100.0,CHARGE
2013-06-06 23:30:00,158.31285,-0.019040672,100.0,1,-158.331890672,-0.019040672,0.0,0.0,158.331890672,0.0,100.0,CHARGE
2013-06-07 00:00:00,183.5558,-0.019040672,100.0,1,-183.574840672,-0.019040672,0.0,0.0,183.574840672,0.0,100.0,CHARGE
2013-06-07 00:30:00,161.06584,-0.019040672,100.0,1,-161.084880672,-0.019040672,0.0,0.0,161.084880672,0.0,100.0,CHARGE
2013-06-07 01:00:00,134.80199,-0.019040672,100.0,1,-134.82103067199998,-0.019040672,0.0,0.0,134.82103067199998,0.0,100.0,CHARGE
2013-06-07 01:30:00,109.44153,-0.016520536,100.0,1,-109.458050536,-0.016520536,0.0,0.0,109.458050536,0.0,100.0,CHARGE
2013-06-07 02:00:00,96.97236,-0.0049519064,100.0,1,-96.97731190639999,-0.0049519064,0.0,0.0,96.97731190639999,0.0,100.0,CHARGE
2013-06-07 02:30:00,77.418,-0.0026940648,100.0,1,-77.4206940648,-0.0026940648,0.0,0.0,77.4206940648,0.0,100.0,CHARGE
2013-06-07 03:00:00,70.229324,-0.0026940648,100.0,1,-70.2320180648,-0.0026940648,0.0,0.0,70.2320180648,0.0,100.0,CHARGE
2013-06-07 03:30:00,66.80305,-0.0026940648,100.0,1,-66.8057440648,-0.0026940648,0.0,0.0,66.8057440648,0.0,100.0,CHARGE
2013-06-07 04:00:00,65.72884,-0.002674887,100.0,1,-65.731514887,-0.002674887,0.0,0.0,65.731514887,0.0,100.0,CHARGE
2013-06-07 04:30:00,66.80375,-0.011035842,100.0,1,-66.81478584199999,-0.011035842,0.0,0.0,66.81478584199999,0.0,100.0,CHARGE
2013-06-07 05:00:00,68.6608,-0.38003823,100.0,1,-69.04083822999999,-0.38003823,0.0,0.0,69.04083822999999,0.0,100.0,CHARGE
2013-06-07 05:30:00,81.509285,-0.38003823,100.0,1,-81.88932323,-0.38003823,0.0,0.0,81.88932323,0.0,100.0,CHARGE
2013-06-07 06:00:00,95.58976,-0.35389137,100.0,1,-95.94365137,-0.35389137,0.0,0.0,95.94365137,0.0,100.0,CHARGE
2013-06-07 06:30:00,115.88264,-0.3499857,100.0,1,-116.2326257,-0.3499857,0.0,0.0,116.2326257,0.0,100.0,CHARGE
2013-06-07 07:00:00,107.8016,-0.13353121,100.0,1,-107.93513121,-0.13353121,0.0,0.0,107.93513121,0.0,100.0,CHARGE
2013-06-07 07:30:00,119.554825,1.9052685,100.0,1,-117.64955649999999,1.9052685,0.0,0.0,117.64955649999999,0.0,100.0,CHARGE
2013-06-07 08:00:00,117.779976,3.5269148,100.0,1,-114.2530612,3.5269148,0.0,0.0,114.2530612,0.0,100.0,CHARGE
2013-06-07 08:30:00,121.48641,4.8916683,100.0,1,-116.5947417,4.8916683,0.0,0.0,116.5947417,0.0,100.0,CHARGE
2013-06-07 09:00:00,106.47272,7.174737,100.0,1,-99.29798299999999,7.174737,0.0,0.0,99.29798299999999,0.0,100.0,CHARGE
2013-06-07 09:30:00,95.008545,11.53068,100.0,1,-83.477865,11.53068,0.0,0.0,83.477865,0.0,100.0,CHARGE
2013-06-07 10:00:00,89.64549,17.909231,100.0,1,-71.73625899999999,17.909231,0.0,0.0,71.73625899999999,0.0,100.0,CHARGE
2013-06-07 10:30:00,90.29891,23.479605,100.0,1,-66.81930500000001,23.479605,0.0,0.0,66.81930500000001,0.0,100.0,CHARGE
2013-06-07 11:00:00,98.84999,28.898489,100.0,1,-69.95150100000001,28.898489,0.0,0.0,69.95150100000001,0.0,100.0,CHARGE
2013-06-07 11:30:00,100.458954,46.140392,100.0,1,-54.31856200000001,46.140392,0.0,0.0,54.31856200000001,0.0,100.0,CHARGE
2013-06-07 12:00:00,93.96725,69.66787,100.0,1,-24.299380000000014,69.66787,0.0,0.0,24.299380000000014,0.0,100.0,CHARGE
2013-06-07 12:30:00,88.54336,59.972725,100.0,1,-28.57063500000001,59.972725,0.0,0.0,28.57063500000001,0.0,100.0,CHARGE
2013-06-07 13:00:00,87.60943,69.00244,100.0,1,-18.606989999999996,69.00244,0.0,0.0,18.606989999999996,0.0,100.0,CHARGE
2013-06-07 13:30:00,87.35419,54.381073,100.0,1,-32.973117,54.381073,0.0,0.0,32.973117,0.0,100.0,CHARGE
2013-06-07 14:00:00,80.69761,50.57329,100.0,1,-30.124319999999997,50.57329,0.0,0.0,30.124319999999997,0.0,100.0,CHARGE
2013-06-07 14:30:00,78.513916,45.993584,100.0,1,-32.520331999999996,45.993584,0.0,0.0,32.520331999999996,0.0,100.0,CHARGE
2013-06-07 15:00:00,79.95386,46.099068,100.0,1,-33.854792,46.099068,0.0,0.0,33.854792,0.0,100.0,CHARGE
2013-06-07 15:30:00,84.83605,30.108643,100.0,1,-54.727407,30.108643,0.0,0.0,54.727407,0.0,100.0,CHARGE
2013-06-07 16:00:00,92.09475,19.671515,100.0,1,-72.423235,19.671515,0.0,0.0,72.423235,0.0,100.0,CHARGE
2013-06-07 16:30:00,108.91938,7.855205,100.0,1,-101.064175,7.855205,0.0,0.0,101.064175,0.0,100.0,CHARGE
2013-06-07 17:00:00,139.25539,1.068391,100.0,1,-138.18699900000001,1.068391,0.0,0.0,138.18699900000001,0.0,100.0,CHARGE
2013-06-07 17:30:00,168.20789,0.2569952,100.0,1,-167.9508948,0.2569952,0.0,0.0,167.9508948,0.0,100.0,CHARGE
2013-06-07 18:00:00,180.91379,-0.14085703,100.0,1,-181.05464703,-0.14085703,0.0,0.0,181.05464703,0.0,100.0,CHARGE
2013-06-07 18:30:00,163.32362,-0.15058613,100.0,1,-163.47420613,-0.15058613,0.0,0.0,163.47420613,0.0,100.0,CHARGE
2013-06-07 19:00:00,154.81833,-0.1816954,100.0,1,-155.0000254,-0.1816954,0.0,0.0,155.0000254,0.0,100.0,CHARGE
2013-06-07 19:30:00,154.27264,-0.17870834,100.0,1,-154.45134833999998,-0.17870834,0.0,0.0,154.45134833999998,0.0,100.0,CHARGE
2013-06-07 20:00:00,152.71423,-0.007759032,100.0,1,-152.72198903199998,-0.007759032,0.0,0.0,152.72198903199998,0.0,100.0,CHARGE
2013-06-07 20:30:00,149.58896,-0.008400313,100.0,1,-149.597360313,-0.008400313,0.0,0.0,149.597360313,0.0,100.0,CHARGE
2013-06-07 21:00:00,148.7789,0.015346437,100.0,1,-148.763553563,0.015346437,0.0,0.0,148.763553563,0.0,100.0,CHARGE
2013-06-07 21:30:00,132.46791,0.015346437,100.0,1,-132.45256356299998,0.015346437,0.0,0.0,132.45256356299998,0.0,100.0,CHARGE
2013-06-07 22:00:00,133.437,0.03941199,100.0,1,-133.39758801000002,0.03941199,0.0,0.0,133.39758801000002,0.0,100.0,CHARGE
2013-06-07 22:30:00,135.47717,0.03941199,100.0,1,-135.43775801,0.03941199,0.0,0.0,135.43775801,0.0,100.0,CHARGE
2013-06-07 23:00:00,132.96082,0.0470612,100.0,1,-132.9137588,0.0470612,0.0,0.0,132.9137588,0.0,100.0,CHARGE
2013-06-07 23:30:00,164.83543,0.0470612,100.0,1,-164.7883688,0.0470612,0.0,0.0,164.7883688,0.0,100.0,CHARGE
2013-06-08 00:00:00,187.44737,0.037730873,100.0,1,-187.40963912700002,0.037730873,0.0,0.0,187.40963912700002,0.0,100.0,CHARGE
2013-06-08 00:30:00,166.37134,0.037730873,100.0,1,-166.33360912700002,0.037730873,0.0,0.0,166.33360912700002,0.0,100.0,CHARGE
2013-06-08 01:00:00,143.10553,0.036055975,100.0,1,-143.06947402499998,0.036055975,0.0,0.0,143.06947402499998,0.0,100.0,CHARGE
2013-06-08 01:30:00,110.86772,0.03857612,100.0,1,-110.82914388,0.03857612,0.0,0.0,110.82914388,0.0,100.0,CHARGE
2013-06-08 02:00:00,93.86913,0.020124257,100.0,1,-93.84900574299999,0.020124257,0.0,0.0,93.84900574299999,0.0,100.0,CHARGE
2013-06-08 02:30:00,72.21823,0.022382097,100.0,1,-72.195847903,0.022382097,0.0,0.0,72.195847903,0.0,100.0,CHARGE
2013-06-08 03:00:00,69.97876,0.0017391038,100.0,1,-69.97702089619999,0.0017391038,0.0,0.0,69.97702089619999,0.0,100.0,CHARGE
2013-06-08 03:30:00,65.700294,0.0017391038,100.0,1,-65.6985548962,0.0017391038,0.0,0.0,65.6985548962,0.0,100.0,CHARGE
2013-06-08 04:00:00,67.15344,0.053101968,100.0,1,-67.100338032,0.053101968,0.0,0.0,67.100338032,0.0,100.0,CHARGE
2013-06-08 04:30:00,66.74867,0.044741016,100.0,1,-66.703928984,0.044741016,0.0,0.0,66.703928984,0.0,100.0,CHARGE
2013-06-08 05:00:00,66.02543,-0.017735584,100.0,1,-66.043165584,-0.017735584,0.0,0.0,66.043165584,0.0,100.0,CHARGE
2013-06-08 05:30:00,70.94099,-0.017735584,100.0,1,-70.95872558399999,-0.017735584,0.0,0.0,70.95872558399999,0.0,100.0,CHARGE
2013-06-08 06:00:00,75.39845,-0.017735584,100.0,1,-75.41618558399999,-0.017735584,0.0,0.0,75.41618558399999,0.0,100.0,CHARGE
2013-06-08 06:30:00,84.31619,0.013670539,100.0,1,-84.302519461,0.013670539,0.0,0.0,84.302519461,0.0,100.0,CHARGE
2013-06-08 07:00:00,99.7664,0.1848547,100.0,1,-99.5815453,0.1848547,0.0,0.0,99.5815453,0.0,100.0,CHARGE
2013-06-08 07:30:00,109.57116,1.7390385,100.0,1,-107.8321215,1.7390385,0.0,0.0,107.8321215,0.0,100.0,CHARGE
2013-06-08 08:00:00,110.7828,3.4276404,100.0,1,-107.3551596,3.4276404,0.0,0.0,107.3551596,0.0,100.0,CHARGE
2013-06-08 08:30:00,119.789375,12.289327,100.0,1,-107.500048,12.289327,0.0,0.0,107.500048,0.0,100.0,CHARGE
2013-06-08 09:00:00,132.85596,20.313837,100.0,1,-112.542123,20.313837,0.0,0.0,112.542123,0.0,100.0,CHARGE
2013-06-08 09:30:00,122.09845,31.125349,100.0,1,-90.973101,31.125349,0.0,0.0,90.973101,0.0,100.0,CHARGE
2013-06-08 10:00:00,124.37522,55.359356,100.0,1,-69.015864,55.359356,0.0,0.0,69.015864,0.0,100.0,CHARGE
2013-06-08 10:30:00,117.88707,64.38931,100.0,1,-53.49776,64.38931,0.0,0.0,53.49776,0.0,100.0,CHARGE
2013-06-08 11:00:00,128.53844,67.97303,100.0,1,-60.565410000000014,67.97303,0.0,0.0,60.565410000000014,0.0,100.0,CHARGE
2013-06-08 11:30:00,117.9432,79.011284,100.0,1,-38.931916,79.011284,0.0,0.0,38.931916,0.0,100.0,CHARGE
2013-06-08 12:00:00,115.58736,72.12257,100.0,1,-43.46479000000001,72.12257,0.0,0.0,43.46479000000001,0.0,100.0,CHARGE
2013-06-08 12:30:00,116.41839,70.273315,100.0,1,-46.145075000000006,70.273315,0.0,0.0,46.145075000000006,0.0,100.0,CHARGE
2013-06-08 13:00:00,110.51017,78.60512,100.0,1,-31.905050000000003,78.60512,0.0,0.0,31.905050000000003,0.0,100.0,CHARGE
2013-06-08 13:30:00,103.50669,71.932274,100.0,1,-31.574416,71.932274,0.0,0.0,31.574416,0.0,100.0,CHARGE
2013-06-08 14:00:00,110.680046,41.42855,100.0,1,-69.251496,41.42855,0.0,0.0,69.251496,0.0,100.0,CHARGE
2013-06-08 14:30:00,102.79529,31.851435,100.0,1,-70.943855,31.851435,0.0,0.0,70.943855,0.0,100.0,CHARGE
2013-06-08 15:00:00,99.1661,22.5963,100.0,1,-76.5698,22.5963,0.0,0.0,76.5698,0.0,100.0,CHARGE
2013-06-08 15:30:00,105.38453,16.4466,100.0,1,-88.93793,16.4466,0.0,0.0,88.93793,0.0,100.0,CHARGE
2013-06-08 16:00:00,114.98219,10.248328,100.0,1,-104.733862,10.248328,0.0,0.0,104.733862,0.0,100.0,CHARGE
2013-06-08 16:30:00,124.75531,6.2097054,100.0,1,-118.54560459999999,6.2097054,0.0,0.0,118.54560459999999,0.0,100.0,CHARGE
2013-06-08 17:00:00,163.83908,0.6848302,100.0,1,-163.1542498,0.6848302,0.0,0.0,163.1542498,0.0,100.0,CHARGE
2013-06-08 17:30:00,188.6829,0.021812059,100.0,1,-188.66108794099998,0.021812059,0.0,0.0,188.66108794099998,0.0,100.0,CHARGE
2013-06-08 18:00:00,197.71962,-0.055074677,100.0,1,-197.77469467699999,-0.055074677,0.0,0.0,197.77469467699999,0.0,100.0,CHARGE
2013-06-08 18:30:00,185.50285,-0.05264406,100.0,1,-185.55549406,-0.05264406,0.0,0.0,185.55549406,0.0,100.0,CHARGE
2013-06-08 19:00:00,167.79578,-0.037012476,100.0,1,-167.832792476,-0.037012476,0.0,0.0,167.832792476,0.0,100.0,CHARGE
2013-06-08 19:30:00,157.45163,-0.034247488,100.0,1,-157.485877488,-0.034247488,0.0,0.0,157.485877488,0.0,100.0,CHARGE
2013-06-08 20:00:00,155.30275,0.057584513,100.0,1,-155.245165487,0.057584513,0.0,0.0,155.245165487,0.0,100.0,CHARGE
2013-06-08 20:30:00,152.77228,0.05694321,100.0,1,-152.71533679,0.05694321,0.0,0.0,152.71533679,0.0,100.0,CHARGE
2013-06-08 21:00:00,148.13379,0.04461529,100.0,1,-148.08917471,0.04461529,0.0,0.0,148.08917471,0.0,100.0,CHARGE
2013-06-08 21:30:00,139.1017,0.04461529,100.0,1,-139.05708471,0.04461529,0.0,0.0,139.05708471,0.0,100.0,CHARGE
2013-06-08 22:00:00,140.21004,0.04451613,100.0,1,-140.16552387,0.04451613,0.0,0.0,140.16552387,0.0,100.0,CHARGE
2013-06-08 22:30:00,146.41556,0.04451613,100.0,1,-146.37104387,0.04451613,0.0,0.0,146.37104387,0.0,100.0,CHARGE
2013-06-08 23:00:00,134.19272,0.013879481,100.0,1,-134.178840519,0.013879481,0.0,0.0,134.178840519,0.0,100.0,CHARGE
2013-06-08 23:30:00,168.67992,0.013879481,100.0,1,-168.666040519,0.013879481,0.0,0.0,168.666040519,0.0,100.0,CHARGE
2013-06-09 00:00:00,185.24234,0.02919917,100.0,1,-185.21314083000001,0.02919917,0.0,0.0,185.21314083000001,0.0,100.0,CHARGE
2013-06-09 00:30:00,164.45653,0.02919917,100.0,1,-164.42733083,0.02919917,0.0,0.0,164.42733083,0.0,100.0,CHARGE
2013-06-09 01:00:00,142.18909,0.02919917,100.0,1,-142.15989083,0.02919917,0.0,0.0,142.15989083,0.0,100.0,CHARGE
2013-06-09 01:30:00,115.19485,0.031719312,100.0,1,-115.163130688,0.031719312,0.0,0.0,115.163130688,0.0,100.0,CHARGE
2013-06-09 02:00:00,94.9641,0.053869464,100.0,1,-94.910230536,0.053869464,0.0,0.0,94.910230536,0.0,100.0,CHARGE
2013-06-09 02:30:00,76.241455,0.056127302,100.0,1,-76.18532769800001,0.056127302,0.0,0.0,76.18532769800001,0.0,100.0,CHARGE
2013-06-09 03:00:00,70.66831,0.06029038,100.0,1,-70.60801962000001,0.06029038,0.0,0.0,70.60801962000001,0.0,100.0,CHARGE
2013-06-09 03:30:00,69.843834,0.06029038,100.0,1,-69.78354362,0.06029038,0.0,0.0,69.78354362,0.0,100.0,CHARGE
2013-06-09 04:00:00,69.7479,0.06295508,100.0,1,-69.68494492,0.06295508,0.0,0.0,69.68494492,0.0,100.0,CHARGE
2013-06-09 04:30:00,70.18249,0.05459413,100.0,1,-70.12789587,0.05459413,0.0,0.0,70.12789587,0.0,100.0,CHARGE
2013-06-09 05:00:00,69.77053,0.05110309,100.0,1,-69.71942691,0.05110309,0.0,0.0,69.71942691,0.0,100.0,CHARGE
2013-06-09 05:30:00,74.18017,0.04621766,100.0,1,-74.13395234000001,0.04621766,0.0,0.0,74.13395234000001,0.0,100.0,CHARGE
2013-06-09 06:00:00,82.05511,0.066893995,100.0,1,-81.988216005,0.066893995,0.0,0.0,81.988216005,0.0,100.0,CHARGE
2013-06-09 06:30:00,93.66676,0.121264346,100.0,1,-93.54549565399999,0.121264346,0.0,0.0,93.54549565399999,0.0,100.0,CHARGE
2013-06-09 07:00:00,99.749596,0.37181917,100.0,1,-99.37777683,0.37181917,0.0,0.0,99.37777683,0.0,100.0,CHARGE
2013-06-09 07:30:00,110.38355,2.2408826,100.0,1,-108.1426674,2.2408826,0.0,0.0,108.1426674,0.0,100.0,CHARGE
2013-06-09 08:00:00,116.47347,10.626585,100.0,1,-105.846885,10.626585,0.0,0.0,105.846885,0.0,100.0,CHARGE
2013-06-09 08:30:00,129.18959,28.331928,100.0,1,-100.857662,28.331928,0.0,0.0,100.857662,0.0,100.0,CHARGE
2013-06-09 09:00:00,116.74504,49.840534,100.0,1,-66.904506,49.840534,0.0,0.0,66.904506,0.0,100.0,CHARGE
2013-06-09 09:30:00,122.61493,71.82599,100.0,1,-50.78894,71.82599,0.0,0.0,50.78894,0.0,100.0,CHARGE
2013-06-09 10:00:00,112.22537,91.78062,100.0,1,-20.44475,91.78062,0.0,0.0,20.44475,0.0,100.0,CHARGE
2013-06-09 10:30:00,114.396904,104.50586,100.0,1,-9.891044000000008,104.50586,0.0,0.0,9.891044000000008,0.0,100.0,CHARGE
2013-06-09 11:00:00,118.07085,110.88035,100.0,1,-7.190499999999986,110.88035,0.0,0.0,7.190499999999986,0.0,100.0,CHARGE
2013-06-09 11:30:00,115.08851,117.77077,100.0,1,-0.26822599999999996,115.08851,0.0,0.0,0.0,2.6822599999999994,100.0,CHARGE
2013-06-09 12:00:00,108.69182,112.591484,100.0,1,-0.3899663999999987,108.69182,0.0,0.0,0.0,3.899663999999987,100.0,CHARGE
2013-06-09 12:30:00,110.76998,107.334206,100.0,1,-3.435774000000009,107.334206,0.0,0.0,3.435774000000009,0.0,100.0,CHARGE
2013-06-09 13:00:00,104.82627,91.40316,100.0,1,-13.423109999999994,91.40316,0.0,0.0,13.423109999999994,0.0,100.0,CHARGE
2013-06-09 13:30:00,105.741035,72.90213,100.0,1,-32.838905,72.90213,0.0,0.0,32.838905,0.0,100.0,CHARGE
2013-06-09 14:00:00,105.73828,56.249268,100.0,1,-49.489012,56.249268,0.0,0.0,49.489012,0.0,100.0,CHARGE
2013-06-09 14:30:00,103.31959,56.14983,100.0,1,-47.169760000000004,56.14983,0.0,0.0,47.169760000000004,0.0,100.0,CHARGE
2013-06-09 15:00:00,108.998634,47.5988,100.0,1,-61.399834,47.5988,0.0,0.0,61.399834,0.0,100.0,CHARGE
2013-06-09 15:30:00,103.02789,31.71797,100.0,1,-71.30992,31.71797,0.0,0.0,71.30992,0.0,100.0,CHARGE
2013-06-09 16:00:00,110.83859,19.408943,100.0,1,-91.42964699999999,19.408943,0.0,0.0,91.42964699999999,0.0,100.0,CHARGE
2013-06-09 16:30:00,131.9795,7.512431,100.0,1,-124.467069,7.512431,0.0,0.0,124.467069,0.0,100.0,CHARGE
2013-06-09 17:00:00,152.97147,0.5439628,100.0,1,-152.4275072,0.5439628,0.0,0.0,152.4275072,0.0,100.0,CHARGE
2013-06-09 17:30:00,179.43999,-0.054071363,100.0,1,-179.494061363,-0.054071363,0.0,0.0,179.494061363,0.0,100.0,CHARGE
2013-06-09 18:00:00,192.83754,-0.064275816,100.0,1,-192.90181581599998,-0.064275816,0.0,0.0,192.90181581599998,0.0,100.0,CHARGE
2013-06-09 18:30:00,164.79372,-0.07733353,100.0,1,-164.87105353,-0.07733353,0.0,0.0,164.87105353,0.0,100.0,CHARGE
2013-06-09 19:00:00,159.51582,-0.07709434,100.0,1,-159.59291434,-0.07709434,0.0,0.0,159.59291434,0.0,100.0,CHARGE
2013-06-09 19:30:00,156.43465,-0.07410728,100.0,1,-156.50875728,-0.07410728,0.0,0.0,156.50875728,0.0,100.0,CHARGE
2013-06-09 20:00:00,159.56636,-0.024674185,100.0,1,-159.591034185,-0.024674185,0.0,0.0,159.591034185,0.0,100.0,CHARGE
2013-06-09 20:30:00,152.25398,-0.025315471,100.0,1,-152.279295471,-0.025315471,0.0,0.0,152.279295471,0.0,100.0,CHARGE
2013-06-09 21:00:00,153.33899,0.026311086,100.0,1,-153.312678914,0.026311086,0.0,0.0,153.312678914,0.0,100.0,CHARGE
2013-06-09 21:30:00,153.95305,0.026311086,100.0,1,-153.926738914,0.026311086,0.0,0.0,153.926738914,0.0,100.0,CHARGE
2013-06-09 22:00:00,157.8694,0.03024987,100.0,1,-157.83915013,0.03024987,0.0,0.0,157.83915013,0.0,100.0,CHARGE
2013-06-09 22:30:00,153.61955,0.03024987,100.0,1,-153.58930013,0.03024987,0.0,0.0,153.58930013,0.0,100.0,CHARGE
2013-06-09 23:00:00,139.95982,0.007828465,100.0,1,-139.95199153500002,0.007828465,0.0,0.0,139.95199153500002,0.0,100.0,CHARGE
2013-06-09 23:30:00,167.30768,0.007828465,100.0,1,-167.29985153500002,0.007828465,0.0,0.0,167.29985153500002,0.0,100.0,CHARGE
2013-06-10 00:00:00,178.3812,0.017149039,100.0,1,-178.364050961,0.017149039,0.0,0.0,178.364050961,0.0,100.0,CHARGE
2013-06-10 00:30:00,157.14331,0.017149039,100.0,1,-157.126160961,0.017149039,0.0,0.0,157.126160961,0.0,100.0,CHARGE
2013-06-10 01:00:00,135.67757,0.017049527,100.0,1,-135.660520473,0.017049527,0.0,0.0,135.660520473,0.0,100.0,CHARGE
2013-06-10 01:30:00,110.63662,0.019569676,100.0,1,-110.61705032399999,0.019569676,0.0,0.0,110.61705032399999,0.0,100.0,CHARGE
2013-06-10 02:00:00,96.73912,0.022371398,100.0,1,-96.716748602,0.022371398,0.0,0.0,96.716748602,0.0,100.0,CHARGE
2013-06-10 02:30:00,79.778946,0.024629239,100.0,1,-79.754316761,0.024629239,0.0,0.0,79.754316761,0.0,100.0,CHARGE
2013-06-10 03:00:00,71.60456,0.036327515,100.0,1,-71.56823248500001,0.036327515,0.0,0.0,71.56823248500001,0.0,100.0,CHARGE
2013-06-10 03:30:00,68.9283,0.036327515,100.0,1,-68.891972485,0.036327515,0.0,0.0,68.891972485,0.0,100.0,CHARGE
2013-06-10 04:00:00,69.63913,0.03061578,100.0,1,-69.60851421999999,0.03061578,0.0,0.0,69.60851421999999,0.0,100.0,CHARGE
2013-06-10 04:30:00,72.1602,0.029486788,100.0,1,-72.130713212,0.029486788,0.0,0.0,72.130713212,0.0,100.0,CHARGE
2013-06-10 05:00:00,71.76822,0.062196776,100.0,1,-71.706023224,0.062196776,0.0,0.0,71.706023224,0.0,100.0,CHARGE
2013-06-10 05:30:00,82.097115,0.06241885,100.0,1,-82.03469615,0.06241885,0.0,0.0,82.03469615,0.0,100.0,CHARGE
2013-06-10 06:00:00,91.21591,0.041449927,100.0,1,-91.17446007299999,0.041449927,0.0,0.0,91.17446007299999,0.0,100.0,CHARGE
2013-06-10 06:30:00,101.43838,0.0955982,100.0,1,-101.3427818,0.0955982,0.0,0.0,101.3427818,0.0,100.0,CHARGE
2013-06-10 07:00:00,96.006355,0.34392804,100.0,1,-95.66242696,0.34392804,0.0,0.0,95.66242696,0.0,100.0,CHARGE
2013-06-10 07:30:00,110.4822,3.1222026,100.0,1,-107.35999740000001,3.1222026,0.0,0.0,107.35999740000001,0.0,100.0,CHARGE
2013-06-10 08:00:00,111.084625,11.393896,100.0,1,-99.690729,11.393896,0.0,0.0,99.690729,0.0,100.0,CHARGE
2013-06-10 08:30:00,112.1552,31.137787,100.0,1,-81.01741299999999,31.137787,0.0,0.0,81.01741299999999,0.0,100.0,CHARGE
2013-06-10 09:00:00,127.02409,44.5354,100.0,1,-82.48868999999999,44.5354,0.0,0.0,82.48868999999999,0.0,100.0,CHARGE
2013-06-10 09:30:00,118.43298,65.41357,100.0,1,-53.01940999999999,65.41357,0.0,0.0,53.01940999999999,0.0,100.0,CHARGE
2013-06-10 10:00:00,115.62764,89.40041,100.0,1,-26.227230000000006,89.40041,0.0,0.0,26.227230000000006,0.0,100.0,CHARGE
2013-06-10 10:30:00,124.4478,100.32735,100.0,1,-24.120450000000005,100.32735,0.0,0.0,24.120450000000005,0.0,100.0,CHARGE
2013-06-10 11:00:00,129.52368,85.13436,100.0,1,-44.38932000000001,85.13436,0.0,0.0,44.38932000000001,0.0,100.0,CHARGE
2013-06-10 11:30:00,118.591225,99.69709,100.0,1,-18.89413499999999,99.69709,0.0,0.0,18.89413499999999,0.0,100.0,CHARGE
2013-06-10 12:00:00,120.05641,99.81612,100.0,1,-20.24029,99.81612,0.0,0.0,20.24029,0.0,100.0,CHARGE
2013-06-10 12:30:00,115.615395,86.87883,100.0,1,-28.736565000000013,86.87883,0.0,0.0,28.736565000000013,0.0,100.0,CHARGE
2013-06-10 13:00:00,108.8094,94.73296,100.0,1,-14.076439999999991,94.73296,0.0,0.0,14.076439999999991,0.0,100.0,CHARGE
2013-06-10 13:30:00,98.658104,77.06511,100.0,1,-21.59299399999999,77.06511,0.0,0.0,21.59299399999999,0.0,100.0,CHARGE
2013-06-10 14:00:00,102.140076,51.479042,100.0,1,-50.661033999999994,51.479042,0.0,0.0,50.661033999999994,0.0,100.0,CHARGE
2013-06-10 14:30:00,108.10462,31.642206,100.0,1,-76.462414,31.642206,0.0,0.0,76.462414,0.0,100.0,CHARGE
2013-06-10 15:00:00,118.22199,13.920312,100.0,1,-104.30167800000001,13.920312,0.0,0.0,104.30167800000001,0.0,100.0,CHARGE
2013-06-10 15:30:00,135.02682,7.09864,100.0,1,-127.92817999999998,7.09864,0.0,0.0,127.92817999999998,0.0,100.0,CHARGE
2013-06-10 16:00:00,131.1631,5.7208133,100.0,1,-125.44228669999998,5.7208133,0.0,0.0,125.44228669999998,0.0,100.0,CHARGE
2013-06-10 16:30:00,146.09276,5.2389064,100.0,1,-140.8538536,5.2389064,0.0,0.0,140.8538536,0.0,100.0,CHARGE
2013-06-10 17:00:00,192.92278,0.42645442,100.0,1,-192.49632558,0.42645442,0.0,0.0,192.49632558,0.0,100.0,CHARGE
2013-06-10 17:30:00,209.47353,-0.110734634,100.0,1,-209.58426463400002,-0.110734634,0.0,0.0,209.58426463400002,0.0,100.0,CHARGE
2013-06-10 18:00:00,218.83846,-0.08293003,100.0,1,-218.92139003,-0.08293003,0.0,0.0,218.92139003,0.0,100.0,CHARGE
2013-06-10 18:30:00,206.74585,-0.10054639,100.0,1,-206.84639639,-0.10054639,0.0,0.0,206.84639639,0.0,100.0,CHARGE
2013-06-10 19:00:00,193.79799,-0.0032348603,100.0,1,-193.8012248603,-0.0032348603,0.0,0.0,193.8012248603,0.0,100.0,CHARGE
2013-06-10 19:30:00,180.8588,-0.00024779938,100.0,1,-180.85904779938,-0.00024779938,0.0,0.0,180.85904779938,0.0,100.0,CHARGE
2013-06-10 20:00:00,183.06284,0.05591517,100.0,1,-183.00692483,0.05591517,0.0,0.0,183.00692483,0.0,100.0,CHARGE
2013-06-10 20:30:00,167.20103,0.05527389,100.0,1,-167.14575611,0.05527389,0.0,0.0,167.14575611,0.0,100.0,CHARGE
2013-06-10 21:00:00,164.69913,0.1505811,100.0,1,-164.5485489,0.1505811,0.0,0.0,164.5485489,0.0,100.0,CHARGE
2013-06-10 21:30:00,157.4384,0.1505811,100.0,1,-157.2878189,0.1505811,0.0,0.0,157.2878189,0.0,100.0,CHARGE
2013-06-10 22:00:00,159.12471,0.11435589,100.0,1,-159.01035410999998,0.11435589,0.0,0.0,159.01035410999998,0.0,100.0,CHARGE
2013-06-10 22:30:00,148.2616,0.11435589,100.0,1,-148.14724410999997,0.11435589,0.0,0.0,148.14724410999997,0.0,100.0,CHARGE
2013-06-10 23:00:00,133.93755,0.0885943,100.0,1,-133.84895569999998,0.0885943,0.0,0.0,133.84895569999998,0.0,100.0,CHARGE
2013-06-10 23:30:00,162.28972,0.0885943,100.0,1,-162.20112569999998,0.0885943,0.0,0.0,162.20112569999998,0.0,100.0,CHARGE
2013-06-11 00:00:00,185.81305,0.0890679,100.0,1,-185.7239821,0.0890679,0.0,0.0,185.7239821,0.0,100.0,CHARGE
2013-06-11 00:30:00,164.11934,0.0890679,100.0,1,-164.0302721,0.0890679,0.0,0.0,164.0302721,0.0,100.0,CHARGE
2013-06-11 01:00:00,141.88326,0.0890679,100.0,1,-141.7941921,0.0890679,0.0,0.0,141.7941921,0.0,100.0,CHARGE
2013-06-11 01:30:00,114.74936,0.09158804,100.0,1,-114.65777195999999,0.09158804,0.0,0.0,114.65777195999999,0.0,100.0,CHARGE
2013-06-11 02:00:00,97.63092,0.09111445,100.0,1,-97.53980555,0.09111445,0.0,0.0,97.53980555,0.0,100.0,CHARGE
2013-06-11 02:30:00,76.80405,0.09337229,100.0,1,-76.71067771,0.09337229,0.0,0.0,76.71067771,0.0,100.0,CHARGE
2013-06-11 03:00:00,72.70305,0.09337229,100.0,1,-72.60967771,0.09337229,0.0,0.0,72.60967771,0.0,100.0,CHARGE
2013-06-11 03:30:00,70.715256,0.09337229,100.0,1,-70.62188370999999,0.09337229,0.0,0.0,70.62188370999999,0.0,100.0,CHARGE
2013-06-11 04:00:00,70.1765,0.108558916,100.0,1,-70.067941084,0.108558916,0.0,0.0,70.067941084,0.0,100.0,CHARGE
2013-06-11 04:30:00,77.395584,0.100197956,100.0,1,-77.295386044,0.100197956,0.0,0.0,77.295386044,0.0,100.0,CHARGE
2013-06-11 05:00:00,74.60351,0.100197956,100.0,1,-74.503312044,0.100197956,0.0,0.0,74.503312044,0.0,100.0,CHARGE
2013-06-11 05:30:00,81.80175,0.100197956,100.0,1,-81.701552044,0.100197956,0.0,0.0,81.701552044,0.0,100.0,CHARGE
2013-06-11 06:00:00,94.713524,0.100197956,100.0,1,-94.613326044,0.100197956,0.0,0.0,94.613326044,0.0,100.0,CHARGE
2013-06-11 06:30:00,116.07234,0.13661005,100.0,1,-115.93572995,0.13661005,0.0,0.0,115.93572995,0.0,100.0,CHARGE
2013-06-11 07:00:00,133.08191,0.37892574,100.0,1,-132.70298426,0.37892574,0.0,0.0,132.70298426,0.0,100.0,CHARGE
2013-06-11 07:30:00,155.05473,3.316718,100.0,1,-151.738012,3.316718,0.0,0.0,151.738012,0.0,100.0,CHARGE
2013-06-11 08:00:00,137.97763,12.401619,100.0,1,-125.57601100000001,12.401619,0.0,0.0,125.57601100000001,0.0,100.0,CHARGE
2013-06-11 08:30:00,112.66459,31.09323,100.0,1,-81.57136,31.09323,0.0,0.0,81.57136,0.0,100.0,CHARGE
2013-06-11 09:00:00,95.75667,51.81928,100.0,1,-43.93739,51.81928,0.0,0.0,43.93739,0.0,100.0,CHARGE
2013-06-11 09:30:00,97.72446,74.81232,100.0,1,-22.912139999999994,74.81232,0.0,0.0,22.912139999999994,0.0,100.0,CHARGE
2013-06-11 10:00:00,89.505035,95.044525,100.0,1,-0.5539489999999987,89.505035,0.0,0.0,0.0,5.5394899999999865,100.0,CHARGE
2013-06-11 10:30:00,93.56806,111.39756,100.0,1,-1.7829499999999996,93.56806,0.0,0.0,0.0,17.829499999999996,100.0,CHARGE
2013-06-11 11:00:00,86.663086,124.479675,100.0,1,-3.7816588999999996,86.663086,0.0,0.0,0.0,37.81658899999999,100.0,CHARGE
2013-06-11 11:30:00,81.886986,130.62137,100.0,1,-4.873438400000002,81.886986,0.0,0.0,0.0,48.73438400000002,100.0,CHARGE
2013-06-11 12:00:00,80.11401,124.0163,100.0,1,-4.390229000000001,80.11401,0.0,0.0,0.0,43.90229000000001,100.0,CHARGE
2013-06-11 12:30:00,78.61943,132.2576,100.0,1,-5.363817000000001,78.61943,0.0,0.0,0.0,53.63817,100.0,CHARGE
2013-06-11 13:00:00,74.820915,125.91594,100.0,1,-5.109502500000001,74.820915,0.0,0.0,0.0,51.09502500000001,100.0,CHARGE
2013-06-11 13:30:00,74.369225,114.83094,100.0,1,-4.0461715,74.369225,0.0,0.0,0.0,40.461715,100.0,CHARGE
2013-06-11 14:00:00,72.334404,96.411385,100.0,1,-2.4076980999999993,72.334404,0.0,0.0,0.0,24.07698099999999,100.0,CHARGE
2013-06-11 14:30:00,73.903435,75.29286,100.0,1,-0.13894250000000027,73.903435,0.0,0.0,0.0,1.3894250000000028,100.0,CHARGE
2013-06-11 15:00:00,77.27796,60.06572,100.0,1,-17.212239999999994,60.06572,0.0,0.0,17.212239999999994,0.0,100.0,CHARGE
2013-06-11 15:30:00,83.3956,37.719074,100.0,1,-45.676526,37.719074,0.0,0.0,45.676526,0.0,100.0,CHARGE
2013-06-11 16:00:00,92.47175,22.986612,100.0,1,-69.485138,22.986612,0.0,0.0,69.485138,0.0,100.0,CHARGE
2013-06-11 16:30:00,106.20067,9.375395,100.0,1,-96.825275,9.375395,0.0,0.0,96.825275,0.0,100.0,CHARGE
2013-06-11 17:00:00,157.21196,0.7288163,100.0,1,-156.4831437,0.7288163,0.0,0.0,156.4831437,0.0,100.0,CHARGE
2013-06-11 17:30:00,181.12369,0.08161118,100.0,1,-181.04207882,0.08161118,0.0,0.0,181.04207882,0.0,100.0,CHARGE
2013-06-11 18:00:00,185.10147,0.023424199,100.0,1,-185.078045801,0.023424199,0.0,0.0,185.078045801,0.0,100.0,CHARGE
2013-06-11 18:30:00,191.45107,0.004416666,100.0,1,-191.446653334,0.004416666,0.0,0.0,191.446653334,0.0,100.0,CHARGE
2013-06-11 19:00:00,181.3488,0.009549503,100.0,1,-181.33925049700002,0.009549503,0.0,0.0,181.33925049700002,0.0,100.0,CHARGE
2013-06-11 19:30:00,178.14613,0.012536562,100.0,1,-178.133593438,0.012536562,0.0,0.0,178.133593438,0.0,100.0,CHARGE
2013-06-11 20:00:00,171.80804,-0.02670579,100.0,1,-171.83474579,-0.02670579,0.0,0.0,171.83474579,0.0,100.0,CHARGE
2013-06-11 20:30:00,164.8161,-0.027347073,100.0,1,-164.843447073,-0.027347073,0.0,0.0,164.843447073,0.0,100.0,CHARGE
2013-06-11 21:00:00,162.93623,-0.008566859,100.0,1,-162.944796859,-0.008566859,0.0,0.0,162.944796859,0.0,100.0,CHARGE
2013-06-11 21:30:00,157.75774,-0.008566859,100.0,1,-157.76630685900003,-0.008566859,0.0,0.0,157.76630685900003,0.0,100.0,CHARGE
2013-06-11 22:00:00,158.02676,0.044070054,100.0,1,-157.982689946,0.044070054,0.0,0.0,157.982689946,0.0,100.0,CHARGE
2013-06-11 22:30:00,147.78874,0.044070054,100.0,1,-147.744669946,0.044070054,0.0,0.0,147.744669946,0.0,100.0,CHARGE
2013-06-11 23:00:00,137.20178,0.05025651,100.0,1,-137.15152349000002,0.05025651,0.0,0.0,137.15152349000002,0.0,100.0,CHARGE
2013-06-11 23:30:00,160.85672,0.05025651,100.0,1,-160.80646349,0.05025651,0.0,0.0,160.80646349,0.0,100.0,CHARGE
2013-06-12 00:00:00,190.47018,0.035593867,100.0,1,-190.434586133,0.035593867,0.0,0.0,190.434586133,0.0,100.0,CHARGE
2013-06-12 00:30:00,166.13646,0.035593867,100.0,1,-166.100866133,0.035593867,0.0,0.0,166.100866133,0.0,100.0,CHARGE
2013-06-12 01:00:00,140.4082,-0.008422135,100.0,1,-140.41662213499998,-0.008422135,0.0,0.0,140.41662213499998,0.0,100.0,CHARGE
2013-06-12 01:30:00,103.592705,-0.0059019937,100.0,1,-103.59860699369999,-0.0059019937,0.0,0.0,103.59860699369999,0.0,100.0,CHARGE
2013-06-12 02:00:00,94.15302,-0.009242202,100.0,1,-94.162262202,-0.009242202,0.0,0.0,94.162262202,0.0,100.0,CHARGE
2013-06-12 02:30:00,74.63615,-0.006984361,100.0,1,-74.643134361,-0.006984361,0.0,0.0,74.643134361,0.0,100.0,CHARGE
2013-06-12 03:00:00,70.80286,0.003891063,100.0,1,-70.798968937,0.003891063,0.0,0.0,70.798968937,0.0,100.0,CHARGE
2013-06-12 03:30:00,70.146866,0.003891063,100.0,1,-70.142974937,0.003891063,0.0,0.0,70.142974937,0.0,100.0,CHARGE
2013-06-12 04:00:00,66.95767,0.019077687,100.0,1,-66.93859231299999,0.019077687,0.0,0.0,66.93859231299999,0.0,100.0,CHARGE
2013-06-12 04:30:00,69.87456,0.01071673,100.0,1,-69.86384327,0.01071673,0.0,0.0,69.86384327,0.0,100.0,CHARGE
2013-06-12 05:00:00,71.04096,0.0031133133,100.0,1,-71.0378466867,0.0031133133,0.0,0.0,71.0378466867,0.0,100.0,CHARGE
2013-06-12 05:30:00,77.09457,0.0031133133,100.0,1,-77.0914566867,0.0031133133,0.0,0.0,77.0914566867,0.0,100.0,CHARGE
2013-06-12 06:00:00,98.26037,0.02924749,100.0,1,-98.23112250999999,0.02924749,0.0,0.0,98.23112250999999,0.0,100.0,CHARGE
2013-06-12 06:30:00,125.72299,0.051194772,100.0,1,-125.671795228,0.051194772,0.0,0.0,125.671795228,0.0,100.0,CHARGE
2013-06-12 07:00:00,131.95001,0.2432584,100.0,1,-131.7067516,0.2432584,0.0,0.0,131.7067516,0.0,100.0,CHARGE
2013-06-12 07:30:00,146.65764,2.988554,100.0,1,-143.669086,2.988554,0.0,0.0,143.669086,0.0,100.0,CHARGE
2013-06-12 08:00:00,142.26274,7.175981,100.0,1,-135.086759,7.175981,0.0,0.0,135.086759,0.0,100.0,CHARGE
2013-06-12 08:30:00,115.743,12.259288,100.0,1,-103.483712,12.259288,0.0,0.0,103.483712,0.0,100.0,CHARGE
2013-06-12 09:00:00,104.67105,21.629955,100.0,1,-83.041095,21.629955,0.0,0.0,83.041095,0.0,100.0,CHARGE
2013-06-12 09:30:00,98.13465,30.833033,100.0,1,-67.301617,30.833033,0.0,0.0,67.301617,0.0,100.0,CHARGE
2013-06-12 10:00:00,100.95635,48.868584,100.0,1,-52.087766,48.868584,0.0,0.0,52.087766,0.0,100.0,CHARGE
2013-06-12 10:30:00,114.33827,40.073956,100.0,1,-74.26431399999998,40.073956,0.0,0.0,74.26431399999998,0.0,100.0,CHARGE
2013-06-12 11:00:00,125.665215,35.289528,100.0,1,-90.375687,35.289528,0.0,0.0,90.375687,0.0,100.0,CHARGE
2013-06-12 11:30:00,121.146065,40.631203,100.0,1,-80.514862,40.631203,0.0,0.0,80.514862,0.0,100.0,CHARGE
2013-06-12 12:00:00,116.128075,38.43487,100.0,1,-77.693205,38.43487,0.0,0.0,77.693205,0.0,100.0,CHARGE
2013-06-12 12:30:00,123.220535,18.82855,100.0,1,-104.391985,18.82855,0.0,0.0,104.391985,0.0,100.0,CHARGE
2013-06-12 13:00:00,116.25017,5.531046,100.0,1,-110.719124,5.531046,0.0,0.0,110.719124,0.0,100.0,CHARGE
2013-06-12 13:30:00,126.52503,11.902314,100.0,1,-114.622716,11.902314,0.0,0.0,114.622716,0.0,100.0,CHARGE
2013-06-12 14:00:00,119.85208,9.826509,100.0,1,-110.025571,9.826509,0.0,0.0,110.025571,0.0,100.0,CHARGE
2013-06-12 14:30:00,111.521385,10.803643,100.0,1,-100.717742,10.803643,0.0,0.0,100.717742,0.0,100.0,CHARGE
2013-06-12 15:00:00,104.33028,17.748482,100.0,1,-86.581798,17.748482,0.0,0.0,86.581798,0.0,100.0,CHARGE
2013-06-12 15:30:00,107.39329,24.029848,100.0,1,-83.36344199999999,24.029848,0.0,0.0,83.36344199999999,0.0,100.0,CHARGE
2013-06-12 16:00:00,120.67607,14.1301775,100.0,1,-106.5458925,14.1301775,0.0,0.0,106.5458925,0.0,100.0,CHARGE
2013-06-12 16:30:00,133.08801,11.744104,100.0,1,-121.343906,11.744104,0.0,0.0,121.343906,0.0,100.0,CHARGE
2013-06-12 17:00:00,176.90501,1.5453498,100.0,1,-175.3596602,1.5453498,0.0,0.0,175.3596602,0.0,100.0,CHARGE
2013-06-12 17:30:00,202.49637,0.014695757,100.0,1,-202.48167424300001,0.014695757,0.0,0.0,202.48167424300001,0.0,100.0,CHARGE
2013-06-12 18:00:00,207.61697,-0.009430156,100.0,1,-207.62640015600002,-0.009430156,0.0,0.0,207.62640015600002,0.0,100.0,CHARGE
2013-06-12 18:30:00,207.44772,-0.022487806,100.0,1,-207.470207806,-0.022487806,0.0,0.0,207.470207806,0.0,100.0,CHARGE
2013-06-12 19:00:00,198.31406,-0.07841037,100.0,1,-198.39247037,-0.07841037,0.0,0.0,198.39247037,0.0,100.0,CHARGE
2013-06-12 19:30:00,192.44154,-0.0754233,100.0,1,-192.51696330000001,-0.0754233,0.0,0.0,192.51696330000001,0.0,100.0,CHARGE
2013-06-12 20:00:00,184.25562,-0.07957959,100.0,1,-184.33519959,-0.07957959,0.0,0.0,184.33519959,0.0,100.0,CHARGE
2013-06-12 20:30:00,179.92639,-0.08022088,100.0,1,-180.00661088,-0.08022088,0.0,0.0,180.00661088,0.0,100.0,CHARGE
2013-06-12 21:00:00,174.13353,-0.09756525,100.0,1,-174.23109525,-0.09756525,0.0,0.0,174.23109525,0.0,100.0,CHARGE
2013-06-12 21:30:00,160.09824,-0.09756525,100.0,1,-160.19580525,-0.09756525,0.0,0.0,160.19580525,0.0,100.0,CHARGE
2013-06-12 22:00:00,152.96918,-0.056868628,100.0,1,-153.02604862799998,-0.056868628,0.0,0.0,153.02604862799998,0.0,100.0,CHARGE
2013-06-12 22:30:00,156.32246,-0.056868628,100.0,1,-156.379328628,-0.056868628,0.0,0.0,156.379328628,0.0,100.0,CHARGE
2013-06-12 23:00:00,145.8873,0.0024411448,100.0,1,-145.8848588552,0.0024411448,0.0,0.0,145.8848588552,0.0,100.0,CHARGE
2013-06-12 23:30:00,172.77686,0.0024411448,100.0,1,-172.7744188552,0.0024411448,0.0,0.0,172.7744188552,0.0,100.0,CHARGE
2013-06-13 00:00:00,186.07721,0.0035372286,100.0,1,-186.0736727714,0.0035372286,0.0,0.0,186.0736727714,0.0,100.0,CHARGE
2013-06-13 00:30:00,171.56273,0.0035372286,100.0,1,-171.55919277139998,0.0035372286,0.0,0.0,171.55919277139998,0.0,100.0,CHARGE
2013-06-13 01:00:00,156.1833,0.02031064,100.0,1,-156.16298936,0.02031064,0.0,0.0,156.16298936,0.0,100.0,CHARGE
2013-06-13 01:30:00,134.5558,0.022830784,100.0,1,-134.532969216,0.022830784,0.0,0.0,134.532969216,0.0,100.0,CHARGE
2013-06-13 02:00:00,99.19296,0.042566683,100.0,1,-99.150393317,0.042566683,0.0,0.0,99.150393317,0.0,100.0,CHARGE
2013-06-13 02:30:00,78.2837,0.044824522,100.0,1,-78.238875478,0.044824522,0.0,0.0,78.238875478,0.0,100.0,CHARGE
2013-06-13 03:00:00,70.27024,0.044219844,100.0,1,-70.226020156,0.044219844,0.0,0.0,70.226020156,0.0,100.0,CHARGE
2013-06-13 03:30:00,69.9462,0.044219844,100.0,1,-69.90198015600001,0.044219844,0.0,0.0,69.90198015600001,0.0,100.0,CHARGE
2013-06-13 04:00:00,72.67097,0.05940647,100.0,1,-72.61156353,0.05940647,0.0,0.0,72.61156353,0.0,100.0,CHARGE
2013-06-13 04:30:00,74.03334,0.05104552,100.0,1,-73.98229448,0.05104552,0.0,0.0,73.98229448,0.0,100.0,CHARGE
2013-06-13 05:00:00,74.54527,0.071566455,100.0,1,-74.473703545,0.071566455,0.0,0.0,74.473703545,0.0,100.0,CHARGE
2013-06-13 05:30:00,78.121155,0.071566455,100.0,1,-78.049588545,0.071566455,0.0,0.0,78.049588545,0.0,100.0,CHARGE
2013-06-13 06:00:00,95.71214,0.071566455,100.0,1,-95.64057354500001,0.071566455,0.0,0.0,95.64057354500001,0.0,100.0,CHARGE
2013-06-13 06:30:00,134.98656,0.107978635,100.0,1,-134.878581365,0.107978635,0.0,0.0,134.878581365,0.0,100.0,CHARGE
2013-06-13 07:00:00,152.78839,0.34317788,100.0,1,-152.44521211999998,0.34317788,0.0,0.0,152.44521211999998,0.0,100.0,CHARGE
2013-06-13 07:30:00,158.89253,2.357638,100.0,1,-156.53489199999999,2.357638,0.0,0.0,156.53489199999999,0.0,100.0,CHARGE
2013-06-13 08:00:00,147.30699,9.693629,100.0,1,-137.61336100000003,9.693629,0.0,0.0,137.61336100000003,0.0,100.0,CHARGE
2013-06-13 08:30:00,125.94416,27.168266,100.0,1,-98.775894,27.168266,0.0,0.0,98.775894,0.0,100.0,CHARGE
2013-06-13 09:00:00,107.07491,50.15454,100.0,1,-56.920370000000005,50.15454,0.0,0.0,56.920370000000005,0.0,100.0,CHARGE
2013-06-13 09:30:00,88.287766,66.67451,100.0,1,-21.613256000000007,66.67451,0.0,0.0,21.613256000000007,0.0,100.0,CHARGE
2013-06-13 10:00:00,89.818695,87.26599,100.0,1,-2.552705000000003,87.26599,0.0,0.0,2.552705000000003,0.0,100.0,CHARGE
2013-06-13 10:30:00,85.810585,108.582344,100.0,1,-2.2771759000000005,85.810585,0.0,0.0,0.0,22.771759000000003,100.0,CHARGE
2013-06-13 11:00:00,83.58357,118.27457,100.0,1,-3.4691000000000005,83.58357,0.0,0.0,0.0,34.691,100.0,CHARGE
2013-06-13 11:30:00,85.15455,121.62011,100.0,1,-3.646556,85.15455,0.0,0.0,0.0,36.465559999999996,100.0,CHARGE
2013-06-13 12:00:00,85.35856,120.83291,100.0,1,-3.547435,85.35856,0.0,0.0,0.0,35.47435,100.0,CHARGE
2013-06-13 12:30:00,79.35482,127.7996,100.0,1,-4.844478,79.35482,0.0,0.0,0.0,48.444779999999994,100.0,CHARGE
2013-06-13 13:00:00,76.55604,118.02044,100.0,1,-4.14644,76.55604,0.0,0.0,0.0,41.4644,100.0,CHARGE
2013-06-13 13:30:00,77.337326,99.18475,100.0,1,-2.184742399999999,77.337326,0.0,0.0,0.0,21.84742399999999,100.0,CHARGE
2013-06-13 14:00:00,73.55677,88.546104,100.0,1,-1.4989334,73.55677,0.0,0.0,0.0,14.989334,100.0,CHARGE
2013-06-13 14:30:00,77.83945,77.6283,100.0,1,-0.2111500000000035,77.6283,0.0,0.0,0.2111500000000035,0.0,100.0,CHARGE
2013-06-13 15:00:00,78.610916,58.541237,100.0,1,-20.069679,58.541237,0.0,0.0,20.069679,0.0,100.0,CHARGE
2013-06-13 15:30:00,80.50861,40.61042,100.0,1,-39.89819000000001,40.61042,0.0,0.0,39.89819000000001,0.0,100.0,CHARGE
2013-06-13 16:00:00,92.21189,21.795189,100.0,1,-70.41670099999999,21.795189,0.0,0.0,70.41670099999999,0.0,100.0,CHARGE
2013-06-13 16:30:00,120.94744,12.646472,100.0,1,-108.300968,12.646472,0.0,0.0,108.300968,0.0,100.0,CHARGE
2013-06-13 17:00:00,154.01854,1.4965267,100.0,1,-152.5220133,1.4965267,0.0,0.0,152.5220133,0.0,100.0,CHARGE
2013-06-13 17:30:00,197.11266,-0.018225394,100.0,1,-197.13088539400002,-0.018225394,0.0,0.0,197.13088539400002,0.0,100.0,CHARGE
2013-06-13 18:00:00,195.29604,-0.02994377,100.0,1,-195.32598377,-0.02994377,0.0,0.0,195.32598377,0.0,100.0,CHARGE
2013-06-13 18:30:00,196.23848,-0.04756019,100.0,1,-196.28604019000002,-0.04756019,0.0,0.0,196.28604019000002,0.0,100.0,CHARGE
2013-06-13 19:00:00,179.85663,-0.038991507,100.0,1,-179.895621507,-0.038991507,0.0,0.0,179.895621507,0.0,100.0,CHARGE
2013-06-13 19:30:00,175.46564,-0.041322965,100.0,1,-175.506962965,-0.041322965,0.0,0.0,175.506962965,0.0,100.0,CHARGE
2013-06-13 20:00:00,175.76869,-0.024901055,100.0,1,-175.79359105499998,-0.024901055,0.0,0.0,175.79359105499998,0.0,100.0,CHARGE
2013-06-13 20:30:00,169.7899,-0.025542334,100.0,1,-169.81544233399998,-0.025542334,0.0,0.0,169.81544233399998,0.0,100.0,CHARGE
2013-06-13 21:00:00,166.11559,0.01149195,100.0,1,-166.10409805,0.01149195,0.0,0.0,166.10409805,0.0,100.0,CHARGE
2013-06-13 21:30:00,156.38882,0.01149195,100.0,1,-156.37732805000002,0.01149195,0.0,0.0,156.37732805000002,0.0,100.0,CHARGE
2013-06-13 22:00:00,157.10771,-0.019780554,100.0,1,-157.127490554,-0.019780554,0.0,0.0,157.127490554,0.0,100.0,CHARGE
2013-06-13 22:30:00,152.62357,-0.019780554,100.0,1,-152.643350554,-0.019780554,0.0,0.0,152.643350554,0.0,100.0,CHARGE
2013-06-13 23:00:00,141.13332,0.020044345,100.0,1,-141.113275655,0.020044345,0.0,0.0,141.113275655,0.0,100.0,CHARGE
2013-06-13 23:30:00,173.97343,0.020044345,100.0,1,-173.953385655,0.020044345,0.0,0.0,173.953385655,0.0,100.0,CHARGE
2013-06-14 00:00:00,186.43542,0.01768249,100.0,1,-186.41773751,0.01768249,0.0,0.0,186.41773751,0.0,100.0,CHARGE
2013-06-14 00:30:00,165.3865,0.01768249,100.0,1,-165.36881751,0.01768249,0.0,0.0,165.36881751,0.0,100.0,CHARGE
2013-06-14 01:00:00,146.16965,0.027517617,100.0,1,-146.142132383,0.027517617,0.0,0.0,146.142132383,0.0,100.0,CHARGE
2013-06-14 01:30:00,118.65749,0.03003776,100.0,1,-118.62745224,0.03003776,0.0,0.0,118.62745224,0.0,100.0,CHARGE
2013-06-14 02:00:00,96.621666,0.09142315,100.0,1,-96.53024285000001,0.09142315,0.0,0.0,96.53024285000001,0.0,100.0,CHARGE
2013-06-14 02:30:00,74.15688,0.09368099,100.0,1,-74.06319901,0.09368099,0.0,0.0,74.06319901,0.0,100.0,CHARGE
2013-06-14 03:00:00,73.49084,0.033970498,100.0,1,-73.456869502,0.033970498,0.0,0.0,73.456869502,0.0,100.0,CHARGE
2013-06-14 03:30:00,69.77501,0.033970498,100.0,1,-69.74103950199999,0.033970498,0.0,0.0,69.74103950199999,0.0,100.0,CHARGE
2013-06-14 04:00:00,72.626076,0.023022963,100.0,1,-72.603053037,0.023022963,0.0,0.0,72.603053037,0.0,100.0,CHARGE
2013-06-14 04:30:00,71.923706,0.014662008,100.0,1,-71.909043992,0.014662008,0.0,0.0,71.909043992,0.0,100.0,CHARGE
2013-06-14 05:00:00,77.009995,0.014662008,100.0,1,-76.995332992,0.014662008,0.0,0.0,76.995332992,0.0,100.0,CHARGE
2013-06-14 05:30:00,79.14374,0.014662008,100.0,1,-79.12907799199999,0.014662008,0.0,0.0,79.12907799199999,0.0,100.0,CHARGE
2013-06-14 06:00:00,104.73669,0.012306257,100.0,1,-104.72438374299999,0.012306257,0.0,0.0,104.72438374299999,0.0,100.0,CHARGE
2013-06-14 06:30:00,135.39677,0.13270867,100.0,1,-135.26406133,0.13270867,0.0,0.0,135.26406133,0.0,100.0,CHARGE
2013-06-14 07:00:00,141.58939,0.16480148,100.0,1,-141.42458852000001,0.16480148,0.0,0.0,141.42458852000001,0.0,100.0,CHARGE
2013-06-14 07:30:00,158.55591,2.5680485,100.0,1,-155.9878615,2.5680485,0.0,0.0,155.9878615,0.0,100.0,CHARGE
2013-06-14 08:00:00,136.61409,9.33706,100.0,1,-127.27703000000001,9.33706,0.0,0.0,127.27703000000001,0.0,100.0,CHARGE
2013-06-14 08:30:00,122.61698,27.435005,100.0,1,-95.181975,27.435005,0.0,0.0,95.181975,0.0,100.0,CHARGE
2013-06-14 09:00:00,102.074875,50.52743,100.0,1,-51.547445,50.52743,0.0,0.0,51.547445,0.0,100.0,CHARGE
2013-06-14 09:30:00,101.913506,68.13133,100.0,1,-33.78217599999999,68.13133,0.0,0.0,33.78217599999999,0.0,100.0,CHARGE
2013-06-14 10:00:00,94.6838,91.7955,100.0,1,-2.888300000000001,91.7955,0.0,0.0,2.888300000000001,0.0,100.0,CHARGE
2013-06-14 10:30:00,92.91087,105.759056,100.0,1,-1.2848186,92.91087,0.0,0.0,0.0,12.848185999999998,100.0,CHARGE
2013-06-14 11:00:00,91.64687,120.53219,100.0,1,-2.8885319999999997,91.64687,0.0,0.0,0.0,28.885319999999993,100.0,CHARGE
2013-06-14 11:30:00,91.08782,127.11278,100.0,1,-3.602496000000001,91.08782,0.0,0.0,0.0,36.02496000000001,100.0,CHARGE
2013-06-14 12:00:00,84.87458,121.14003,100.0,1,-3.626545,84.87458,0.0,0.0,0.0,36.26545,100.0,CHARGE
2013-06-14 12:30:00,87.13847,125.37705,100.0,1,-3.823858,87.13847,0.0,0.0,0.0,38.23858,100.0,CHARGE
2013-06-14 13:00:00,85.872055,121.60885,100.0,1,-3.5736795000000003,85.872055,0.0,0.0,0.0,35.736795,100.0,CHARGE
2013-06-14 13:30:00,82.88334,113.74808,100.0,1,-3.086474,82.88334,0.0,0.0,0.0,30.864739999999998,100.0,CHARGE
2013-06-14 14:00:00,80.15024,104.16269,100.0,1,-2.4012450000000003,80.15024,0.0,0.0,0.0,24.01245,100.0,CHARGE
2013-06-14 14:30:00,81.663765,84.13352,100.0,1,-0.24697550000000065,81.663765,0.0,0.0,0.0,2.4697550000000064,100.0,CHARGE
2013-06-14 15:00:00,86.43826,54.3001,100.0,1,-32.13816,54.3001,0.0,0.0,32.13816,0.0,100.0,CHARGE
2013-06-14 15:30:00,91.55804,37.308132,100.0,1,-54.249908000000005,37.308132,0.0,0.0,54.249908000000005,0.0,100.0,CHARGE
2013-06-14 16:00:00,111.68666,18.198124,100.0,1,-93.48853600000001,18.198124,0.0,0.0,93.48853600000001,0.0,100.0,CHARGE
2013-06-14 16:30:00,135.45851,7.5652313,100.0,1,-127.8932787,7.5652313,0.0,0.0,127.8932787,0.0,100.0,CHARGE
2013-06-14 17:00:00,159.55547,0.847466,100.0,1,-158.70800400000002,0.847466,0.0,0.0,158.70800400000002,0.0,100.0,CHARGE
2013-06-14 17:30:00,194.26503,0.18607447,100.0,1,-194.07895553,0.18607447,0.0,0.0,194.07895553,0.0,100.0,CHARGE
2013-06-14 18:00:00,199.58524,-0.05903814,100.0,1,-199.64427814,-0.05903814,0.0,0.0,199.64427814,0.0,100.0,CHARGE
2013-06-14 18:30:00,195.25795,-0.08911534,100.0,1,-195.34706534,-0.08911534,0.0,0.0,195.34706534,0.0,100.0,CHARGE
2013-06-14 19:00:00,179.84352,-0.0736633,100.0,1,-179.9171833,-0.0736633,0.0,0.0,179.9171833,0.0,100.0,CHARGE
2013-06-14 19:30:00,170.9373,-0.09084806,100.0,1,-171.02814806,-0.09084806,0.0,0.0,171.02814806,0.0,100.0,CHARGE
2013-06-14 20:00:00,183.14719,-0.08154635,100.0,1,-183.22873635,-0.08154635,0.0,0.0,183.22873635,0.0,100.0,CHARGE
2013-06-14 20:30:00,173.85915,-0.083990246,100.0,1,-173.943140246,-0.083990246,0.0,0.0,173.943140246,0.0,100.0,CHARGE
2013-06-14 21:00:00,166.93132,-0.031541433,100.0,1,-166.962861433,-0.031541433,0.0,0.0,166.962861433,0.0,100.0,CHARGE
2013-06-14 21:30:00,155.22054,-0.028458672,100.0,1,-155.248998672,-0.028458672,0.0,0.0,155.248998672,0.0,100.0,CHARGE
2013-06-14 22:00:00,155.65701,-0.068427786,100.0,1,-155.72543778600001,-0.068427786,0.0,0.0,155.72543778600001,0.0,100.0,CHARGE
2013-06-14 22:30:00,150.99608,-0.070230395,100.0,1,-151.06631039500002,-0.070230395,0.0,0.0,151.06631039500002,0.0,100.0,CHARGE
2013-06-14 23:00:00,151.97917,-0.05140504,100.0,1,-152.03057504,-0.05140504,0.0,0.0,152.03057504,0.0,100.0,CHARGE
2013-06-14 23:30:00,172.30756,-0.052985575,100.0,1,-172.360545575,-0.052985575,0.0,0.0,172.360545575,0.0,100.0,CHARGE
2013-06-15 00:00:00,186.16934,-0.051182967,100.0,1,-186.220522967,-0.051182967,0.0,0.0,186.220522967,0.0,100.0,CHARGE
2013-06-15 00:30:00,171.07497,-0.052985575,100.0,1,-171.12795557500002,-0.052985575,0.0,0.0,171.12795557500002,0.0,100.0,CHARGE
2013-06-15 01:00:00,147.50888,-0.068427786,100.0,1,-147.577307786,-0.068427786,0.0,0.0,147.577307786,0.0,100.0,CHARGE
2013-06-15 01:30:00,109.221664,-0.06771025,100.0,1,-109.28937425000001,-0.06771025,0.0,0.0,109.28937425000001,0.0,100.0,CHARGE
2013-06-15 02:00:00,95.463776,-0.006805684,100.0,1,-95.470581684,-0.006805684,0.0,0.0,95.470581684,0.0,100.0,CHARGE
2013-06-15 02:30:00,77.93977,-0.0063504465,100.0,1,-77.94612044649999,-0.0063504465,0.0,0.0,77.94612044649999,0.0,100.0,CHARGE
2013-06-15 03:00:00,70.89227,-0.015725285,100.0,1,-70.907995285,-0.015725285,0.0,0.0,70.907995285,0.0,100.0,CHARGE
2013-06-15 03:30:00,70.75898,-0.01752789,100.0,1,-70.77650788999999,-0.01752789,0.0,0.0,70.77650788999999,0.0,100.0,CHARGE
2013-06-15 04:00:00,72.874565,0.020351307,100.0,1,-72.854213693,0.020351307,0.0,0.0,72.854213693,0.0,100.0,CHARGE
2013-06-15 04:30:00,76.49406,0.008344113,100.0,1,-76.485715887,0.008344113,0.0,0.0,76.485715887,0.0,100.0,CHARGE
2013-06-15 05:00:00,76.797134,-0.119710274,100.0,1,-76.916844274,-0.119710274,0.0,0.0,76.916844274,0.0,100.0,CHARGE
2013-06-15 05:30:00,76.822495,-0.12151288,100.0,1,-76.94400788,-0.12151288,0.0,0.0,76.94400788,0.0,100.0,CHARGE
2013-06-15 06:00:00,82.29334,-0.011985806,100.0,1,-82.305325806,-0.011985806,0.0,0.0,82.305325806,0.0,100.0,CHARGE
2013-06-15 06:30:00,91.51526,-0.002040841,100.0,1,-91.517300841,-0.002040841,0.0,0.0,91.517300841,0.0,100.0,CHARGE
2013-06-15 07:00:00,107.96183,0.27320927,100.0,1,-107.68862073000001,0.27320927,0.0,0.0,107.68862073000001,0.0,100.0,CHARGE
2013-06-15 07:30:00,113.380905,2.1540964,100.0,1,-111.2268086,2.1540964,0.0,0.0,111.2268086,0.0,100.0,CHARGE
2013-06-15 08:00:00,125.00161,6.5830116,100.0,1,-118.4185984,6.5830116,0.0,0.0,118.4185984,0.0,100.0,CHARGE
2013-06-15 08:30:00,118.52222,16.181866,100.0,1,-102.340354,16.181866,0.0,0.0,102.340354,0.0,100.0,CHARGE
2013-06-15 09:00:00,125.81588,38.73196,100.0,1,-87.08392,38.73196,0.0,0.0,87.08392,0.0,100.0,CHARGE
2013-06-15 09:30:00,119.16502,66.88617,100.0,1,-52.27884999999999,66.88617,0.0,0.0,52.27884999999999,0.0,100.0,CHARGE
2013-06-15 10:00:00,113.293106,90.33615,100.0,1,-22.95695599999999,90.33615,0.0,0.0,22.95695599999999,0.0,100.0,CHARGE
2013-06-15 10:30:00,109.548096,98.32357,100.0,1,-11.224525999999997,98.32357,0.0,0.0,11.224525999999997,0.0,100.0,CHARGE
2013-06-15 11:00:00,113.95117,116.08086,100.0,1,-0.21296899999999966,113.95117,0.0,0.0,0.0,2.1296899999999965,100.0,CHARGE
2013-06-15 11:30:00,109.07909,118.93951,100.0,1,-0.9860420000000005,109.07909,0.0,0.0,0.0,9.860420000000005,100.0,CHARGE
2013-06-15 12:00:00,102.22468,114.079865,100.0,1,-1.1855184999999993,102.22468,0.0,0.0,0.0,11.855184999999992,100.0,CHARGE
2013-06-15 12:30:00,103.4852,118.11537,100.0,1,-1.4630169999999993,103.4852,0.0,0.0,0.0,14.630169999999993,100.0,CHARGE
2013-06-15 13:00:00,100.97394,103.50434,100.0,1,-0.25304000000000004,100.97394,0.0,0.0,0.0,2.5304,100.0,CHARGE
2013-06-15 13:30:00,107.44038,85.875175,100.0,1,-21.565205000000006,85.875175,0.0,0.0,21.565205000000006,0.0,100.0,CHARGE
2013-06-15 14:00:00,100.845955,59.56143,100.0,1,-41.284525,59.56143,0.0,0.0,41.284525,0.0,100.0,CHARGE
2013-06-15 14:30:00,108.23436,37.30253,100.0,1,-70.93182999999999,37.30253,0.0,0.0,70.93182999999999,0.0,100.0,CHARGE
2013-06-15 15:00:00,110.64338,25.969547,100.0,1,-84.673833,25.969547,0.0,0.0,84.673833,0.0,100.0,CHARGE
2013-06-15 15:30:00,110.57276,11.679962,100.0,1,-98.892798,11.679962,0.0,0.0,98.892798,0.0,100.0,CHARGE
2013-06-15 16:00:00,121.98893,10.199894,100.0,1,-111.789036,10.199894,0.0,0.0,111.789036,0.0,100.0,CHARGE
2013-06-15 16:30:00,134.83244,6.515061,100.0,1,-128.317379,6.515061,0.0,0.0,128.317379,0.0,100.0,CHARGE
2013-06-15 17:00:00,182.80103,0.9853307,100.0,1,-181.8156993,0.9853307,0.0,0.0,181.8156993,0.0,100.0,CHARGE
2013-06-15 17:30:00,203.48581,0.15316042,100.0,1,-203.33264957999998,0.15316042,0.0,0.0,203.33264957999998,0.0,100.0,CHARGE
2013-06-15 18:00:00,206.45764,0.1135236,100.0,1,-206.3441164,0.1135236,0.0,0.0,206.3441164,0.0,100.0,CHARGE
2013-06-15 18:30:00,199.34981,0.098337784,100.0,1,-199.251472216,0.098337784,0.0,0.0,199.251472216,0.0,100.0,CHARGE
2013-06-15 19:00:00,193.67389,0.6433445,100.0,1,-193.0305455,0.6433445,0.0,0.0,193.0305455,0.0,100.0,CHARGE
2013-06-15 19:30:00,180.86406,0.62796235,100.0,1,-180.23609765,0.62796235,0.0,0.0,180.23609765,0.0,100.0,CHARGE
2013-06-15 20:00:00,172.53764,0.214003,100.0,1,-172.32363700000002,0.214003,0.0,0.0,172.32363700000002,0.0,100.0,CHARGE
2013-06-15 20:30:00,166.38885,0.21336171,100.0,1,-166.17548829,0.21336171,0.0,0.0,166.17548829,0.0,100.0,CHARGE
2013-06-15 21:00:00,165.16426,0.27499563,100.0,1,-164.88926437,0.27499563,0.0,0.0,164.88926437,0.0,100.0,CHARGE
2013-06-15 21:30:00,156.8891,0.2677638,100.0,1,-156.6213362,0.2677638,0.0,0.0,156.6213362,0.0,100.0,CHARGE
2013-06-15 22:00:00,158.18864,0.26904875,100.0,1,-157.91959125,0.26904875,0.0,0.0,157.91959125,0.0,100.0,CHARGE
2013-06-15 22:30:00,150.87117,0.26904875,100.0,1,-150.60212125,0.26904875,0.0,0.0,150.60212125,0.0,100.0,CHARGE
2013-06-15 23:00:00,150.02487,0.0071867793,100.0,1,-150.01768322069998,0.0071867793,0.0,0.0,150.01768322069998,0.0,100.0,CHARGE
2013-06-15 23:30:00,171.8416,0.0071867793,100.0,1,-171.8344132207,0.0071867793,0.0,0.0,171.8344132207,0.0,100.0,CHARGE
2013-06-16 00:00:00,186.16905,0.02976964,100.0,1,-186.13928036,0.02976964,0.0,0.0,186.13928036,0.0,100.0,CHARGE
2013-06-16 00:30:00,166.29588,0.02976964,100.0,1,-166.26611036,0.02976964,0.0,0.0,166.26611036,0.0,100.0,CHARGE
2013-06-16 01:00:00,145.1877,0.07198288,100.0,1,-145.11571712,0.07198288,0.0,0.0,145.11571712,0.0,100.0,CHARGE
2013-06-16 01:30:00,124.61018,0.07450302,100.0,1,-124.53567698,0.07450302,0.0,0.0,124.53567698,0.0,100.0,CHARGE
2013-06-16 02:00:00,102.48961,-0.012654015,100.0,1,-102.502264015,-0.012654015,0.0,0.0,102.502264015,0.0,100.0,CHARGE
2013-06-16 02:30:00,81.53071,-0.010396174,100.0,1,-81.54110617399999,-0.010396174,0.0,0.0,81.54110617399999,0.0,100.0,CHARGE
2013-06-16 03:00:00,74.18198,-0.010396174,100.0,1,-74.19237617399999,-0.010396174,0.0,0.0,74.19237617399999,0.0,100.0,CHARGE
2013-06-16 03:30:00,71.44958,-0.010396174,100.0,1,-71.45997617399999,-0.010396174,0.0,0.0,71.45997617399999,0.0,100.0,CHARGE
2013-06-16 04:00:00,75.80284,0.0050316327,100.0,1,-75.79780836730001,0.0050316327,0.0,0.0,75.79780836730001,0.0,100.0,CHARGE
2013-06-16 04:30:00,74.83801,-0.00332932,100.0,1,-74.84133932,-0.00332932,0.0,0.0,74.84133932,0.0,100.0,CHARGE
2013-06-16 05:00:00,72.37728,-0.005502375,100.0,1,-72.382782375,-0.005502375,0.0,0.0,72.382782375,0.0,100.0,CHARGE
2013-06-16 05:30:00,78.01821,-0.005502375,100.0,1,-78.023712375,-0.005502375,0.0,0.0,78.023712375,0.0,100.0,CHARGE
2013-06-16 06:00:00,90.74105,0.0024010192,100.0,1,-90.73864898080001,0.0024010192,0.0,0.0,90.73864898080001,0.0,100.0,CHARGE
2013-06-16 06:30:00,96.24666,0.03881315,100.0,1,-96.20784685000001,0.03881315,0.0,0.0,96.20784685000001,0.0,100.0,CHARGE
2013-06-16 07:00:00,103.93818,0.31334057,100.0,1,-103.62483943000001,0.31334057,0.0,0.0,103.62483943000001,0.0,100.0,CHARGE
2013-06-16 07:30:00,115.35953,2.3119445,100.0,1,-113.04758550000001,2.3119445,0.0,0.0,113.04758550000001,0.0,100.0,CHARGE
2013-06-16 08:00:00,139.2707,10.743287,100.0,1,-128.527413,10.743287,0.0,0.0,128.527413,0.0,100.0,CHARGE
2013-06-16 08:30:00,153.80005,28.437151,100.0,1,-125.362899,28.437151,0.0,0.0,125.362899,0.0,100.0,CHARGE
2013-06-16 09:00:00,144.34358,48.050354,100.0,1,-96.293226,48.050354,0.0,0.0,96.293226,0.0,100.0,CHARGE
2013-06-16 09:30:00,130.33699,64.969154,100.0,1,-65.36783599999998,64.969154,0.0,0.0,65.36783599999998,0.0,100.0,CHARGE
2013-06-16 10:00:00,127.61463,87.605415,100.0,1,-40.00921500000001,87.605415,0.0,0.0,40.00921500000001,0.0,100.0,CHARGE
2013-06-16 10:30:00,125.84994,101.27617,100.0,1,-24.57377000000001,101.27617,0.0,0.0,24.57377000000001,0.0,100.0,CHARGE
2013-06-16 11:00:00,114.86779,114.53337,100.0,1,-0.3344199999999944,114.53337,0.0,0.0,0.3344199999999944,0.0,100.0,CHARGE
2013-06-16 11:30:00,111.766495,123.71925,100.0,1,-1.1952754999999997,111.766495,0.0,0.0,0.0,11.952754999999996,100.0,CHARGE
2013-06-16 12:00:00,102.03525,112.32539,100.0,1,-1.0290139999999994,102.03525,0.0,0.0,0.0,10.290139999999994,100.0,CHARGE
2013-06-16 12:30:00,100.08012,118.26901,100.0,1,-1.8188890000000002,100.08012,0.0,0.0,0.0,18.18889,100.0,CHARGE
2013-06-16 13:00:00,104.916824,129.82307,100.0,1,-2.4906246,104.916824,0.0,0.0,0.0,24.906245999999996,100.0,CHARGE
2013-06-16 13:30:00,98.163536,110.53586,100.0,1,-1.2372324000000008,98.163536,0.0,0.0,0.0,12.372324000000006,100.0,CHARGE
2013-06-16 14:00:00,92.64433,102.41502,100.0,1,-0.9770690000000002,92.64433,0.0,0.0,0.0,9.770690000000002,100.0,CHARGE
2013-06-16 14:30:00,94.377266,76.63384,100.0,1,-17.743426,76.63384,0.0,0.0,17.743426,0.0,100.0,CHARGE
2013-06-16 15:00:00,106.284676,50.31235,100.0,1,-55.972326,50.31235,0.0,0.0,55.972326,0.0,100.0,CHARGE
2013-06-16 15:30:00,117.229,36.61484,100.0,1,-80.61416,36.61484,0.0,0.0,80.61416,0.0,100.0,CHARGE
2013-06-16 16:00:00,127.42794,21.881025,100.0,1,-105.54691500000001,21.881025,0.0,0.0,105.54691500000001,0.0,100.0,CHARGE
2013-06-16 16:30:00,158.46227,9.230874,100.0,1,-149.231396,9.230874,0.0,0.0,149.231396,0.0,100.0,CHARGE
2013-06-16 17:00:00,179.42972,1.2603226,100.0,1,-178.1693974,1.2603226,0.0,0.0,178.1693974,0.0,100.0,CHARGE
2013-06-16 17:30:00,229.42133,0.06653003,100.0,1,-229.35479997000002,0.06653003,0.0,0.0,229.35479997000002,0.0,100.0,CHARGE
2013-06-16 18:00:00,233.04225,0.03645404,100.0,1,-233.00579596,0.03645404,0.0,0.0,233.00579596,0.0,100.0,CHARGE
2013-06-16 18:30:00,230.79364,-0.0025002314,100.0,1,-230.79614023140002,-0.0025002314,0.0,0.0,230.79614023140002,0.0,100.0,CHARGE
2013-06-16 19:00:00,225.23138,0.0071165864,100.0,1,-225.2242634136,0.0071165864,0.0,0.0,225.2242634136,0.0,100.0,CHARGE
2013-06-16 19:30:00,215.88768,0.010103646,100.0,1,-215.87757635399998,0.010103646,0.0,0.0,215.87757635399998,0.0,100.0,CHARGE
2013-06-16 20:00:00,214.41713,-0.025711581,100.0,1,-214.44284158099998,-0.025711581,0.0,0.0,214.44284158099998,0.0,100.0,CHARGE
2013-06-16 20:30:00,202.75406,-0.026352867,100.0,1,-202.78041286700002,-0.026352867,0.0,0.0,202.78041286700002,0.0,100.0,CHARGE
2013-06-16 21:00:00,183.404,-0.004509993,100.0,1,-183.408509993,-0.004509993,0.0,0.0,183.408509993,0.0,100.0,CHARGE
2013-06-16 21:30:00,167.1718,-0.004509993,100.0,1,-167.176309993,-0.004509993,0.0,0.0,167.176309993,0.0,100.0,CHARGE
2013-06-16 22:00:00,160.47127,-0.00070508086,100.0,1,-160.47197508086,-0.00070508086,0.0,0.0,160.47197508086,0.0,100.0,CHARGE
2013-06-16 22:30:00,152.96709,-0.00070508086,100.0,1,-152.96779508086001,-0.00070508086,0.0,0.0,152.96779508086001,0.0,100.0,CHARGE
2013-06-16 23:00:00,146.12381,-0.0026279427,100.0,1,-146.1264379427,-0.0026279427,0.0,0.0,146.1264379427,0.0,100.0,CHARGE
2013-06-16 23:30:00,165.38939,-0.0026279427,100.0,1,-165.3920179427,-0.0026279427,0.0,0.0,165.3920179427,0.0,100.0,CHARGE
2013-06-17 00:00:00,175.62999,0.011033411,100.0,1,-175.618956589,0.011033411,0.0,0.0,175.618956589,0.0,100.0,CHARGE
2013-06-17 00:30:00,160.57368,0.014236926,100.0,1,-160.559443074,0.014236926,0.0,0.0,160.559443074,0.0,100.0,CHARGE
2013-06-17 01:00:00,142.38676,0.014631047,100.0,1,-142.37212895300001,0.014631047,0.0,0.0,142.37212895300001,0.0,100.0,CHARGE
2013-06-17 01:30:00,117.43643,0.017151188,100.0,1,-117.419278812,0.017151188,0.0,0.0,117.419278812,0.0,100.0,CHARGE
2013-06-17 02:00:00,92.82151,0.017151188,100.0,1,-92.804358812,0.017151188,0.0,0.0,92.804358812,0.0,100.0,CHARGE
2013-06-17 02:30:00,82.48405,0.019409029,100.0,1,-82.464640971,0.019409029,0.0,0.0,82.464640971,0.0,100.0,CHARGE
2013-06-17 03:00:00,74.806015,0.030284462,100.0,1,-74.775730538,0.030284462,0.0,0.0,74.775730538,0.0,100.0,CHARGE
2013-06-17 03:30:00,73.37852,0.030284462,100.0,1,-73.348235538,0.030284462,0.0,0.0,73.348235538,0.0,100.0,CHARGE
2013-06-17 04:00:00,76.22376,0.045471095,100.0,1,-76.178288905,0.045471095,0.0,0.0,76.178288905,0.0,100.0,CHARGE
2013-06-17 04:30:00,75.75612,0.03711013,100.0,1,-75.71900987,0.03711013,0.0,0.0,75.71900987,0.0,100.0,CHARGE
2013-06-17 05:00:00,80.41165,0.029825507,100.0,1,-80.381824493,0.029825507,0.0,0.0,80.381824493,0.0,100.0,CHARGE
2013-06-17 05:30:00,90.8322,0.029825507,100.0,1,-90.802374493,0.029825507,0.0,0.0,90.802374493,0.0,100.0,CHARGE
2013-06-17 06:00:00,109.34697,0.029959379,100.0,1,-109.317010621,0.029959379,0.0,0.0,109.317010621,0.0,100.0,CHARGE
2013-06-17 06:30:00,153.82872,0.06637152,100.0,1,-153.76234848,0.06637152,0.0,0.0,153.76234848,0.0,100.0,CHARGE
2013-06-17 07:00:00,165.48022,0.3104436,100.0,1,-165.1697764,0.3104436,0.0,0.0,165.1697764,0.0,100.0,CHARGE
2013-06-17 07:30:00,165.71106,3.0779376,100.0,1,-162.6331224,3.0779376,0.0,0.0,162.6331224,0.0,100.0,CHARGE
2013-06-17 08:00:00,167.98718,10.967967,100.0,1,-157.019213,10.967967,0.0,0.0,157.019213,0.0,100.0,CHARGE
2013-06-17 08:30:00,140.54741,28.924358,100.0,1,-111.62305200000002,28.924358,0.0,0.0,111.62305200000002,0.0,100.0,CHARGE
2013-06-17 09:00:00,122.502174,48.613995,100.0,1,-73.888179,48.613995,0.0,0.0,73.888179,0.0,100.0,CHARGE
2013-06-17 09:30:00,120.648224,63.536465,100.0,1,-57.111759,63.536465,0.0,0.0,57.111759,0.0,100.0,CHARGE
2013-06-17 10:00:00,109.48804,76.4432,100.0,1,-33.04483999999999,76.4432,0.0,0.0,33.04483999999999,0.0,100.0,CHARGE
2013-06-17 10:30:00,111.63969,87.40756,100.0,1,-24.232129999999998,87.40756,0.0,0.0,24.232129999999998,0.0,100.0,CHARGE
2013-06-17 11:00:00,101.341064,93.725365,100.0,1,-7.615699000000006,93.725365,0.0,0.0,7.615699000000006,0.0,100.0,CHARGE
2013-06-17 11:30:00,98.73996,96.63786,100.0,1,-2.102099999999993,96.63786,0.0,0.0,2.102099999999993,0.0,100.0,CHARGE
2013-06-17 12:00:00,102.449104,84.323364,100.0,1,-18.125740000000008,84.323364,0.0,0.0,18.125740000000008,0.0,100.0,CHARGE
2013-06-17 12:30:00,95.66543,80.43522,100.0,1,-15.23021,80.43522,0.0,0.0,15.23021,0.0,100.0,CHARGE
2013-06-17 13:00:00,93.89145,102.73397,100.0,1,-0.8842519999999994,93.89145,0.0,0.0,0.0,8.842519999999993,100.0,CHARGE
2013-06-17 13:30:00,92.24397,85.56451,100.0,1,-6.679460000000006,85.56451,0.0,0.0,6.679460000000006,0.0,100.0,CHARGE
2013-06-17 14:00:00,91.257286,61.114834,100.0,1,-30.14245199999999,61.114834,0.0,0.0,30.14245199999999,0.0,100.0,CHARGE
2013-06-17 14:30:00,94.04536,38.602516,100.0,1,-55.442844,38.602516,0.0,0.0,55.442844,0.0,100.0,CHARGE
2013-06-17 15:00:00,95.15368,32.820164,100.0,1,-62.333515999999996,32.820164,0.0,0.0,62.333515999999996,0.0,100.0,CHARGE
2013-06-17 15:30:00,106.57407,23.679945,100.0,1,-82.894125,23.679945,0.0,0.0,82.894125,0.0,100.0,CHARGE
2013-06-17 16:00:00,128.06133,16.099081,100.0,1,-111.962249,16.099081,0.0,0.0,111.962249,0.0,100.0,CHARGE
2013-06-17 16:30:00,152.02675,8.919363,100.0,1,-143.107387,8.919363,0.0,0.0,143.107387,0.0,100.0,CHARGE
2013-06-17 17:00:00,190.11243,0.98775303,100.0,1,-189.12467697,0.98775303,0.0,0.0,189.12467697,0.0,100.0,CHARGE
2013-06-17 17:30:00,229.18994,0.1810859,100.0,1,-229.0088541,0.1810859,0.0,0.0,229.0088541,0.0,100.0,CHARGE
2013-06-17 18:00:00,234.5986,0.088884115,100.0,1,-234.509715885,0.088884115,0.0,0.0,234.509715885,0.0,100.0,CHARGE
2013-06-17 18:30:00,221.02895,0.075826466,100.0,1,-220.953123534,0.075826466,0.0,0.0,220.953123534,0.0,100.0,CHARGE
2013-06-17 19:00:00,217.48424,0.077680364,100.0,1,-217.406559636,0.077680364,0.0,0.0,217.406559636,0.0,100.0,CHARGE
2013-06-17 19:30:00,200.69441,0.08066742,100.0,1,-200.61374258,0.08066742,0.0,0.0,200.61374258,0.0,100.0,CHARGE
2013-06-17 20:00:00,201.2477,0.045845166,100.0,1,-201.20185483400002,0.045845166,0.0,0.0,201.20185483400002,0.0,100.0,CHARGE
2013-06-17 20:30:00,190.0567,0.04520388,100.0,1,-190.01149612,0.04520388,0.0,0.0,190.01149612,0.0,100.0,CHARGE
2013-06-17 21:00:00,180.98367,0.072212875,100.0,1,-180.911457125,0.072212875,0.0,0.0,180.911457125,0.0,100.0,CHARGE
2013-06-17 21:30:00,173.293,0.072212875,100.0,1,-173.22078712500002,0.072212875,0.0,0.0,173.22078712500002,0.0,100.0,CHARGE
2013-06-17 22:00:00,166.86333,0.09627844,100.0,1,-166.76705156,0.09627844,0.0,0.0,166.76705156,0.0,100.0,CHARGE
2013-06-17 22:30:00,155.6386,0.09627844,100.0,1,-155.54232156,0.09627844,0.0,0.0,155.54232156,0.0,100.0,CHARGE
2013-06-17 23:00:00,150.90114,0.09627844,100.0,1,-150.80486156,0.09627844,0.0,0.0,150.80486156,0.0,100.0,CHARGE
2013-06-17 23:30:00,177.35184,0.09627844,100.0,1,-177.25556156000002,0.09627844,0.0,0.0,177.25556156000002,0.0,100.0,CHARGE
2013-06-18 00:00:00,185.68681,0.09836709,100.0,1,-185.58844291,0.09836709,0.0,0.0,185.58844291,0.0,100.0,CHARGE
2013-06-18 00:30:00,171.078,0.09836709,100.0,1,-170.97963291,0.09836709,0.0,0.0,170.97963291,0.0,100.0,CHARGE
2013-06-18 01:00:00,159.71289,0.09789349,100.0,1,-159.61499651,0.09789349,0.0,0.0,159.61499651,0.0,100.0,CHARGE
2013-06-18 01:30:00,131.90645,0.100413635,100.0,1,-131.806036365,0.100413635,0.0,0.0,131.806036365,0.0,100.0,CHARGE
2013-06-18 02:00:00,114.30688,0.100413635,100.0,1,-114.20646636500001,0.100413635,0.0,0.0,114.20646636500001,0.0,100.0,CHARGE
2013-06-18 02:30:00,94.24937,0.10267148,100.0,1,-94.14669852,0.10267148,0.0,0.0,94.14669852,0.0,100.0,CHARGE
2013-06-18 03:00:00,78.810974,0.10267148,100.0,1,-78.70830252,0.10267148,0.0,0.0,78.70830252,0.0,100.0,CHARGE
2013-06-18 03:30:00,76.09278,0.10267148,100.0,1,-75.99010852,0.10267148,0.0,0.0,75.99010852,0.0,100.0,CHARGE
2013-06-18 04:00:00,73.97745,0.117858104,100.0,1,-73.859591896,0.117858104,0.0,0.0,73.859591896,0.0,100.0,CHARGE
2013-06-18 04:30:00,81.63887,0.109497145,100.0,1,-81.52937285499999,0.109497145,0.0,0.0,81.52937285499999,0.0,100.0,CHARGE
2013-06-18 05:00:00,83.50495,0.109497145,100.0,1,-83.39545285499999,0.109497145,0.0,0.0,83.39545285499999,0.0,100.0,CHARGE
2013-06-18 05:30:00,93.86311,0.109497145,100.0,1,-93.753612855,0.109497145,0.0,0.0,93.753612855,0.0,100.0,CHARGE
2013-06-18 06:00:00,115.44121,0.109497145,100.0,1,-115.33171285499999,0.109497145,0.0,0.0,115.33171285499999,0.0,100.0,CHARGE
2013-06-18 06:30:00,154.46344,0.14590923,100.0,1,-154.31753077,0.14590923,0.0,0.0,154.31753077,0.0,100.0,CHARGE
2013-06-18 07:00:00,163.49037,0.38437176,100.0,1,-163.10599824000002,0.38437176,0.0,0.0,163.10599824000002,0.0,100.0,CHARGE
2013-06-18 07:30:00,176.58069,3.141846,100.0,1,-173.43884400000002,3.141846,0.0,0.0,173.43884400000002,0.0,100.0,CHARGE
2013-06-18 08:00:00,171.6183,11.615095,100.0,1,-160.003205,11.615095,0.0,0.0,160.003205,0.0,100.0,CHARGE
2013-06-18 08:30:00,139.90974,30.762638,100.0,1,-109.147102,30.762638,0.0,0.0,109.147102,0.0,100.0,CHARGE
2013-06-18 09:00:00,118.76645,51.95393,100.0,1,-66.81252,51.95393,0.0,0.0,66.81252,0.0,100.0,CHARGE
2013-06-18 09:30:00,95.75465,73.68148,100.0,1,-22.073170000000005,73.68148,0.0,0.0,22.073170000000005,0.0,100.0,CHARGE
2013-06-18 10:00:00,103.26781,91.899994,100.0,1,-11.36781599999999,91.899994,0.0,0.0,11.36781599999999,0.0,100.0,CHARGE
2013-06-18 10:30:00,97.57814,109.26816,100.0,1,-1.169001999999999,97.57814,0.0,0.0,0.0,11.69001999999999,100.0,CHARGE
2013-06-18 11:00:00,94.169876,122.90441,100.0,1,-2.8734534,94.169876,0.0,0.0,0.0,28.734533999999996,100.0,CHARGE
2013-06-18 11:30:00,93.40448,126.66936,100.0,1,-3.3264879999999994,93.40448,0.0,0.0,0.0,33.26487999999999,100.0,CHARGE
2013-06-18 12:00:00,84.76941,129.92749,100.0,1,-4.515808000000002,84.76941,0.0,0.0,0.0,45.15808000000001,100.0,CHARGE
2013-06-18 12:30:00,81.50708,132.9675,100.0,1,-5.1460420000000004,81.50708,0.0,0.0,0.0,51.46042,100.0,CHARGE
2013-06-18 13:00:00,79.2944,132.51776,100.0,1,-5.322336000000002,79.2944,0.0,0.0,0.0,53.223360000000014,100.0,CHARGE
2013-06-18 13:30:00,80.45602,125.14611,100.0,1,-4.469009,80.45602,0.0,0.0,0.0,44.69009,100.0,CHARGE
2013-06-18 14:00:00,78.64525,107.81358,100.0,1,-2.916833,78.64525,0.0,0.0,0.0,29.168329999999997,100.0,CHARGE
2013-06-18 14:30:00,77.212074,96.27412,100.0,1,-1.9062045999999997,77.212074,0.0,0.0,0.0,19.062045999999995,100.0,CHARGE
2013-06-18 15:00:00,79.10346,69.93767,100.0,1,-9.165790000000001,69.93767,0.0,0.0,9.165790000000001,0.0,100.0,CHARGE
2013-06-18 15:30:00,86.16025,46.810177,100.0,1,-39.350073,46.810177,0.0,0.0,39.350073,0.0,100.0,CHARGE
2013-06-18 16:00:00,111.156555,24.045988,100.0,1,-87.110567,24.045988,0.0,0.0,87.110567,0.0,100.0,CHARGE
2013-06-18 16:30:00,135.2145,9.486059,100.0,1,-125.72844099999999,9.486059,0.0,0.0,125.72844099999999,0.0,100.0,CHARGE
2013-06-18 17:00:00,186.92986,1.1162496,100.0,1,-185.8136104,1.1162496,0.0,0.0,185.8136104,0.0,100.0,CHARGE
2013-06-18 17:30:00,226.01253,-0.12173543,100.0,1,-226.13426543,-0.12173543,0.0,0.0,226.13426543,0.0,100.0,CHARGE
2013-06-18 18:00:00,228.5873,-0.04293373,100.0,1,-228.63023373,-0.04293373,0.0,0.0,228.63023373,0.0,100.0,CHARGE
2013-06-18 18:30:00,232.276,-0.08188807,100.0,1,-232.35788807,-0.08188807,0.0,0.0,232.35788807,0.0,100.0,CHARGE
2013-06-18 19:00:00,220.72868,-0.056681562,100.0,1,-220.785361562,-0.056681562,0.0,0.0,220.785361562,0.0,100.0,CHARGE
2013-06-18 19:30:00,217.3362,-0.059013054,100.0,1,-217.39521305399998,-0.059013054,0.0,0.0,217.39521305399998,0.0,100.0,CHARGE
2013-06-18 20:00:00,215.9002,-0.068228684,100.0,1,-215.968428684,-0.068228684,0.0,0.0,215.968428684,0.0,100.0,CHARGE
2013-06-18 20:30:00,203.81596,-0.068869956,100.0,1,-203.88482995599998,-0.068869956,0.0,0.0,203.88482995599998,0.0,100.0,CHARGE
2013-06-18 21:00:00,194.17882,-0.07793564,100.0,1,-194.25675564,-0.07793564,0.0,0.0,194.25675564,0.0,100.0,CHARGE
2013-06-18 21:30:00,186.36243,-0.07793564,100.0,1,-186.44036563999998,-0.07793564,0.0,0.0,186.44036563999998,0.0,100.0,CHARGE
2013-06-18 22:00:00,179.85692,-0.051938213,100.0,1,-179.908858213,-0.051938213,0.0,0.0,179.908858213,0.0,100.0,CHARGE
2013-06-18 22:30:00,162.65247,-0.051938213,100.0,1,-162.704408213,-0.051938213,0.0,0.0,162.704408213,0.0,100.0,CHARGE
2013-06-18 23:00:00,158.23816,-0.09513571,100.0,1,-158.33329571,-0.09513571,0.0,0.0,158.33329571,0.0,100.0,CHARGE
2013-06-18 23:30:00,175.26437,-0.09513571,100.0,1,-175.35950571,-0.09513571,0.0,0.0,175.35950571,0.0,100.0,CHARGE
2013-06-19 00:00:00,185.0104,-0.12320453,100.0,1,-185.13360453,-0.12320453,0.0,0.0,185.13360453,0.0,100.0,CHARGE
2013-06-19 00:30:00,167.52303,-0.12500712,100.0,1,-167.64803712,-0.12500712,0.0,0.0,167.64803712,0.0,100.0,CHARGE
2013-06-19 01:00:00,149.6968,-0.18644203,100.0,1,-149.88324203,-0.18644203,0.0,0.0,149.88324203,0.0,100.0,CHARGE
2013-06-19 01:30:00,124.79155,-0.18824464,100.0,1,-124.97979464,-0.18824464,0.0,0.0,124.97979464,0.0,100.0,CHARGE
2013-06-19 02:00:00,104.693474,-0.18228959,100.0,1,-104.87576358999999,-0.18228959,0.0,0.0,104.87576358999999,0.0,100.0,CHARGE
2013-06-19 02:30:00,85.53874,-0.18388696,100.0,1,-85.72262696,-0.18388696,0.0,0.0,85.72262696,0.0,100.0,CHARGE
2013-06-19 03:00:00,82.301254,-0.18652628,100.0,1,-82.48778028,-0.18652628,0.0,0.0,82.48778028,0.0,100.0,CHARGE
2013-06-19 03:30:00,77.68936,-0.18832889,100.0,1,-77.87768888999999,-0.18832889,0.0,0.0,77.87768888999999,0.0,100.0,CHARGE
2013-06-19 04:00:00,74.0356,-0.17326616,100.0,1,-74.20886616,-0.17326616,0.0,0.0,74.20886616,0.0,100.0,CHARGE
2013-06-19 04:30:00,82.873436,-0.18527335,100.0,1,-83.05870935,-0.18527335,0.0,0.0,83.05870935,0.0,100.0,CHARGE
2013-06-19 05:00:00,85.14516,-0.16016619,100.0,1,-85.30532619,-0.16016619,0.0,0.0,85.30532619,0.0,100.0,CHARGE
2013-06-19 05:30:00,97.781715,-0.1619688,100.0,1,-97.9436838,-0.1619688,0.0,0.0,97.9436838,0.0,100.0,CHARGE
2013-06-19 06:00:00,119.36701,-0.15721717,100.0,1,-119.52422716999999,-0.15721717,0.0,0.0,119.52422716999999,0.0,100.0,CHARGE
2013-06-19 06:30:00,156.82579,-0.16362196,100.0,1,-156.98941196,-0.16362196,0.0,0.0,156.98941196,0.0,100.0,CHARGE
2013-06-19 07:00:00,169.4898,0.174729,100.0,1,-169.315071,0.174729,0.0,0.0,169.315071,0.0,100.0,CHARGE
2013-06-19 07:30:00,178.63316,2.1701963,100.0,1,-176.46296370000002,2.1701963,0.0,0.0,176.46296370000002,0.0,100.0,CHARGE
2013-06-19 08:00:00,157.54709,4.486103,100.0,1,-153.060987,4.486103,0.0,0.0,153.060987,0.0,100.0,CHARGE
2013-06-19 08:30:00,128.53932,13.702612,100.0,1,-114.836708,13.702612,0.0,0.0,114.836708,0.0,100.0,CHARGE
2013-06-19 09:00:00,122.03805,29.314009,100.0,1,-92.724041,29.314009,0.0,0.0,92.724041,0.0,100.0,CHARGE
2013-06-19 09:30:00,109.30197,47.956196,100.0,1,-61.345774,47.956196,0.0,0.0,61.345774,0.0,100.0,CHARGE
2013-06-19 10:00:00,106.833755,61.995384,100.0,1,-44.838370999999995,61.995384,0.0,0.0,44.838370999999995,0.0,100.0,CHARGE
2013-06-19 10:30:00,114.95728,63.280254,100.0,1,-51.677026,63.280254,0.0,0.0,51.677026,0.0,100.0,CHARGE
2013-06-19 11:00:00,120.0026,61.52726,100.0,1,-58.47534,61.52726,0.0,0.0,58.47534,0.0,100.0,CHARGE
2013-06-19 11:30:00,123.002396,76.66602,100.0,1,-46.336376,76.66602,0.0,0.0,46.336376,0.0,100.0,CHARGE
2013-06-19 12:00:00,115.76646,104.111595,100.0,1,-11.654865000000001,104.111595,0.0,0.0,11.654865000000001,0.0,100.0,CHARGE
2013-06-19 12:30:00,103.19578,113.4387,100.0,1,-1.0242919999999998,103.19578,0.0,0.0,0.0,10.242919999999998,100.0,CHARGE
2013-06-19 13:00:00,97.96802,105.36818,100.0,1,-0.740016,97.96802,0.0,0.0,0.0,7.40016,100.0,CHARGE
2013-06-19 13:30:00,104.263565,71.73338,100.0,1,-32.530185,71.73338,0.0,0.0,32.530185,0.0,100.0,CHARGE
2013-06-19 14:00:00,98.1898,65.89269,100.0,1,-32.29711,65.89269,0.0,0.0,32.29711,0.0,100.0,CHARGE
2013-06-19 14:30:00,100.20436,56.53631,100.0,1,-43.668049999999994,56.53631,0.0,0.0,43.668049999999994,0.0,100.0,CHARGE
2013-06-19 15:00:00,102.61498,38.733673,100.0,1,-63.881307,38.733673,0.0,0.0,63.881307,0.0,100.0,CHARGE
2013-06-19 15:30:00,110.356064,28.477556,100.0,1,-81.87850800000001,28.477556,0.0,0.0,81.87850800000001,0.0,100.0,CHARGE
2013-06-19 16:00:00,131.39429,15.523376,100.0,1,-115.87091400000001,15.523376,0.0,0.0,115.87091400000001,0.0,100.0,CHARGE
2013-06-19 16:30:00,146.54726,11.088577,100.0,1,-135.458683,11.088577,0.0,0.0,135.458683,0.0,100.0,CHARGE
2013-06-19 17:00:00,197.95766,0.8801409,100.0,1,-197.07751910000002,0.8801409,0.0,0.0,197.07751910000002,0.0,100.0,CHARGE
2013-06-19 17:30:00,230.93982,-0.026577849,100.0,1,-230.966397849,-0.026577849,0.0,0.0,230.966397849,0.0,100.0,CHARGE
2013-06-19 18:00:00,238.82552,-0.079476096,100.0,1,-238.90499609600002,-0.079476096,0.0,0.0,238.90499609600002,0.0,100.0,CHARGE
2013-06-19 18:30:00,241.06407,-0.120233014,100.0,1,-241.184303014,-0.120233014,0.0,0.0,241.184303014,0.0,100.0,CHARGE
2013-06-19 19:00:00,227.74724,-0.20203649,100.0,1,-227.94927649000002,-0.20203649,0.0,0.0,227.94927649000002,0.0,100.0,CHARGE
2013-06-19 19:30:00,216.27423,-0.20949084,100.0,1,-216.48372084,-0.20949084,0.0,0.0,216.48372084,0.0,100.0,CHARGE
2013-06-19 20:00:00,214.95982,-0.11877998,100.0,1,-215.07859998,-0.11877998,0.0,0.0,215.07859998,0.0,100.0,CHARGE
2013-06-19 20:30:00,214.12044,-0.11942128,100.0,1,-214.23986128,-0.11942128,0.0,0.0,214.23986128,0.0,100.0,CHARGE
2013-06-19 21:00:00,207.50763,-0.09671867,100.0,1,-207.60434867,-0.09671867,0.0,0.0,207.60434867,0.0,100.0,CHARGE
2013-06-19 21:30:00,191.49509,-0.09671867,100.0,1,-191.59180867,-0.09671867,0.0,0.0,191.59180867,0.0,100.0,CHARGE
2013-06-19 22:00:00,185.24649,-0.07160892,100.0,1,-185.31809891999998,-0.07160892,0.0,0.0,185.31809891999998,0.0,100.0,CHARGE
2013-06-19 22:30:00,159.27325,-0.07160892,100.0,1,-159.34485891999998,-0.07160892,0.0,0.0,159.34485891999998,0.0,100.0,CHARGE
2013-06-19 23:00:00,154.93677,-0.07160892,100.0,1,-155.00837891999998,-0.07160892,0.0,0.0,155.00837891999998,0.0,100.0,CHARGE
2013-06-19 23:30:00,178.62411,-0.07160892,100.0,1,-178.69571892,-0.07160892,0.0,0.0,178.69571892,0.0,100.0,CHARGE
2013-06-20 00:00:00,196.28717,-0.057307106,100.0,1,-196.344477106,-0.057307106,0.0,0.0,196.344477106,0.0,100.0,CHARGE
2013-06-20 00:30:00,172.00726,-0.057307106,100.0,1,-172.064567106,-0.057307106,0.0,0.0,172.064567106,0.0,100.0,CHARGE
2013-06-20 01:00:00,165.56119,-0.030659294,100.0,1,-165.591849294,-0.030659294,0.0,0.0,165.591849294,0.0,100.0,CHARGE
2013-06-20 01:30:00,135.72879,-0.030659294,100.0,1,-135.759449294,-0.030659294,0.0,0.0,135.759449294,0.0,100.0,CHARGE
2013-06-20 02:00:00,121.46561,-0.025022052,100.0,1,-121.490632052,-0.025022052,0.0,0.0,121.490632052,0.0,100.0,CHARGE
2013-06-20 02:30:00,96.149864,-0.022764212,100.0,1,-96.17262821199999,-0.022764212,0.0,0.0,96.17262821199999,0.0,100.0,CHARGE
2013-06-20 03:00:00,78.69971,-0.052762527,100.0,1,-78.752472527,-0.052762527,0.0,0.0,78.752472527,0.0,100.0,CHARGE
2013-06-20 03:30:00,78.5053,-0.052762527,100.0,1,-78.558062527,-0.052762527,0.0,0.0,78.558062527,0.0,100.0,CHARGE
2013-06-20 04:00:00,80.708275,-0.097502105,100.0,1,-80.805777105,-0.097502105,0.0,0.0,80.805777105,0.0,100.0,CHARGE
2013-06-20 04:30:00,80.91577,-0.107706696,100.0,1,-81.02347669599999,-0.107706696,0.0,0.0,81.02347669599999,0.0,100.0,CHARGE
2013-06-20 05:00:00,81.034744,-0.047985166,100.0,1,-81.08272916600001,-0.047985166,0.0,0.0,81.08272916600001,0.0,100.0,CHARGE
2013-06-20 05:30:00,102.68743,-0.047985166,100.0,1,-102.73541516600001,-0.047985166,0.0,0.0,102.73541516600001,0.0,100.0,CHARGE
2013-06-20 06:00:00,123.59217,-0.039025776,100.0,1,-123.631195776,-0.039025776,0.0,0.0,123.631195776,0.0,100.0,CHARGE
2013-06-20 06:30:00,163.6038,-0.054111376,100.0,1,-163.65791137600002,-0.054111376,0.0,0.0,163.65791137600002,0.0,100.0,CHARGE
2013-06-20 07:00:00,170.94962,0.06991573,100.0,1,-170.87970427000002,0.06991573,0.0,0.0,170.87970427000002,0.0,100.0,CHARGE
2013-06-20 07:30:00,164.65544,1.6638228,100.0,1,-162.9916172,1.6638228,0.0,0.0,162.9916172,0.0,100.0,CHARGE
2013-06-20 08:00:00,171.47836,4.6688046,100.0,1,-166.80955540000002,4.6688046,0.0,0.0,166.80955540000002,0.0,100.0,CHARGE
2013-06-20 08:30:00,140.25179,12.93042,100.0,1,-127.32137,12.93042,0.0,0.0,127.32137,0.0,100.0,CHARGE
2013-06-20 09:00:00,124.07228,26.017654,100.0,1,-98.05462600000001,26.017654,0.0,0.0,98.05462600000001,0.0,100.0,CHARGE
2013-06-20 09:30:00,113.57626,45.77583,100.0,1,-67.80043,45.77583,0.0,0.0,67.80043,0.0,100.0,CHARGE
2013-06-20 10:00:00,103.724724,57.859814,100.0,1,-45.864909999999995,57.859814,0.0,0.0,45.864909999999995,0.0,100.0,CHARGE
2013-06-20 10:30:00,103.584274,74.53136,100.0,1,-29.052913999999987,74.53136,0.0,0.0,29.052913999999987,0.0,100.0,CHARGE
2013-06-20 11:00:00,102.24565,80.89625,100.0,1,-21.349400000000003,80.89625,0.0,0.0,21.349400000000003,0.0,100.0,CHARGE
2013-06-20 11:30:00,105.832344,90.29465,100.0,1,-15.537694000000002,90.29465,0.0,0.0,15.537694000000002,0.0,100.0,CHARGE
2013-06-20 12:00:00,100.93559,96.29799,100.0,1,-4.637600000000006,96.29799,0.0,0.0,4.637600000000006,0.0,100.0,CHARGE
2013-06-20 12:30:00,100.16057,90.62876,100.0,1,-9.531810000000007,90.62876,0.0,0.0,9.531810000000007,0.0,100.0,CHARGE
2013-06-20 13:00:00,105.68753,83.15629,100.0,1,-22.531239999999997,83.15629,0.0,0.0,22.531239999999997,0.0,100.0,CHARGE
2013-06-20 13:30:00,101.79859,75.997734,100.0,1,-25.80085600000001,75.997734,0.0,0.0,25.80085600000001,0.0,100.0,CHARGE
2013-06-20 14:00:00,100.91888,62.582306,100.0,1,-38.336574,62.582306,0.0,0.0,38.336574,0.0,100.0,CHARGE
2013-06-20 14:30:00,100.62691,54.00214,100.0,1,-46.62477,54.00214,0.0,0.0,46.62477,0.0,100.0,CHARGE
2013-06-20 15:00:00,96.625496,39.63871,100.0,1,-56.986785999999995,39.63871,0.0,0.0,56.986785999999995,0.0,100.0,CHARGE
2013-06-20 15:30:00,100.37667,28.382626,100.0,1,-71.994044,28.382626,0.0,0.0,71.994044,0.0,100.0,CHARGE
2013-06-20 16:00:00,131.35107,16.158878,100.0,1,-115.19219199999999,16.158878,0.0,0.0,115.19219199999999,0.0,100.0,CHARGE
2013-06-20 16:30:00,148.16957,6.1854763,100.0,1,-141.9840937,6.1854763,0.0,0.0,141.9840937,0.0,100.0,CHARGE
2013-06-20 17:00:00,200.30865,0.70631135,100.0,1,-199.60233865,0.70631135,0.0,0.0,199.60233865,0.0,100.0,CHARGE
2013-06-20 17:30:00,228.1953,0.042128198,100.0,1,-228.153171802,0.042128198,0.0,0.0,228.153171802,0.0,100.0,CHARGE
2013-06-20 18:00:00,244.85088,-0.019278388,100.0,1,-244.870158388,-0.019278388,0.0,0.0,244.870158388,0.0,100.0,CHARGE
2013-06-20 18:30:00,234.05164,-0.03446418,100.0,1,-234.08610417999998,-0.03446418,0.0,0.0,234.08610417999998,0.0,100.0,CHARGE
2013-06-20 19:00:00,220.52641,-0.05508632,100.0,1,-220.58149631999999,-0.05508632,0.0,0.0,220.58149631999999,0.0,100.0,CHARGE
2013-06-20 19:30:00,215.96053,-0.055419523,100.0,1,-216.01594952300002,-0.055419523,0.0,0.0,216.01594952300002,0.0,100.0,CHARGE
2013-06-20 20:00:00,214.1529,0.040291667,100.0,1,-214.112608333,0.040291667,0.0,0.0,214.112608333,0.0,100.0,CHARGE
2013-06-20 20:30:00,212.79468,0.03965038,100.0,1,-212.75502962,0.03965038,0.0,0.0,212.75502962,0.0,100.0,CHARGE
2013-06-20 21:00:00,207.09244,0.049758367,100.0,1,-207.042681633,0.049758367,0.0,0.0,207.042681633,0.0,100.0,CHARGE
2013-06-20 21:30:00,190.28928,0.049758367,100.0,1,-190.23952163299998,0.049758367,0.0,0.0,190.23952163299998,0.0,100.0,CHARGE
2013-06-20 22:00:00,184.56096,0.026986662,100.0,1,-184.53397333799998,0.026986662,0.0,0.0,184.53397333799998,0.0,100.0,CHARGE
2013-06-20 22:30:00,164.93466,0.026986662,100.0,1,-164.907673338,0.026986662,0.0,0.0,164.907673338,0.0,100.0,CHARGE
2013-06-20 23:00:00,154.9076,0.050326526,100.0,1,-154.857273474,0.050326526,0.0,0.0,154.857273474,0.0,100.0,CHARGE
2013-06-20 23:30:00,185.87228,0.050326526,100.0,1,-185.821953474,0.050326526,0.0,0.0,185.821953474,0.0,100.0,CHARGE
2013-06-21 00:00:00,190.21664,0.077032745,100.0,1,-190.13960725500002,0.077032745,0.0,0.0,190.13960725500002,0.0,100.0,CHARGE
2013-06-21 00:30:00,181.92934,0.077032745,100.0,1,-181.852307255,0.077032745,0.0,0.0,181.852307255,0.0,100.0,CHARGE
2013-06-21 01:00:00,170.18413,0.07496964,100.0,1,-170.10916036,0.07496964,0.0,0.0,170.10916036,0.0,100.0,CHARGE
2013-06-21 01:30:00,145.11758,0.077489786,100.0,1,-145.040090214,0.077489786,0.0,0.0,145.040090214,0.0,100.0,CHARGE
2013-06-21 02:00:00,121.87726,0.07955288,100.0,1,-121.79770712000001,0.07955288,0.0,0.0,121.79770712000001,0.0,100.0,CHARGE
2013-06-21 02:30:00,95.66213,0.08181073,100.0,1,-95.58031927,0.08181073,0.0,0.0,95.58031927,0.0,100.0,CHARGE
2013-06-21 03:00:00,77.97107,0.08181073,100.0,1,-77.88925927,0.08181073,0.0,0.0,77.88925927,0.0,100.0,CHARGE
2013-06-21 03:30:00,77.96273,0.08181073,100.0,1,-77.88091926999999,0.08181073,0.0,0.0,77.88091926999999,0.0,100.0,CHARGE
2013-06-21 04:00:00,77.63472,0.09699738,100.0,1,-77.53772262,0.09699738,0.0,0.0,77.53772262,0.0,100.0,CHARGE
2013-06-21 04:30:00,82.51381,0.08863643,100.0,1,-82.42517357000001,0.08863643,0.0,0.0,82.42517357000001,0.0,100.0,CHARGE
2013-06-21 05:00:00,83.74383,0.08863643,100.0,1,-83.65519357000001,0.08863643,0.0,0.0,83.65519357000001,0.0,100.0,CHARGE
2013-06-21 05:30:00,97.0893,0.08863643,100.0,1,-97.00066357,0.08863643,0.0,0.0,97.00066357,0.0,100.0,CHARGE
2013-06-21 06:00:00,125.93292,0.086573325,100.0,1,-125.84634667499999,0.086573325,0.0,0.0,125.84634667499999,0.0,100.0,CHARGE
2013-06-21 06:30:00,153.30602,0.1448125,100.0,1,-153.1612075,0.1448125,0.0,0.0,153.1612075,0.0,100.0,CHARGE
2013-06-21 07:00:00,169.44247,0.31443286,100.0,1,-169.12803713999998,0.31443286,0.0,0.0,169.12803713999998,0.0,100.0,CHARGE
2013-06-21 07:30:00,170.5827,1.9435468,100.0,1,-168.63915319999998,1.9435468,0.0,0.0,168.63915319999998,0.0,100.0,CHARGE
2013-06-21 08:00:00,164.54868,7.483988,100.0,1,-157.06469199999998,7.483988,0.0,0.0,157.06469199999998,0.0,100.0,CHARGE
2013-06-21 08:30:00,134.67792,23.288109,100.0,1,-111.38981100000001,23.288109,0.0,0.0,111.38981100000001,0.0,100.0,CHARGE
2013-06-21 09:00:00,121.38203,38.08617,100.0,1,-83.29586,38.08617,0.0,0.0,83.29586,0.0,100.0,CHARGE
2013-06-21 09:30:00,115.55168,47.903698,100.0,1,-67.64798200000001,47.903698,0.0,0.0,67.64798200000001,0.0,100.0,CHARGE
2013-06-21 10:00:00,104.407394,62.032146,100.0,1,-42.375248,62.032146,0.0,0.0,42.375248,0.0,100.0,CHARGE
2013-06-21 10:30:00,107.93076,83.78814,100.0,1,-24.142620000000008,83.78814,0.0,0.0,24.142620000000008,0.0,100.0,CHARGE
2013-06-21 11:00:00,102.29382,103.83716,100.0,1,-0.15433400000000008,102.29382,0.0,0.0,0.0,1.5433400000000006,100.0,CHARGE
2013-06-21 11:30:00,98.66347,112.730675,100.0,1,-1.4067205000000003,98.66347,0.0,0.0,0.0,14.067205000000001,100.0,CHARGE
2013-06-21 12:00:00,100.561714,106.64735,100.0,1,-0.6085636000000009,100.561714,0.0,0.0,0.0,6.085636000000008,100.0,CHARGE
2013-06-21 12:30:00,106.312935,108.29865,100.0,1,-0.1985714999999999,106.312935,0.0,0.0,0.0,1.985714999999999,100.0,CHARGE
2013-06-21 13:00:00,108.19114,91.26285,100.0,1,-16.928290000000004,91.26285,0.0,0.0,16.928290000000004,0.0,100.0,CHARGE
2013-06-21 13:30:00,95.38577,75.813545,100.0,1,-19.57222499999999,75.813545,0.0,0.0,19.57222499999999,0.0,100.0,CHARGE
2013-06-21 14:00:00,90.92092,58.81677,100.0,1,-32.10415,58.81677,0.0,0.0,32.10415,0.0,100.0,CHARGE
2013-06-21 14:30:00,97.17405,54.475483,100.0,1,-42.698567,54.475483,0.0,0.0,42.698567,0.0,100.0,CHARGE
2013-06-21 15:00:00,96.1642,46.182472,100.0,1,-49.981728,46.182472,0.0,0.0,49.981728,0.0,100.0,CHARGE
2013-06-21 15:30:00,100.82649,33.637394,100.0,1,-67.189096,33.637394,0.0,0.0,67.189096,0.0,100.0,CHARGE
2013-06-21 16:00:00,117.16894,21.21878,100.0,1,-95.95016000000001,21.21878,0.0,0.0,95.95016000000001,0.0,100.0,CHARGE
2013-06-21 16:30:00,140.94864,8.862159,100.0,1,-132.08648100000002,8.862159,0.0,0.0,132.08648100000002,0.0,100.0,CHARGE
2013-06-21 17:00:00,192.82025,1.0716108,100.0,1,-191.74863919999999,1.0716108,0.0,0.0,191.74863919999999,0.0,100.0,CHARGE
2013-06-21 17:30:00,233.69609,0.009118679,100.0,1,-233.686971321,0.009118679,0.0,0.0,233.686971321,0.0,100.0,CHARGE
2013-06-21 18:00:00,243.64738,0.0022818046,100.0,1,-243.6450981954,0.0022818046,0.0,0.0,243.6450981954,0.0,100.0,CHARGE
2013-06-21 18:30:00,241.51572,-0.01700309,100.0,1,-241.53272309,-0.01700309,0.0,0.0,241.53272309,0.0,100.0,CHARGE
2013-06-21 19:00:00,227.9501,-0.03790331,100.0,1,-227.98800330999998,-0.03790331,0.0,0.0,227.98800330999998,0.0,100.0,CHARGE
2013-06-21 19:30:00,224.66928,-0.03823652,100.0,1,-224.70751651999998,-0.03823652,0.0,0.0,224.70751651999998,0.0,100.0,CHARGE
2013-06-21 20:00:00,222.0238,-0.04655041,100.0,1,-222.07035041,-0.04655041,0.0,0.0,222.07035041,0.0,100.0,CHARGE
2013-06-21 20:30:00,209.5552,-0.047191698,100.0,1,-209.60239169800002,-0.047191698,0.0,0.0,209.60239169800002,0.0,100.0,CHARGE
2013-06-21 21:00:00,203.70949,-0.04960886,100.0,1,-203.75909886,-0.04960886,0.0,0.0,203.75909886,0.0,100.0,CHARGE
2013-06-21 21:30:00,193.77498,-0.04960886,100.0,1,-193.82458886,-0.04960886,0.0,0.0,193.82458886,0.0,100.0,CHARGE
2013-06-21 22:00:00,186.0574,0.011579332,100.0,1,-186.045820668,0.011579332,0.0,0.0,186.045820668,0.0,100.0,CHARGE
2013-06-21 22:30:00,168.55513,0.011579332,100.0,1,-168.543550668,0.011579332,0.0,0.0,168.543550668,0.0,100.0,CHARGE
2013-06-21 23:00:00,163.1541,-0.058836773,100.0,1,-163.212936773,-0.058836773,0.0,0.0,163.212936773,0.0,100.0,CHARGE
2013-06-21 23:30:00,182.54767,-0.058836773,100.0,1,-182.606506773,-0.058836773,0.0,0.0,182.606506773,0.0,100.0,CHARGE
2013-06-22 00:00:00,198.45692,-0.035189204,100.0,1,-198.492109204,-0.035189204,0.0,0.0,198.492109204,0.0,100.0,CHARGE
2013-06-22 00:30:00,174.29683,-0.035189204,100.0,1,-174.332019204,-0.035189204,0.0,0.0,174.332019204,0.0,100.0,CHARGE
2013-06-22 01:00:00,167.31978,-0.06106342,100.0,1,-167.38084342000002,-0.06106342,0.0,0.0,167.38084342000002,0.0,100.0,CHARGE
2013-06-22 01:30:00,141.35312,-0.06106342,100.0,1,-141.41418342,-0.06106342,0.0,0.0,141.41418342,0.0,100.0,CHARGE
2013-06-22 02:00:00,111.305504,-0.06452622,100.0,1,-111.37003022,-0.06452622,0.0,0.0,111.37003022,0.0,100.0,CHARGE
2013-06-22 02:30:00,90.74104,-0.06432098,100.0,1,-90.80536098,-0.06432098,0.0,0.0,90.80536098,0.0,100.0,CHARGE
2013-06-22 03:00:00,79.45807,0.021777725,100.0,1,-79.436292275,0.021777725,0.0,0.0,79.436292275,0.0,100.0,CHARGE
2013-06-22 03:30:00,79.7473,0.021777725,100.0,1,-79.72552227499999,0.021777725,0.0,0.0,79.72552227499999,0.0,100.0,CHARGE
2013-06-22 04:00:00,80.995224,-0.01774474,100.0,1,-81.01296873999999,-0.01774474,0.0,0.0,81.01296873999999,0.0,100.0,CHARGE
2013-06-22 04:30:00,81.37943,-0.027949335,100.0,1,-81.407379335,-0.027949335,0.0,0.0,81.407379335,0.0,100.0,CHARGE
2013-06-22 05:00:00,89.08145,-0.035233952,100.0,1,-89.116683952,-0.035233952,0.0,0.0,89.116683952,0.0,100.0,CHARGE
2013-06-22 05:30:00,89.771706,-0.035233952,100.0,1,-89.806939952,-0.035233952,0.0,0.0,89.806939952,0.0,100.0,CHARGE
2013-06-22 06:00:00,97.26509,0.020845173,100.0,1,-97.244244827,0.020845173,0.0,0.0,97.244244827,0.0,100.0,CHARGE
2013-06-22 06:30:00,118.90279,0.057257336,100.0,1,-118.84553266399999,0.057257336,0.0,0.0,118.84553266399999,0.0,100.0,CHARGE
2013-06-22 07:00:00,144.20438,0.29196164,100.0,1,-143.91241835999998,0.29196164,0.0,0.0,143.91241835999998,0.0,100.0,CHARGE
2013-06-22 07:30:00,163.65364,2.1473713,100.0,1,-161.5062687,2.1473713,0.0,0.0,161.5062687,0.0,100.0,CHARGE
2013-06-22 08:00:00,166.42278,8.755292,100.0,1,-157.667488,8.755292,0.0,0.0,157.667488,0.0,100.0,CHARGE
2013-06-22 08:30:00,166.839,23.782776,100.0,1,-143.056224,23.782776,0.0,0.0,143.056224,0.0,100.0,CHARGE
2013-06-22 09:00:00,177.11385,38.193474,100.0,1,-138.920376,38.193474,0.0,0.0,138.920376,0.0,100.0,CHARGE
2013-06-22 09:30:00,158.36443,55.557293,100.0,1,-102.807137,55.557293,0.0,0.0,102.807137,0.0,100.0,CHARGE
2013-06-22 10:00:00,165.17024,66.51787,100.0,1,-98.65237,66.51787,0.0,0.0,98.65237,0.0,100.0,CHARGE
2013-06-22 10:30:00,165.90074,74.55215,100.0,1,-91.34859000000002,74.55215,0.0,0.0,91.34859000000002,0.0,100.0,CHARGE
2013-06-22 11:00:00,154.49763,62.720062,100.0,1,-91.77756799999999,62.720062,0.0,0.0,91.77756799999999,0.0,100.0,CHARGE
2013-06-22 11:30:00,160.0182,78.94129,100.0,1,-81.07691000000001,78.94129,0.0,0.0,81.07691000000001,0.0,100.0,CHARGE
2013-06-22 12:00:00,171.12413,74.87459,100.0,1,-96.24954000000001,74.87459,0.0,0.0,96.24954000000001,0.0,100.0,CHARGE
2013-06-22 12:30:00,163.69896,81.332436,100.0,1,-82.366524,81.332436,0.0,0.0,82.366524,0.0,100.0,CHARGE
2013-06-22 13:00:00,147.25674,72.85411,100.0,1,-74.40263,72.85411,0.0,0.0,74.40263,0.0,100.0,CHARGE
2013-06-22 13:30:00,139.35191,80.622765,100.0,1,-58.729145,80.622765,0.0,0.0,58.729145,0.0,100.0,CHARGE
2013-06-22 14:00:00,136.86124,61.774834,100.0,1,-75.08640600000001,61.774834,0.0,0.0,75.08640600000001,0.0,100.0,CHARGE
2013-06-22 14:30:00,135.97244,45.07353,100.0,1,-90.89891,45.07353,0.0,0.0,90.89891,0.0,100.0,CHARGE
2013-06-22 15:00:00,152.12302,36.862846,100.0,1,-115.260174,36.862846,0.0,0.0,115.260174,0.0,100.0,CHARGE
2013-06-22 15:30:00,165.91336,29.888964,100.0,1,-136.02439600000002,29.888964,0.0,0.0,136.02439600000002,0.0,100.0,CHARGE
2013-06-22 16:00:00,188.62079,15.359005,100.0,1,-173.261785,15.359005,0.0,0.0,173.261785,0.0,100.0,CHARGE
2013-06-22 16:30:00,202.09358,8.655211,100.0,1,-193.438369,8.655211,0.0,0.0,193.438369,0.0,100.0,CHARGE
2013-06-22 17:00:00,222.85812,0.5419525,100.0,1,-222.3161675,0.5419525,0.0,0.0,222.3161675,0.0,100.0,CHARGE
2013-06-22 17:30:00,254.73184,0.20542149,100.0,1,-254.52641851,0.20542149,0.0,0.0,254.52641851,0.0,100.0,CHARGE
2013-06-22 18:00:00,246.97241,-0.012076586,100.0,1,-246.984486586,-0.012076586,0.0,0.0,246.984486586,0.0,100.0,CHARGE
2013-06-22 18:30:00,240.31325,-0.03136146,100.0,1,-240.34461146,-0.03136146,0.0,0.0,240.34461146,0.0,100.0,CHARGE
2013-06-22 19:00:00,226.64381,-0.026675869,100.0,1,-226.670485869,-0.026675869,0.0,0.0,226.670485869,0.0,100.0,CHARGE
2013-06-22 19:30:00,224.6425,-0.027009074,100.0,1,-224.66950907400002,-0.027009074,0.0,0.0,224.66950907400002,0.0,100.0,CHARGE
2013-06-22 20:00:00,207.6627,0.06356471,100.0,1,-207.59913529,0.06356471,0.0,0.0,207.59913529,0.0,100.0,CHARGE
2013-06-22 20:30:00,201.3299,0.062923424,100.0,1,-201.26697657600002,0.062923424,0.0,0.0,201.26697657600002,0.0,100.0,CHARGE
2013-06-22 21:00:00,185.06783,-0.1251924,100.0,1,-185.1930224,-0.1251924,0.0,0.0,185.1930224,0.0,100.0,CHARGE
2013-06-22 21:30:00,179.19603,-0.1251924,100.0,1,-179.3212224,-0.1251924,0.0,0.0,179.3212224,0.0,100.0,CHARGE
2013-06-22 22:00:00,181.44049,-0.109343626,100.0,1,-181.549833626,-0.109343626,0.0,0.0,181.549833626,0.0,100.0,CHARGE
2013-06-22 22:30:00,163.2209,-0.109343626,100.0,1,-163.330243626,-0.109343626,0.0,0.0,163.330243626,0.0,100.0,CHARGE
2013-06-22 23:00:00,162.55374,-0.12739865,100.0,1,-162.68113865,-0.12739865,0.0,0.0,162.68113865,0.0,100.0,CHARGE
2013-06-22 23:30:00,179.16351,-0.12739865,100.0,1,-179.29090865,-0.12739865,0.0,0.0,179.29090865,0.0,100.0,CHARGE
2013-06-23 00:00:00,196.68468,-0.10919563,100.0,1,-196.79387562999997,-0.10919563,0.0,0.0,196.79387562999997,0.0,100.0,CHARGE
2013-06-23 00:30:00,178.85527,-0.10729768,100.0,1,-178.96256767999998,-0.10729768,0.0,0.0,178.96256767999998,0.0,100.0,CHARGE
2013-06-23 01:00:00,164.14404,-0.13957962,100.0,1,-164.28361962,-0.13957962,0.0,0.0,164.28361962,0.0,100.0,CHARGE
2013-06-23 01:30:00,131.91635,-0.13957962,100.0,1,-132.05592962,-0.13957962,0.0,0.0,132.05592962,0.0,100.0,CHARGE
2013-06-23 02:00:00,108.10856,-0.08885787,100.0,1,-108.19741787,-0.08885787,0.0,0.0,108.19741787,0.0,100.0,CHARGE
2013-06-23 02:30:00,92.00737,-0.088652626,100.0,1,-92.09602262599999,-0.088652626,0.0,0.0,92.09602262599999,0.0,100.0,CHARGE
2013-06-23 03:00:00,78.00363,-0.09537828,100.0,1,-78.09900828,-0.09537828,0.0,0.0,78.09900828,0.0,100.0,CHARGE
2013-06-23 03:30:00,73.11467,-0.09537828,100.0,1,-73.21004828000001,-0.09537828,0.0,0.0,73.21004828000001,0.0,100.0,CHARGE
2013-06-23 04:00:00,78.12266,-0.0694706,100.0,1,-78.1921306,-0.0694706,0.0,0.0,78.1921306,0.0,100.0,CHARGE
2013-06-23 04:30:00,77.45072,-0.07967519,100.0,1,-77.53039519000001,-0.07967519,0.0,0.0,77.53039519000001,0.0,100.0,CHARGE
2013-06-23 05:00:00,83.105286,-0.0762124,100.0,1,-83.18149840000001,-0.0762124,0.0,0.0,83.18149840000001,0.0,100.0,CHARGE
2013-06-23 05:30:00,91.361145,-0.0762124,100.0,1,-91.4373574,-0.0762124,0.0,0.0,91.4373574,0.0,100.0,CHARGE
2013-06-23 06:00:00,93.10631,0.071245976,100.0,1,-93.035064024,0.071245976,0.0,0.0,93.035064024,0.0,100.0,CHARGE
2013-06-23 06:30:00,104.336525,0.12948526,100.0,1,-104.20703974,0.12948526,0.0,0.0,104.20703974,0.0,100.0,CHARGE
2013-06-23 07:00:00,112.914406,0.014271307,100.0,1,-112.900134693,0.014271307,0.0,0.0,112.900134693,0.0,100.0,CHARGE
2013-06-23 07:30:00,131.9385,1.3652507,100.0,1,-130.57324930000001,1.3652507,0.0,0.0,130.57324930000001,0.0,100.0,CHARGE
2013-06-23 08:00:00,140.47731,3.9512901,100.0,1,-136.5260199,3.9512901,0.0,0.0,136.5260199,0.0,100.0,CHARGE
2013-06-23 08:30:00,152.53346,12.670738,100.0,1,-139.862722,12.670738,0.0,0.0,139.862722,0.0,100.0,CHARGE
2013-06-23 09:00:00,167.32712,16.32765,100.0,1,-150.99947,16.32765,0.0,0.0,150.99947,0.0,100.0,CHARGE
2013-06-23 09:30:00,172.18202,25.386032,100.0,1,-146.795988,25.386032,0.0,0.0,146.795988,0.0,100.0,CHARGE
2013-06-23 10:00:00,161.50687,27.7465,100.0,1,-133.76037,27.7465,0.0,0.0,133.76037,0.0,100.0,CHARGE
2013-06-23 10:30:00,158.42223,38.852566,100.0,1,-119.56966400000002,38.852566,0.0,0.0,119.56966400000002,0.0,100.0,CHARGE
2013-06-23 11:00:00,152.46371,65.119934,100.0,1,-87.34377599999999,65.119934,0.0,0.0,87.34377599999999,0.0,100.0,CHARGE
2013-06-23 11:30:00,151.2051,72.77346,100.0,1,-78.43163999999999,72.77346,0.0,0.0,78.43163999999999,0.0,100.0,CHARGE
2013-06-23 12:00:00,174.3355,74.994606,100.0,1,-99.34089399999999,74.994606,0.0,0.0,99.34089399999999,0.0,100.0,CHARGE
2013-06-23 12:30:00,173.89047,59.964844,100.0,1,-113.925626,59.964844,0.0,0.0,113.925626,0.0,100.0,CHARGE
2013-06-23 13:00:00,168.40926,51.233047,100.0,1,-117.17621299999999,51.233047,0.0,0.0,117.17621299999999,0.0,100.0,CHARGE
2013-06-23 13:30:00,161.3561,34.895226,100.0,1,-126.46087399999999,34.895226,0.0,0.0,126.46087399999999,0.0,100.0,CHARGE
2013-06-23 14:00:00,163.52512,18.715858,100.0,1,-144.809262,18.715858,0.0,0.0,144.809262,0.0,100.0,CHARGE
2013-06-23 14:30:00,174.51772,11.039766,100.0,1,-163.477954,11.039766,0.0,0.0,163.477954,0.0,100.0,CHARGE
2013-06-23 15:00:00,173.20288,7.567917,100.0,1,-165.634963,7.567917,0.0,0.0,165.634963,0.0,100.0,CHARGE
2013-06-23 15:30:00,188.70363,7.4136457,100.0,1,-181.28998430000001,7.4136457,0.0,0.0,181.28998430000001,0.0,100.0,CHARGE
2013-06-23 16:00:00,203.96355,6.343105,100.0,1,-197.620445,6.343105,0.0,0.0,197.620445,0.0,100.0,CHARGE
2013-06-23 16:30:00,209.14172,5.5930753,100.0,1,-203.54864469999998,5.5930753,0.0,0.0,203.54864469999998,0.0,100.0,CHARGE
2013-06-23 17:00:00,231.26332,0.84851074,100.0,1,-230.41480926,0.84851074,0.0,0.0,230.41480926,0.0,100.0,CHARGE
2013-06-23 17:30:00,249.64455,-0.09235658,100.0,1,-249.73690658,-0.09235658,0.0,0.0,249.73690658,0.0,100.0,CHARGE
2013-06-23 18:00:00,251.89828,-0.10604039,100.0,1,-252.00432039,-0.10604039,0.0,0.0,252.00432039,0.0,100.0,CHARGE
2013-06-23 18:30:00,252.12134,-0.123656884,100.0,1,-252.24499688400002,-0.123656884,0.0,0.0,252.24499688400002,0.0,100.0,CHARGE
2013-06-23 19:00:00,246.48358,-0.13909195,100.0,1,-246.62267194999998,-0.13909195,0.0,0.0,246.62267194999998,0.0,100.0,CHARGE
2013-06-23 19:30:00,221.07213,-0.13710724,100.0,1,-221.20923724,-0.13710724,0.0,0.0,221.20923724,0.0,100.0,CHARGE
2013-06-23 20:00:00,221.71152,-0.1493813,100.0,1,-221.8609013,-0.1493813,0.0,0.0,221.8609013,0.0,100.0,CHARGE
2013-06-23 20:30:00,213.61995,-0.15002258,100.0,1,-213.76997258,-0.15002258,0.0,0.0,213.76997258,0.0,100.0,CHARGE
2013-06-23 21:00:00,205.28532,-0.32305545,100.0,1,-205.60837545,-0.32305545,0.0,0.0,205.60837545,0.0,100.0,CHARGE
2013-06-23 21:30:00,194.89427,-0.32305545,100.0,1,-195.21732545,-0.32305545,0.0,0.0,195.21732545,0.0,100.0,CHARGE
2013-06-23 22:00:00,193.34756,-0.122347906,100.0,1,-193.46990790599997,-0.122347906,0.0,0.0,193.46990790599997,0.0,100.0,CHARGE
2013-06-23 22:30:00,172.58882,-0.122347906,100.0,1,-172.711167906,-0.122347906,0.0,0.0,172.711167906,0.0,100.0,CHARGE
2013-06-23 23:00:00,166.68,-0.09663726,100.0,1,-166.77663726,-0.09663726,0.0,0.0,166.77663726,0.0,100.0,CHARGE
2013-06-23 23:30:00,180.91747,-0.09663726,100.0,1,-181.01410726,-0.09663726,0.0,0.0,181.01410726,0.0,100.0,CHARGE
2013-06-24 00:00:00,196.73564,-0.10635034,100.0,1,-196.84199034,-0.10635034,0.0,0.0,196.84199034,0.0,100.0,CHARGE
2013-06-24 00:30:00,171.43375,-0.10635034,100.0,1,-171.54010034,-0.10635034,0.0,0.0,171.54010034,0.0,100.0,CHARGE
2013-06-24 01:00:00,166.73389,-0.10935896,100.0,1,-166.84324896,-0.10935896,0.0,0.0,166.84324896,0.0,100.0,CHARGE
2013-06-24 01:30:00,135.64662,-0.10935896,100.0,1,-135.75597896000002,-0.10935896,0.0,0.0,135.75597896000002,0.0,100.0,CHARGE
2013-06-24 02:00:00,115.725365,-0.0951995,100.0,1,-115.8205645,-0.0951995,0.0,0.0,115.8205645,0.0,100.0,CHARGE
2013-06-24 02:30:00,93.48378,-0.09499423,100.0,1,-93.57877423,-0.09499423,0.0,0.0,93.57877423,0.0,100.0,CHARGE
2013-06-24 03:00:00,80.49904,-0.094609365,100.0,1,-80.59364936499999,-0.094609365,0.0,0.0,80.59364936499999,0.0,100.0,CHARGE
2013-06-24 03:30:00,71.63732,-0.094609365,100.0,1,-71.731929365,-0.094609365,0.0,0.0,71.731929365,0.0,100.0,CHARGE
2013-06-24 04:00:00,72.505875,-0.08134563,100.0,1,-72.58722063,-0.08134563,0.0,0.0,72.58722063,0.0,100.0,CHARGE
2013-06-24 04:30:00,78.925354,-0.09155022,100.0,1,-79.01690422,-0.09155022,0.0,0.0,79.01690422,0.0,100.0,CHARGE
2013-06-24 05:00:00,80.06827,-0.12224689,100.0,1,-80.19051689,-0.12224689,0.0,0.0,80.19051689,0.0,100.0,CHARGE
2013-06-24 05:30:00,91.37396,-0.12224689,100.0,1,-91.49620689,-0.12224689,0.0,0.0,91.49620689,0.0,100.0,CHARGE
2013-06-24 06:00:00,114.747284,0.05103777,100.0,1,-114.69624623,0.05103777,0.0,0.0,114.69624623,0.0,100.0,CHARGE
2013-06-24 06:30:00,167.12222,0.062785394,100.0,1,-167.059434606,0.062785394,0.0,0.0,167.059434606,0.0,100.0,CHARGE
2013-06-24 07:00:00,173.25826,-0.033983015,100.0,1,-173.292243015,-0.033983015,0.0,0.0,173.292243015,0.0,100.0,CHARGE
2013-06-24 07:30:00,157.16386,1.2240273,100.0,1,-155.9398327,1.2240273,0.0,0.0,155.9398327,0.0,100.0,CHARGE
2013-06-24 08:00:00,162.184,3.7517893,100.0,1,-158.43221069999998,3.7517893,0.0,0.0,158.43221069999998,0.0,100.0,CHARGE
2013-06-24 08:30:00,146.70558,4.5391583,100.0,1,-142.1664217,4.5391583,0.0,0.0,142.1664217,0.0,100.0,CHARGE
2013-06-24 09:00:00,129.68121,9.094805,100.0,1,-120.586405,9.094805,0.0,0.0,120.586405,0.0,100.0,CHARGE
2013-06-24 09:30:00,137.06485,18.37973,100.0,1,-118.68512000000001,18.37973,0.0,0.0,118.68512000000001,0.0,100.0,CHARGE
2013-06-24 10:00:00,124.7627,34.055164,100.0,1,-90.707536,34.055164,0.0,0.0,90.707536,0.0,100.0,CHARGE
2013-06-24 10:30:00,117.449745,51.362904,100.0,1,-66.08684099999999,51.362904,0.0,0.0,66.08684099999999,0.0,100.0,CHARGE
2013-06-24 11:00:00,117.243095,64.78135,100.0,1,-52.46174499999999,64.78135,0.0,0.0,52.46174499999999,0.0,100.0,CHARGE
2013-06-24 11:30:00,108.50555,94.31237,100.0,1,-14.193179999999998,94.31237,0.0,0.0,14.193179999999998,0.0,100.0,CHARGE
2013-06-24 12:00:00,101.75053,101.40422,100.0,1,-0.34631000000000256,101.40422,0.0,0.0,0.34631000000000256,0.0,100.0,CHARGE
2013-06-24 12:30:00,104.282234,82.89475,100.0,1,-21.387484,82.89475,0.0,0.0,21.387484,0.0,100.0,CHARGE
2013-06-24 13:00:00,109.02956,69.448135,100.0,1,-39.58142500000001,69.448135,0.0,0.0,39.58142500000001,0.0,100.0,CHARGE
2013-06-24 13:30:00,99.12996,66.4989,100.0,1,-32.63105999999999,66.4989,0.0,0.0,32.63105999999999,0.0,100.0,CHARGE
2013-06-24 14:00:00,92.208176,62.227005,100.0,1,-29.981170999999996,62.227005,0.0,0.0,29.981170999999996,0.0,100.0,CHARGE
2013-06-24 14:30:00,92.065254,53.219395,100.0,1,-38.845859,53.219395,0.0,0.0,38.845859,0.0,100.0,CHARGE
2013-06-24 15:00:00,101.27138,38.11624,100.0,1,-63.155139999999996,38.11624,0.0,0.0,63.155139999999996,0.0,100.0,CHARGE
2013-06-24 15:30:00,114.46807,24.591528,100.0,1,-89.876542,24.591528,0.0,0.0,89.876542,0.0,100.0,CHARGE
2013-06-24 16:00:00,150.1775,13.4126005,100.0,1,-136.7648995,13.4126005,0.0,0.0,136.7648995,0.0,100.0,CHARGE
2013-06-24 16:30:00,184.93645,6.552453,100.0,1,-178.38399700000002,6.552453,0.0,0.0,178.38399700000002,0.0,100.0,CHARGE
2013-06-24 17:00:00,200.58813,0.68543947,100.0,1,-199.90269053,0.68543947,0.0,0.0,199.90269053,0.0,100.0,CHARGE
2013-06-24 17:30:00,230.59802,-0.03157512,100.0,1,-230.62959512,-0.03157512,0.0,0.0,230.62959512,0.0,100.0,CHARGE
2013-06-24 18:00:00,242.13637,-0.11270047,100.0,1,-242.24907047,-0.11270047,0.0,0.0,242.24907047,0.0,100.0,CHARGE
2013-06-24 18:30:00,240.41919,-0.1303169,100.0,1,-240.54950689999998,-0.1303169,0.0,0.0,240.54950689999998,0.0,100.0,CHARGE
2013-06-24 19:00:00,227.12428,-0.13028504,100.0,1,-227.25456504,-0.13028504,0.0,0.0,227.25456504,0.0,100.0,CHARGE
2013-06-24 19:30:00,214.55688,-0.12830032,100.0,1,-214.68518032,-0.12830032,0.0,0.0,214.68518032,0.0,100.0,CHARGE
2013-06-24 20:00:00,216.88153,-0.12937254,100.0,1,-217.01090254,-0.12937254,0.0,0.0,217.01090254,0.0,100.0,CHARGE
2013-06-24 20:30:00,215.26924,-0.13001384,100.0,1,-215.39925384,-0.13001384,0.0,0.0,215.39925384,0.0,100.0,CHARGE
2013-06-24 21:00:00,205.2733,-0.14308928,100.0,1,-205.41638928,-0.14308928,0.0,0.0,205.41638928,0.0,100.0,CHARGE
2013-06-24 21:30:00,195.47043,-0.14308928,100.0,1,-195.61351928,-0.14308928,0.0,0.0,195.61351928,0.0,100.0,CHARGE
2013-06-24 22:00:00,192.66902,-0.12750733,100.0,1,-192.79652732999998,-0.12750733,0.0,0.0,192.79652732999998,0.0,100.0,CHARGE
2013-06-24 22:30:00,170.10786,-0.12750733,100.0,1,-170.23536732999997,-0.12750733,0.0,0.0,170.23536732999997,0.0,100.0,CHARGE
2013-06-24 23:00:00,166.89539,-0.11326071,100.0,1,-167.00865070999998,-0.11326071,0.0,0.0,167.00865070999998,0.0,100.0,CHARGE
2013-06-24 23:30:00,185.98141,-0.11326071,100.0,1,-186.09467071,-0.11326071,0.0,0.0,186.09467071,0.0,100.0,CHARGE
2013-06-25 00:00:00,193.02898,-0.119611435,100.0,1,-193.148591435,-0.119611435,0.0,0.0,193.148591435,0.0,100.0,CHARGE
2013-06-25 00:30:00,181.99774,-0.119611435,100.0,1,-182.117351435,-0.119611435,0.0,0.0,182.117351435,0.0,100.0,CHARGE
2013-06-25 01:00:00,166.3293,0.0139305955,100.0,1,-166.3153694045,0.0139305955,0.0,0.0,166.3153694045,0.0,100.0,CHARGE
2013-06-25 01:30:00,144.98526,0.016450739,100.0,1,-144.96880926100002,0.016450739,0.0,0.0,144.96880926100002,0.0,100.0,CHARGE
2013-06-25 02:00:00,122.676605,0.05700739,100.0,1,-122.61959761,0.05700739,0.0,0.0,122.61959761,0.0,100.0,CHARGE
2013-06-25 02:30:00,97.25122,0.05926523,100.0,1,-97.19195477000001,0.05926523,0.0,0.0,97.19195477000001,0.0,100.0,CHARGE
2013-06-25 03:00:00,79.063126,0.053606376,100.0,1,-79.00951962399999,0.053606376,0.0,0.0,79.00951962399999,0.0,100.0,CHARGE
2013-06-25 03:30:00,73.27132,0.053606376,100.0,1,-73.217713624,0.053606376,0.0,0.0,73.217713624,0.0,100.0,CHARGE
2013-06-25 04:00:00,73.8207,0.06969087,100.0,1,-73.75100913,0.06969087,0.0,0.0,73.75100913,0.0,100.0,CHARGE
2013-06-25 04:30:00,77.4705,0.061329883,100.0,1,-77.409170117,0.061329883,0.0,0.0,77.409170117,0.0,100.0,CHARGE
2013-06-25 05:00:00,84.72578,0.06892105,100.0,1,-84.65685895,0.06892105,0.0,0.0,84.65685895,0.0,100.0,CHARGE
2013-06-25 05:30:00,96.702675,0.06892105,100.0,1,-96.63375395,0.06892105,0.0,0.0,96.63375395,0.0,100.0,CHARGE
2013-06-25 06:00:00,116.44024,0.014836182,100.0,1,-116.425403818,0.014836182,0.0,0.0,116.425403818,0.0,100.0,CHARGE
2013-06-25 06:30:00,158.02664,0.04624228,100.0,1,-157.98039771999998,0.04624228,0.0,0.0,157.98039771999998,0.0,100.0,CHARGE
2013-06-25 07:00:00,169.30608,0.10086937,100.0,1,-169.20521063,0.10086937,0.0,0.0,169.20521063,0.0,100.0,CHARGE
2013-06-25 07:30:00,179.51854,1.3288559,100.0,1,-178.1896841,1.3288559,0.0,0.0,178.1896841,0.0,100.0,CHARGE
2013-06-25 08:00:00,157.56963,5.927208,100.0,1,-151.64242199999998,5.927208,0.0,0.0,151.64242199999998,0.0,100.0,CHARGE
2013-06-25 08:30:00,146.55858,18.734608,100.0,1,-127.823972,18.734608,0.0,0.0,127.823972,0.0,100.0,CHARGE
2013-06-25 09:00:00,129.3767,23.113737,100.0,1,-106.262963,23.113737,0.0,0.0,106.262963,0.0,100.0,CHARGE
2013-06-25 09:30:00,118.9658,22.076023,100.0,1,-96.88977700000001,22.076023,0.0,0.0,96.88977700000001,0.0,100.0,CHARGE
2013-06-25 10:00:00,120.11392,23.122978,100.0,1,-96.99094199999999,23.122978,0.0,0.0,96.99094199999999,0.0,100.0,CHARGE
2013-06-25 10:30:00,136.2728,35.222507,100.0,1,-101.05029299999998,35.222507,0.0,0.0,101.05029299999998,0.0,100.0,CHARGE
2013-06-25 11:00:00,137.81549,39.676353,100.0,1,-98.139137,39.676353,0.0,0.0,98.139137,0.0,100.0,CHARGE
2013-06-25 11:30:00,127.11224,43.1577,100.0,1,-83.95454000000001,43.1577,0.0,0.0,83.95454000000001,0.0,100.0,CHARGE
2013-06-25 12:00:00,122.27618,51.03135,100.0,1,-71.24483,51.03135,0.0,0.0,71.24483,0.0,100.0,CHARGE
2013-06-25 12:30:00,121.976135,55.563484,100.0,1,-66.412651,55.563484,0.0,0.0,66.412651,0.0,100.0,CHARGE
2013-06-25 13:00:00,117.00726,56.323742,100.0,1,-60.683518,56.323742,0.0,0.0,60.683518,0.0,100.0,CHARGE
2013-06-25 13:30:00,109.182304,79.774826,100.0,1,-29.407477999999998,79.774826,0.0,0.0,29.407477999999998,0.0,100.0,CHARGE
2013-06-25 14:00:00,102.11501,79.49329,100.0,1,-22.621719999999996,79.49329,0.0,0.0,22.621719999999996,0.0,100.0,CHARGE
2013-06-25 14:30:00,102.279495,52.71091,100.0,1,-49.568585,52.71091,0.0,0.0,49.568585,0.0,100.0,CHARGE
2013-06-25 15:00:00,102.4387,45.357777,100.0,1,-57.080923,45.357777,0.0,0.0,57.080923,0.0,100.0,CHARGE
2013-06-25 15:30:00,108.62478,42.55158,100.0,1,-66.0732,42.55158,0.0,0.0,66.0732,0.0,100.0,CHARGE
2013-06-25 16:00:00,136.35916,20.14756,100.0,1,-116.2116,20.14756,0.0,0.0,116.2116,0.0,100.0,CHARGE
2013-06-25 16:30:00,154.25397,7.624533,100.0,1,-146.629437,7.624533,0.0,0.0,146.629437,0.0,100.0,CHARGE
2013-06-25 17:00:00,202.92496,0.78944296,100.0,1,-202.13551704,0.78944296,0.0,0.0,202.13551704,0.0,100.0,CHARGE
2013-06-25 17:30:00,233.0615,-0.16800155,100.0,1,-233.22950155,-0.16800155,0.0,0.0,233.22950155,0.0,100.0,CHARGE
2013-06-25 18:00:00,246.2125,-0.10179677,100.0,1,-246.31429677,-0.10179677,0.0,0.0,246.31429677,0.0,100.0,CHARGE
2013-06-25 18:30:00,253.68823,-0.14075102,100.0,1,-253.82898102000001,-0.14075102,0.0,0.0,253.82898102000001,0.0,100.0,CHARGE
2013-06-25 19:00:00,231.33955,-0.107316144,100.0,1,-231.446866144,-0.107316144,0.0,0.0,231.446866144,0.0,100.0,CHARGE
2013-06-25 19:30:00,215.54031,-0.10764936,100.0,1,-215.64795936000002,-0.10764936,0.0,0.0,215.64795936000002,0.0,100.0,CHARGE
2013-06-25 20:00:00,226.89014,-0.035266954,100.0,1,-226.925406954,-0.035266954,0.0,0.0,226.925406954,0.0,100.0,CHARGE
2013-06-25 20:30:00,221.4919,-0.03590824,100.0,1,-221.52780823999998,-0.03590824,0.0,0.0,221.52780823999998,0.0,100.0,CHARGE
2013-06-25 21:00:00,208.50563,-0.11537763,100.0,1,-208.62100763,-0.11537763,0.0,0.0,208.62100763,0.0,100.0,CHARGE
2013-06-25 21:30:00,195.18324,-0.11537763,100.0,1,-195.29861763000002,-0.11537763,0.0,0.0,195.29861763000002,0.0,100.0,CHARGE
2013-06-25 22:00:00,190.70528,-0.11478459,100.0,1,-190.82006459,-0.11478459,0.0,0.0,190.82006459,0.0,100.0,CHARGE
2013-06-25 22:30:00,170.94429,-0.11012124,100.0,1,-171.05441124,-0.11012124,0.0,0.0,171.05441124,0.0,100.0,CHARGE
2013-06-25 23:00:00,166.02554,-0.13201554,100.0,1,-166.15755554,-0.13201554,0.0,0.0,166.15755554,0.0,100.0,CHARGE
2013-06-25 23:30:00,182.63423,-0.13201554,100.0,1,-182.76624554,-0.13201554,0.0,0.0,182.76624554,0.0,100.0,CHARGE
2013-06-26 00:00:00,197.75238,-0.176741,100.0,1,-197.92912099999998,-0.176741,0.0,0.0,197.92912099999998,0.0,100.0,CHARGE
2013-06-26 00:30:00,177.96217,-0.176741,100.0,1,-178.13891099999998,-0.176741,0.0,0.0,178.13891099999998,0.0,100.0,CHARGE
2013-06-26 01:00:00,167.72037,-0.18866155,100.0,1,-167.90903155,-0.18866155,0.0,0.0,167.90903155,0.0,100.0,CHARGE
2013-06-26 01:30:00,140.42941,-0.18866155,100.0,1,-140.61807155,-0.18866155,0.0,0.0,140.61807155,0.0,100.0,CHARGE
2013-06-26 02:00:00,114.13719,-0.22495341,100.0,1,-114.36214341,-0.22495341,0.0,0.0,114.36214341,0.0,100.0,CHARGE
2013-06-26 02:30:00,94.47919,-0.22655079,100.0,1,-94.70574079000001,-0.22655079,0.0,0.0,94.70574079000001,0.0,100.0,CHARGE
2013-06-26 03:00:00,79.56629,-0.22761226,100.0,1,-79.79390226,-0.22761226,0.0,0.0,79.79390226,0.0,100.0,CHARGE
2013-06-26 03:30:00,72.30144,-0.22941487,100.0,1,-72.53085487,-0.22941487,0.0,0.0,72.53085487,0.0,100.0,CHARGE
2013-06-26 04:00:00,73.26509,-0.22103877,100.0,1,-73.48612877000001,-0.22103877,0.0,0.0,73.48612877000001,0.0,100.0,CHARGE
2013-06-26 04:30:00,77.43144,-0.23304597,100.0,1,-77.66448597,-0.23304597,0.0,0.0,77.66448597,0.0,100.0,CHARGE
2013-06-26 05:00:00,83.65469,-0.2840746,100.0,1,-83.9387646,-0.2840746,0.0,0.0,83.9387646,0.0,100.0,CHARGE
2013-06-26 05:30:00,95.872345,-0.28587717,100.0,1,-96.15822217,-0.28587717,0.0,0.0,96.15822217,0.0,100.0,CHARGE
2013-06-26 06:00:00,115.12724,-0.2900325,100.0,1,-115.4172725,-0.2900325,0.0,0.0,115.4172725,0.0,100.0,CHARGE
2013-06-26 06:30:00,148.29759,-0.3081098,100.0,1,-148.60569980000002,-0.3081098,0.0,0.0,148.60569980000002,0.0,100.0,CHARGE
2013-06-26 07:00:00,164.27455,-0.26374415,100.0,1,-164.53829415,-0.26374415,0.0,0.0,164.53829415,0.0,100.0,CHARGE
2013-06-26 07:30:00,168.6371,1.6398163,100.0,1,-166.9972837,1.6398163,0.0,0.0,166.9972837,0.0,100.0,CHARGE
2013-06-26 08:00:00,163.33832,4.515282,100.0,1,-158.823038,4.515282,0.0,0.0,158.823038,0.0,100.0,CHARGE
2013-06-26 08:30:00,130.9564,15.090283,100.0,1,-115.866117,15.090283,0.0,0.0,115.866117,0.0,100.0,CHARGE
2013-06-26 09:00:00,121.92931,23.00758,100.0,1,-98.92173,23.00758,0.0,0.0,98.92173,0.0,100.0,CHARGE
2013-06-26 09:30:00,109.47483,31.950617,100.0,1,-77.524213,31.950617,0.0,0.0,77.524213,0.0,100.0,CHARGE
2013-06-26 10:00:00,106.81178,54.945187,100.0,1,-51.866593,54.945187,0.0,0.0,51.866593,0.0,100.0,CHARGE
2013-06-26 10:30:00,107.49471,56.401085,100.0,1,-51.093624999999996,56.401085,0.0,0.0,51.093624999999996,0.0,100.0,CHARGE
2013-06-26 11:00:00,105.90174,63.094234,100.0,1,-42.807506000000004,63.094234,0.0,0.0,42.807506000000004,0.0,100.0,CHARGE
2013-06-26 11:30:00,103.07657,71.66093,100.0,1,-31.41564000000001,71.66093,0.0,0.0,31.41564000000001,0.0,100.0,CHARGE
2013-06-26 12:00:00,102.61682,76.80436,100.0,1,-25.81246,76.80436,0.0,0.0,25.81246,0.0,100.0,CHARGE
2013-06-26 12:30:00,96.94582,73.39058,100.0,1,-23.555239999999998,73.39058,0.0,0.0,23.555239999999998,0.0,100.0,CHARGE
2013-06-26 13:00:00,98.62034,66.3483,100.0,1,-32.272040000000004,66.3483,0.0,0.0,32.272040000000004,0.0,100.0,CHARGE
2013-06-26 13:30:00,98.159805,61.706917,100.0,1,-36.45288800000001,61.706917,0.0,0.0,36.45288800000001,0.0,100.0,CHARGE
2013-06-26 14:00:00,93.06098,48.732754,100.0,1,-44.328226,48.732754,0.0,0.0,44.328226,0.0,100.0,CHARGE
2013-06-26 14:30:00,91.032936,41.70069,100.0,1,-49.332246000000005,41.70069,0.0,0.0,49.332246000000005,0.0,100.0,CHARGE
2013-06-26 15:00:00,94.3991,34.703976,100.0,1,-59.69512400000001,34.703976,0.0,0.0,59.69512400000001,0.0,100.0,CHARGE
2013-06-26 15:30:00,106.978195,27.694588,100.0,1,-79.283607,27.694588,0.0,0.0,79.283607,0.0,100.0,CHARGE
2013-06-26 16:00:00,118.70447,13.133738,100.0,1,-105.570732,13.133738,0.0,0.0,105.570732,0.0,100.0,CHARGE
2013-06-26 16:30:00,145.26283,5.411352,100.0,1,-139.85147800000001,5.411352,0.0,0.0,139.85147800000001,0.0,100.0,CHARGE
2013-06-26 17:00:00,197.42345,0.7952683,100.0,1,-196.6281817,0.7952683,0.0,0.0,196.6281817,0.0,100.0,CHARGE
2013-06-26 17:30:00,212.69424,-0.098278955,100.0,1,-212.79251895500002,-0.098278955,0.0,0.0,212.79251895500002,0.0,100.0,CHARGE
2013-06-26 18:00:00,211.05493,-0.15764469,100.0,1,-211.21257469000003,-0.15764469,0.0,0.0,211.21257469000003,0.0,100.0,CHARGE
2013-06-26 18:30:00,207.38458,-0.15156122,100.0,1,-207.53614122,-0.15156122,0.0,0.0,207.53614122,0.0,100.0,CHARGE
2013-06-26 19:00:00,202.78653,-0.16425638,100.0,1,-202.95078638,-0.16425638,0.0,0.0,202.95078638,0.0,100.0,CHARGE
2013-06-26 19:30:00,191.32426,-0.1699081,100.0,1,-191.4941681,-0.1699081,0.0,0.0,191.4941681,0.0,100.0,CHARGE
2013-06-26 20:00:00,195.05865,-0.16125736,100.0,1,-195.21990736,-0.16125736,0.0,0.0,195.21990736,0.0,100.0,CHARGE
2013-06-26 20:30:00,185.97055,-0.16189864,100.0,1,-186.13244864,-0.16189864,0.0,0.0,186.13244864,0.0,100.0,CHARGE
2013-06-26 21:00:00,171.33798,-0.16148202,100.0,1,-171.49946201999998,-0.16148202,0.0,0.0,171.49946201999998,0.0,100.0,CHARGE
2013-06-26 21:30:00,170.86632,-0.16148202,100.0,1,-171.02780202,-0.16148202,0.0,0.0,171.02780202,0.0,100.0,CHARGE
2013-06-26 22:00:00,167.4707,-0.15243143,100.0,1,-167.62313143,-0.15243143,0.0,0.0,167.62313143,0.0,100.0,CHARGE
2013-06-26 22:30:00,160.52165,-0.15243143,100.0,1,-160.67408143,-0.15243143,0.0,0.0,160.67408143,0.0,100.0,CHARGE
2013-06-26 23:00:00,153.8171,-0.11964085,100.0,1,-153.93674085,-0.11964085,0.0,0.0,153.93674085,0.0,100.0,CHARGE
2013-06-26 23:30:00,180.36949,-0.11964085,100.0,1,-180.48913085,-0.11964085,0.0,0.0,180.48913085,0.0,100.0,CHARGE
2013-06-27 00:00:00,193.07529,-0.11771799,100.0,1,-193.19300798999998,-0.11771799,0.0,0.0,193.19300798999998,0.0,100.0,CHARGE
2013-06-27 00:30:00,181.59354,-0.11771799,100.0,1,-181.71125798999998,-0.11771799,0.0,0.0,181.71125798999998,0.0,100.0,CHARGE
2013-06-27 01:00:00,165.07066,-0.118207924,100.0,1,-165.188867924,-0.118207924,0.0,0.0,165.188867924,0.0,100.0,CHARGE
2013-06-27 01:30:00,131.28458,-0.118207924,100.0,1,-131.402787924,-0.118207924,0.0,0.0,131.402787924,0.0,100.0,CHARGE
2013-06-27 02:00:00,107.98625,-0.10272326,100.0,1,-108.08897326,-0.10272326,0.0,0.0,108.08897326,0.0,100.0,CHARGE
2013-06-27 02:30:00,88.18806,-0.10251802,100.0,1,-88.29057802,-0.10251802,0.0,0.0,88.29057802,0.0,100.0,CHARGE
2013-06-27 03:00:00,76.105255,-0.11276662,100.0,1,-76.21802162,-0.11276662,0.0,0.0,76.21802162,0.0,100.0,CHARGE
2013-06-27 03:30:00,72.06434,-0.11276662,100.0,1,-72.17710662,-0.11276662,0.0,0.0,72.17710662,0.0,100.0,CHARGE
2013-06-27 04:00:00,71.78668,-0.0042561367,100.0,1,-71.7909361367,-0.0042561367,0.0,0.0,71.7909361367,0.0,100.0,CHARGE
2013-06-27 04:30:00,76.78452,-0.014460715,100.0,1,-76.798980715,-0.014460715,0.0,0.0,76.798980715,0.0,100.0,CHARGE
2013-06-27 05:00:00,75.80813,-0.10778452,100.0,1,-75.91591452,-0.10778452,0.0,0.0,75.91591452,0.0,100.0,CHARGE
2013-06-27 05:30:00,93.55302,-0.10778452,100.0,1,-93.66080452,-0.10778452,0.0,0.0,93.66080452,0.0,100.0,CHARGE
2013-06-27 06:00:00,103.656,-0.11369469,100.0,1,-103.76969469000001,-0.11369469,0.0,0.0,103.76969469000001,0.0,100.0,CHARGE
2013-06-27 06:30:00,133.3872,-0.08347768,100.0,1,-133.47067768,-0.08347768,0.0,0.0,133.47067768,0.0,100.0,CHARGE
2013-06-27 07:00:00,160.7925,0.050750673,100.0,1,-160.74174932699998,0.050750673,0.0,0.0,160.74174932699998,0.0,100.0,CHARGE
2013-06-27 07:30:00,160.90497,1.2460737,100.0,1,-159.65889629999998,1.2460737,0.0,0.0,159.65889629999998,0.0,100.0,CHARGE
2013-06-27 08:00:00,142.63226,3.9288208,100.0,1,-138.7034392,3.9288208,0.0,0.0,138.7034392,0.0,100.0,CHARGE
2013-06-27 08:30:00,132.19382,9.567359,100.0,1,-122.62646099999999,9.567359,0.0,0.0,122.62646099999999,0.0,100.0,CHARGE
2013-06-27 09:00:00,122.26696,19.195211,100.0,1,-103.071749,19.195211,0.0,0.0,103.071749,0.0,100.0,CHARGE
2013-06-27 09:30:00,121.829475,28.656116,100.0,1,-93.173359,28.656116,0.0,0.0,93.173359,0.0,100.0,CHARGE
2013-06-27 10:00:00,102.73968,36.135273,100.0,1,-66.60440700000001,36.135273,0.0,0.0,66.60440700000001,0.0,100.0,CHARGE
2013-06-27 10:30:00,102.83228,33.61974,100.0,1,-69.21253999999999,33.61974,0.0,0.0,69.21253999999999,0.0,100.0,CHARGE
2013-06-27 11:00:00,101.9575,43.889187,100.0,1,-58.068312999999996,43.889187,0.0,0.0,58.068312999999996,0.0,100.0,CHARGE
2013-06-27 11:30:00,107.11681,48.81189,100.0,1,-58.30492,48.81189,0.0,0.0,58.30492,0.0,100.0,CHARGE
2013-06-27 12:00:00,105.14759,56.16477,100.0,1,-48.98282,56.16477,0.0,0.0,48.98282,0.0,100.0,CHARGE
2013-06-27 12:30:00,101.5445,54.63432,100.0,1,-46.91018,54.63432,0.0,0.0,46.91018,0.0,100.0,CHARGE
2013-06-27 13:00:00,106.18931,48.954807,100.0,1,-57.234503000000004,48.954807,0.0,0.0,57.234503000000004,0.0,100.0,CHARGE
2013-06-27 13:30:00,105.00668,43.240925,100.0,1,-61.765755000000006,43.240925,0.0,0.0,61.765755000000006,0.0,100.0,CHARGE
2013-06-27 14:00:00,97.7473,37.115078,100.0,1,-60.632222,37.115078,0.0,0.0,60.632222,0.0,100.0,CHARGE
2013-06-27 14:30:00,90.57348,35.798218,100.0,1,-54.775262000000005,35.798218,0.0,0.0,54.775262000000005,0.0,100.0,CHARGE
2013-06-27 15:00:00,98.71594,20.14963,100.0,1,-78.56631,20.14963,0.0,0.0,78.56631,0.0,100.0,CHARGE
2013-06-27 15:30:00,109.84876,11.369689,100.0,1,-98.479071,11.369689,0.0,0.0,98.479071,0.0,100.0,CHARGE
2013-06-27 16:00:00,127.81401,8.791757,100.0,1,-119.02225299999999,8.791757,0.0,0.0,119.02225299999999,0.0,100.0,CHARGE
2013-06-27 16:30:00,128.70866,5.9016924,100.0,1,-122.80696760000001,5.9016924,0.0,0.0,122.80696760000001,0.0,100.0,CHARGE
2013-06-27 17:00:00,184.9717,0.87655866,100.0,1,-184.09514134,0.87655866,0.0,0.0,184.09514134,0.0,100.0,CHARGE
2013-06-27 17:30:00,212.08456,-0.0887706,100.0,1,-212.1733306,-0.0887706,0.0,0.0,212.1733306,0.0,100.0,CHARGE
2013-06-27 18:00:00,203.65118,-0.06379115,100.0,1,-203.71497115,-0.06379115,0.0,0.0,203.71497115,0.0,100.0,CHARGE
2013-06-27 18:30:00,198.71603,-0.078976996,100.0,1,-198.79500699599998,-0.078976996,0.0,0.0,198.79500699599998,0.0,100.0,CHARGE
2013-06-27 19:00:00,193.40465,-0.07782844,100.0,1,-193.48247844,-0.07782844,0.0,0.0,193.48247844,0.0,100.0,CHARGE
2013-06-27 19:30:00,189.95209,-0.07816164,100.0,1,-190.03025164,-0.07816164,0.0,0.0,190.03025164,0.0,100.0,CHARGE
2013-06-27 20:00:00,186.16956,-0.06936456,100.0,1,-186.23892456,-0.06936456,0.0,0.0,186.23892456,0.0,100.0,CHARGE
2013-06-27 20:30:00,181.78062,-0.07000585,100.0,1,-181.85062585,-0.07000585,0.0,0.0,181.85062585,0.0,100.0,CHARGE
2013-06-27 21:00:00,179.09552,-0.030617287,100.0,1,-179.126137287,-0.030617287,0.0,0.0,179.126137287,0.0,100.0,CHARGE
2013-06-27 21:30:00,170.06683,-0.030617287,100.0,1,-170.09744728700002,-0.030617287,0.0,0.0,170.09744728700002,0.0,100.0,CHARGE
2013-06-27 22:00:00,165.76817,-0.049857344,100.0,1,-165.818027344,-0.049857344,0.0,0.0,165.818027344,0.0,100.0,CHARGE
2013-06-27 22:30:00,161.90346,-0.049857344,100.0,1,-161.953317344,-0.049857344,0.0,0.0,161.953317344,0.0,100.0,CHARGE
2013-06-27 23:00:00,154.30074,0.008313062,100.0,1,-154.29242693799998,0.008313062,0.0,0.0,154.29242693799998,0.0,100.0,CHARGE
2013-06-27 23:30:00,179.26346,0.008313062,100.0,1,-179.255146938,0.008313062,0.0,0.0,179.255146938,0.0,100.0,CHARGE
2013-06-28 00:00:00,196.14923,-0.079458706,100.0,1,-196.22868870599999,-0.079458706,0.0,0.0,196.22868870599999,0.0,100.0,CHARGE
2013-06-28 00:30:00,176.22704,-0.079458706,100.0,1,-176.30649870599999,-0.079458706,0.0,0.0,176.30649870599999,0.0,100.0,CHARGE
2013-06-28 01:00:00,166.74664,0.008313062,100.0,1,-166.738326938,0.008313062,0.0,0.0,166.738326938,0.0,100.0,CHARGE
2013-06-28 01:30:00,135.23676,0.008313062,100.0,1,-135.228446938,0.008313062,0.0,0.0,135.228446938,0.0,100.0,CHARGE
2013-06-28 02:00:00,114.42053,-0.16959167,100.0,1,-114.59012167,-0.16959167,0.0,0.0,114.59012167,0.0,100.0,CHARGE
2013-06-28 02:30:00,87.766685,-0.17132685,100.0,1,-87.93801185,-0.17132685,0.0,0.0,87.93801185,0.0,100.0,CHARGE
2013-06-28 03:00:00,73.81767,0.0065778783,100.0,1,-73.8110921217,0.0065778783,0.0,0.0,73.8110921217,0.0,100.0,CHARGE
2013-06-28 03:30:00,70.32641,0.0065778783,100.0,1,-70.31983212169999,0.0065778783,0.0,0.0,70.31983212169999,0.0,100.0,CHARGE
2013-06-28 04:00:00,70.28012,-0.22525805,100.0,1,-70.50537804999999,-0.22525805,0.0,0.0,70.50537804999999,0.0,100.0,CHARGE
2013-06-28 04:30:00,75.872986,-0.233619,100.0,1,-76.106605,-0.233619,0.0,0.0,76.106605,0.0,100.0,CHARGE
2013-06-28 05:00:00,75.86709,-0.21562879,100.0,1,-76.08271879,-0.21562879,0.0,0.0,76.08271879,0.0,100.0,CHARGE
2013-06-28 05:30:00,93.4298,-0.21562879,100.0,1,-93.64542879,-0.21562879,0.0,0.0,93.64542879,0.0,100.0,CHARGE
2013-06-28 06:00:00,109.65291,-0.21331087,100.0,1,-109.86622087,-0.21331087,0.0,0.0,109.86622087,0.0,100.0,CHARGE
2013-06-28 06:30:00,129.45776,-0.22958551,100.0,1,-129.68734551,-0.22958551,0.0,0.0,129.68734551,0.0,100.0,CHARGE
2013-06-28 07:00:00,153.25758,-0.052603487,100.0,1,-153.310183487,-0.052603487,0.0,0.0,153.310183487,0.0,100.0,CHARGE
2013-06-28 07:30:00,155.48131,0.88267934,100.0,1,-154.59863066,0.88267934,0.0,0.0,154.59863066,0.0,100.0,CHARGE
2013-06-28 08:00:00,153.6146,3.5663614,100.0,1,-150.0482386,3.5663614,0.0,0.0,150.0482386,0.0,100.0,CHARGE
2013-06-28 08:30:00,131.48164,8.83954,100.0,1,-122.6421,8.83954,0.0,0.0,122.6421,0.0,100.0,CHARGE
2013-06-28 09:00:00,120.87216,15.063451,100.0,1,-105.808709,15.063451,0.0,0.0,105.808709,0.0,100.0,CHARGE
2013-06-28 09:30:00,109.53045,18.237522,100.0,1,-91.292928,18.237522,0.0,0.0,91.292928,0.0,100.0,CHARGE
2013-06-28 10:00:00,108.43079,29.75383,100.0,1,-78.67696000000001,29.75383,0.0,0.0,78.67696000000001,0.0,100.0,CHARGE
2013-06-28 10:30:00,108.55194,41.761333,100.0,1,-66.790607,41.761333,0.0,0.0,66.790607,0.0,100.0,CHARGE
2013-06-28 11:00:00,119.29962,48.5265,100.0,1,-70.77312,48.5265,0.0,0.0,70.77312,0.0,100.0,CHARGE
2013-06-28 11:30:00,117.58756,48.420456,100.0,1,-69.167104,48.420456,0.0,0.0,69.167104,0.0,100.0,CHARGE
2013-06-28 12:00:00,110.06251,57.07592,100.0,1,-52.98659,57.07592,0.0,0.0,52.98659,0.0,100.0,CHARGE
2013-06-28 12:30:00,117.31458,62.828255,100.0,1,-54.48632500000001,62.828255,0.0,0.0,54.48632500000001,0.0,100.0,CHARGE
2013-06-28 13:00:00,112.87345,45.889492,100.0,1,-66.983958,45.889492,0.0,0.0,66.983958,0.0,100.0,CHARGE
2013-06-28 13:30:00,102.25176,40.700905,100.0,1,-61.550855000000006,40.700905,0.0,0.0,61.550855000000006,0.0,100.0,CHARGE
2013-06-28 14:00:00,110.472534,20.032852,100.0,1,-90.439682,20.032852,0.0,0.0,90.439682,0.0,100.0,CHARGE
2013-06-28 14:30:00,103.71546,17.42935,100.0,1,-86.28611,17.42935,0.0,0.0,86.28611,0.0,100.0,CHARGE
2013-06-28 15:00:00,103.10468,11.59642,100.0,1,-91.50826,11.59642,0.0,0.0,91.50826,0.0,100.0,CHARGE
2013-06-28 15:30:00,115.50835,9.687776,100.0,1,-105.820574,9.687776,0.0,0.0,105.820574,0.0,100.0,CHARGE
2013-06-28 16:00:00,130.4549,8.763468,100.0,1,-121.691432,8.763468,0.0,0.0,121.691432,0.0,100.0,CHARGE
2013-06-28 16:30:00,159.41599,5.6243734,100.0,1,-153.7916166,5.6243734,0.0,0.0,153.7916166,0.0,100.0,CHARGE
2013-06-28 17:00:00,192.56331,-0.077276535,100.0,1,-192.640586535,-0.077276535,0.0,0.0,192.640586535,0.0,100.0,CHARGE
2013-06-28 17:30:00,211.95132,-0.16221806,100.0,1,-212.11353806,-0.16221806,0.0,0.0,212.11353806,0.0,100.0,CHARGE
2013-06-28 18:00:00,211.01782,-0.14810018,100.0,1,-211.16592018,-0.14810018,0.0,0.0,211.16592018,0.0,100.0,CHARGE
2013-06-28 18:30:00,216.3093,-0.14869402,100.0,1,-216.45799402,-0.14869402,0.0,0.0,216.45799402,0.0,100.0,CHARGE
2013-06-28 19:00:00,204.43849,-0.16587631,100.0,1,-204.60436631,-0.16587631,0.0,0.0,204.60436631,0.0,100.0,CHARGE
2013-06-28 19:30:00,195.2092,-0.16411367,100.0,1,-195.37331367000002,-0.16411367,0.0,0.0,195.37331367000002,0.0,100.0,CHARGE
2013-06-28 20:00:00,199.52295,-0.0775127,100.0,1,-199.6004627,-0.0775127,0.0,0.0,199.6004627,0.0,100.0,CHARGE
2013-06-28 20:30:00,193.79652,-0.07815397,100.0,1,-193.87467396999998,-0.07815397,0.0,0.0,193.87467396999998,0.0,100.0,CHARGE
2013-06-28 21:00:00,182.61877,-0.07935697,100.0,1,-182.69812697,-0.07935697,0.0,0.0,182.69812697,0.0,100.0,CHARGE
2013-06-28 21:30:00,172.64615,-0.07935697,100.0,1,-172.72550697,-0.07935697,0.0,0.0,172.72550697,0.0,100.0,CHARGE
2013-06-28 22:00:00,174.62408,-0.09051235,100.0,1,-174.71459235,-0.09051235,0.0,0.0,174.71459235,0.0,100.0,CHARGE
2013-06-28 22:30:00,162.08253,-0.09051235,100.0,1,-162.17304235,-0.09051235,0.0,0.0,162.17304235,0.0,100.0,CHARGE
2013-06-28 23:00:00,160.67914,-0.25343144,100.0,1,-160.93257144,-0.25343144,0.0,0.0,160.93257144,0.0,100.0,CHARGE
2013-06-28 23:30:00,178.85776,-0.25343144,100.0,1,-179.11119144000003,-0.25343144,0.0,0.0,179.11119144000003,0.0,100.0,CHARGE
2013-06-29 00:00:00,191.48085,-0.23276366,100.0,1,-191.71361366,-0.23276366,0.0,0.0,191.71361366,0.0,100.0,CHARGE
2013-06-29 00:30:00,181.6332,-0.23276366,100.0,1,-181.86596365999998,-0.23276366,0.0,0.0,181.86596365999998,0.0,100.0,CHARGE
2013-06-29 01:00:00,164.43648,-0.23276366,100.0,1,-164.66924365999998,-0.23276366,0.0,0.0,164.66924365999998,0.0,100.0,CHARGE
2013-06-29 01:30:00,136.9233,-0.23276366,100.0,1,-137.15606366,-0.23276366,0.0,0.0,137.15606366,0.0,100.0,CHARGE
2013-06-29 02:00:00,110.97199,-0.06984463,100.0,1,-111.04183463000001,-0.06984463,0.0,0.0,111.04183463000001,0.0,100.0,CHARGE
2013-06-29 02:30:00,94.20626,-0.06963938,100.0,1,-94.27589938,-0.06963938,0.0,0.0,94.27589938,0.0,100.0,CHARGE
2013-06-29 03:00:00,82.59845,-0.088571586,100.0,1,-82.687021586,-0.088571586,0.0,0.0,82.687021586,0.0,100.0,CHARGE
2013-06-29 03:30:00,82.278564,-0.088571586,100.0,1,-82.367135586,-0.088571586,0.0,0.0,82.367135586,0.0,100.0,CHARGE
2013-06-29 04:00:00,78.692635,-0.084709786,100.0,1,-78.777344786,-0.084709786,0.0,0.0,78.777344786,0.0,100.0,CHARGE
2013-06-29 04:30:00,82.39024,-0.09491438,100.0,1,-82.48515438000001,-0.09491438,0.0,0.0,82.48515438000001,0.0,100.0,CHARGE
2013-06-29 05:00:00,79.22306,-0.092466876,100.0,1,-79.315526876,-0.092466876,0.0,0.0,79.315526876,0.0,100.0,CHARGE
2013-06-29 05:30:00,92.04007,-0.092466876,100.0,1,-92.132536876,-0.092466876,0.0,0.0,92.132536876,0.0,100.0,CHARGE
2013-06-29 06:00:00,99.45188,-0.0973755,100.0,1,-99.5492555,-0.0973755,0.0,0.0,99.5492555,0.0,100.0,CHARGE
2013-06-29 06:30:00,111.76851,-0.11609773,100.0,1,-111.88460773000001,-0.11609773,0.0,0.0,111.88460773000001,0.0,100.0,CHARGE
2013-06-29 07:00:00,111.06,-0.10781074,100.0,1,-111.16781074000001,-0.10781074,0.0,0.0,111.16781074000001,0.0,100.0,CHARGE
2013-06-29 07:30:00,119.31314,0.86294186,100.0,1,-118.45019814,0.86294186,0.0,0.0,118.45019814,0.0,100.0,CHARGE
2013-06-29 08:00:00,137.42355,3.3731852,100.0,1,-134.0503648,3.3731852,0.0,0.0,134.0503648,0.0,100.0,CHARGE
2013-06-29 08:30:00,157.7579,6.419736,100.0,1,-151.338164,6.419736,0.0,0.0,151.338164,0.0,100.0,CHARGE
2013-06-29 09:00:00,155.39032,9.224317,100.0,1,-146.166003,9.224317,0.0,0.0,146.166003,0.0,100.0,CHARGE
2013-06-29 09:30:00,153.94028,12.825252,100.0,1,-141.115028,12.825252,0.0,0.0,141.115028,0.0,100.0,CHARGE
2013-06-29 10:00:00,147.62079,15.575334,100.0,1,-132.045456,15.575334,0.0,0.0,132.045456,0.0,100.0,CHARGE
2013-06-29 10:30:00,147.93912,22.235321,100.0,1,-125.703799,22.235321,0.0,0.0,125.703799,0.0,100.0,CHARGE
2013-06-29 11:00:00,150.81746,25.834959,100.0,1,-124.98250100000001,25.834959,0.0,0.0,124.98250100000001,0.0,100.0,CHARGE
2013-06-29 11:30:00,160.54033,26.427137,100.0,1,-134.11319300000002,26.427137,0.0,0.0,134.11319300000002,0.0,100.0,CHARGE
2013-06-29 12:00:00,160.85658,32.14953,100.0,1,-128.70705,32.14953,0.0,0.0,128.70705,0.0,100.0,CHARGE
2013-06-29 12:30:00,155.90971,35.54493,100.0,1,-120.36478,35.54493,0.0,0.0,120.36478,0.0,100.0,CHARGE
2013-06-29 13:00:00,149.22128,31.143747,100.0,1,-118.077533,31.143747,0.0,0.0,118.077533,0.0,100.0,CHARGE
2013-06-29 13:30:00,150.34601,24.271288,100.0,1,-126.07472200000001,24.271288,0.0,0.0,126.07472200000001,0.0,100.0,CHARGE
2013-06-29 14:00:00,150.80629,21.552307,100.0,1,-129.253983,21.552307,0.0,0.0,129.253983,0.0,100.0,CHARGE
2013-06-29 14:30:00,160.408,20.893467,100.0,1,-139.51453299999997,20.893467,0.0,0.0,139.51453299999997,0.0,100.0,CHARGE
2013-06-29 15:00:00,156.16095,15.720617,100.0,1,-140.440333,15.720617,0.0,0.0,140.440333,0.0,100.0,CHARGE
2013-06-29 15:30:00,150.05533,10.409413,100.0,1,-139.645917,10.409413,0.0,0.0,139.645917,0.0,100.0,CHARGE
2013-06-29 16:00:00,168.10278,11.925805,100.0,1,-156.176975,11.925805,0.0,0.0,156.176975,0.0,100.0,CHARGE
2013-06-29 16:30:00,176.14024,5.244566,100.0,1,-170.895674,5.244566,0.0,0.0,170.895674,0.0,100.0,CHARGE
2013-06-29 17:00:00,194.8982,0.73335016,100.0,1,-194.16484984000002,0.73335016,0.0,0.0,194.16484984000002,0.0,100.0,CHARGE
2013-06-29 17:30:00,220.36505,0.028626144,100.0,1,-220.336423856,0.028626144,0.0,0.0,220.336423856,0.0,100.0,CHARGE
2013-06-29 18:00:00,227.00255,-0.12283449,100.0,1,-227.12538449000002,-0.12283449,0.0,0.0,227.12538449000002,0.0,100.0,CHARGE
2013-06-29 18:30:00,214.6092,-0.1091191,100.0,1,-214.71831909999997,-0.1091191,0.0,0.0,214.71831909999997,0.0,100.0,CHARGE
2013-06-29 19:00:00,196.6358,-0.12034494,100.0,1,-196.75614493999998,-0.12034494,0.0,0.0,196.75614493999998,0.0,100.0,CHARGE
2013-06-29 19:30:00,193.47882,-0.11858228,100.0,1,-193.59740228,-0.11858228,0.0,0.0,193.59740228,0.0,100.0,CHARGE
2013-06-29 20:00:00,185.9342,-0.14100686,100.0,1,-186.07520686,-0.14100686,0.0,0.0,186.07520686,0.0,100.0,CHARGE
2013-06-29 20:30:00,180.28502,-0.14164814,100.0,1,-180.42666814,-0.14164814,0.0,0.0,180.42666814,0.0,100.0,CHARGE
2013-06-29 21:00:00,173.3452,-0.1481324,100.0,1,-173.4933324,-0.1481324,0.0,0.0,173.4933324,0.0,100.0,CHARGE
2013-06-29 21:30:00,159.44997,-0.1481324,100.0,1,-159.59810240000002,-0.1481324,0.0,0.0,159.59810240000002,0.0,100.0,CHARGE
2013-06-29 22:00:00,174.62486,-0.1404082,100.0,1,-174.7652682,-0.1404082,0.0,0.0,174.7652682,0.0,100.0,CHARGE
2013-06-29 22:30:00,158.7213,-0.1404082,100.0,1,-158.8617082,-0.1404082,0.0,0.0,158.8617082,0.0,100.0,CHARGE
2013-06-29 23:00:00,159.0962,-0.12936102,100.0,1,-159.22556102000001,-0.12936102,0.0,0.0,159.22556102000001,0.0,100.0,CHARGE
2013-06-29 23:30:00,179.27544,-0.12936102,100.0,1,-179.40480102,-0.12936102,0.0,0.0,179.40480102,0.0,100.0,CHARGE
2013-06-30 00:00:00,197.67766,-0.12936102,100.0,1,-197.80702102,-0.12936102,0.0,0.0,197.80702102,0.0,100.0,CHARGE
2013-06-30 00:30:00,176.41776,-0.12936102,100.0,1,-176.54712102,-0.12936102,0.0,0.0,176.54712102,0.0,100.0,CHARGE
2013-06-30 01:00:00,164.89847,-0.14428315,100.0,1,-165.04275315,-0.14428315,0.0,0.0,165.04275315,0.0,100.0,CHARGE
2013-06-30 01:30:00,134.8093,-0.14428315,100.0,1,-134.95358315000001,-0.14428315,0.0,0.0,134.95358315000001,0.0,100.0,CHARGE
2013-06-30 02:00:00,110.23851,-0.100733876,100.0,1,-110.33924387600001,-0.100733876,0.0,0.0,110.33924387600001,0.0,100.0,CHARGE
2013-06-30 02:30:00,91.68067,-0.10052862,100.0,1,-91.78119862000001,-0.10052862,0.0,0.0,91.78119862000001,0.0,100.0,CHARGE
2013-06-30 03:00:00,79.296196,-0.11613581,100.0,1,-79.41233181,-0.11613581,0.0,0.0,79.41233181,0.0,100.0,CHARGE
2013-06-30 03:30:00,72.23389,-0.11613581,100.0,1,-72.35002581,-0.11613581,0.0,0.0,72.35002581,0.0,100.0,CHARGE
2013-06-30 04:00:00,70.508995,-0.095365144,100.0,1,-70.604360144,-0.095365144,0.0,0.0,70.604360144,0.0,100.0,CHARGE
2013-06-30 04:30:00,72.86601,-0.105569735,100.0,1,-72.971579735,-0.105569735,0.0,0.0,72.971579735,0.0,100.0,CHARGE
2013-06-30 05:00:00,83.25754,-0.13342229,100.0,1,-83.39096229,-0.13342229,0.0,0.0,83.39096229,0.0,100.0,CHARGE
2013-06-30 05:30:00,99.74056,-0.13342229,100.0,1,-99.87398229,-0.13342229,0.0,0.0,99.87398229,0.0,100.0,CHARGE
2013-06-30 06:00:00,86.775826,-0.13290933,100.0,1,-86.90873533,-0.13290933,0.0,0.0,86.90873533,0.0,100.0,CHARGE
2013-06-30 06:30:00,95.646225,-0.1491841,100.0,1,-95.7954091,-0.1491841,0.0,0.0,95.7954091,0.0,100.0,CHARGE
2013-06-30 07:00:00,106.9534,-0.10979823,100.0,1,-107.06319823,-0.10979823,0.0,0.0,107.06319823,0.0,100.0,CHARGE
2013-06-30 07:30:00,115.41422,0.86907876,100.0,1,-114.54514124,0.86907876,0.0,0.0,114.54514124,0.0,100.0,CHARGE
2013-06-30 08:00:00,121.094215,3.3809025,100.0,1,-117.7133125,3.3809025,0.0,0.0,117.7133125,0.0,100.0,CHARGE
2013-06-30 08:30:00,160.92014,6.7826242,100.0,1,-154.13751580000002,6.7826242,0.0,0.0,154.13751580000002,0.0,100.0,CHARGE
2013-06-30 09:00:00,165.0559,10.598879,100.0,1,-154.457021,10.598879,0.0,0.0,154.457021,0.0,100.0,CHARGE
2013-06-30 09:30:00,154.48653,15.1989,100.0,1,-139.28762999999998,15.1989,0.0,0.0,139.28762999999998,0.0,100.0,CHARGE
2013-06-30 10:00:00,150.86203,21.2199,100.0,1,-129.64213,21.2199,0.0,0.0,129.64213,0.0,100.0,CHARGE
2013-06-30 10:30:00,150.41386,36.586483,100.0,1,-113.827377,36.586483,0.0,0.0,113.827377,0.0,100.0,CHARGE
2013-06-30 11:00:00,150.56624,54.867477,100.0,1,-95.69876299999999,54.867477,0.0,0.0,95.69876299999999,0.0,100.0,CHARGE
2013-06-30 11:30:00,152.66699,56.95166,100.0,1,-95.71533,56.95166,0.0,0.0,95.71533,0.0,100.0,CHARGE
2013-06-30 12:00:00,153.6744,47.834236,100.0,1,-105.84016399999999,47.834236,0.0,0.0,105.84016399999999,0.0,100.0,CHARGE
2013-06-30 12:30:00,159.17554,52.50474,100.0,1,-106.67080000000001,52.50474,0.0,0.0,106.67080000000001,0.0,100.0,CHARGE
2013-06-30 13:00:00,150.50473,41.742336,100.0,1,-108.762394,41.742336,0.0,0.0,108.762394,0.0,100.0,CHARGE
2013-06-30 13:30:00,145.35674,52.683704,100.0,1,-92.673036,52.683704,0.0,0.0,92.673036,0.0,100.0,CHARGE
2013-06-30 14:00:00,143.4166,36.417854,100.0,1,-106.99874599999998,36.417854,0.0,0.0,106.99874599999998,0.0,100.0,CHARGE
2013-06-30 14:30:00,151.96352,30.966948,100.0,1,-120.99657199999999,30.966948,0.0,0.0,120.99657199999999,0.0,100.0,CHARGE
2013-06-30 15:00:00,147.62415,24.114428,100.0,1,-123.50972199999998,24.114428,0.0,0.0,123.50972199999998,0.0,100.0,CHARGE
2013-06-30 15:30:00,162.12402,21.067553,100.0,1,-141.056467,21.067553,0.0,0.0,141.056467,0.0,100.0,CHARGE
2013-06-30 16:00:00,169.20293,15.291872,100.0,1,-153.911058,15.291872,0.0,0.0,153.911058,0.0,100.0,CHARGE
2013-06-30 16:30:00,187.4458,5.925918,100.0,1,-181.519882,5.925918,0.0,0.0,181.519882,0.0,100.0,CHARGE
2013-06-30 17:00:00,198.23111,0.763454,100.0,1,-197.467656,0.763454,0.0,0.0,197.467656,0.0,100.0,CHARGE
2013-06-30 17:30:00,221.34813,0.26596215,100.0,1,-221.08216785,0.26596215,0.0,0.0,221.08216785,0.0,100.0,CHARGE
2013-06-30 18:00:00,235.04341,0.055730097,100.0,1,-234.987679903,0.055730097,0.0,0.0,234.987679903,0.0,100.0,CHARGE
2013-06-30 18:30:00,230.17722,0.04195571,100.0,1,-230.13526429,0.04195571,0.0,0.0,230.13526429,0.0,100.0,CHARGE
2013-06-30 19:00:00,202.71782,0.5742178,100.0,1,-202.14360219999998,0.5742178,0.0,0.0,202.14360219999998,0.0,100.0,CHARGE
2013-06-30 19:30:00,193.69139,0.5736625,100.0,1,-193.1177275,0.5736625,0.0,0.0,193.1177275,0.0,100.0,CHARGE
2013-06-30 20:00:00,195.30736,0.57899123,100.0,1,-194.72836876999997,0.57899123,0.0,0.0,194.72836876999997,0.0,100.0,CHARGE
2013-06-30 20:30:00,183.53033,0.5783499,100.0,1,-182.9519801,0.5783499,0.0,0.0,182.9519801,0.0,100.0,CHARGE
2013-06-30 21:00:00,175.30571,0.4781861,100.0,1,-174.82752390000002,0.4781861,0.0,0.0,174.82752390000002,0.0,100.0,CHARGE
2013-06-30 21:30:00,167.3505,0.4781861,100.0,1,-166.87231390000002,0.4781861,0.0,0.0,166.87231390000002,0.0,100.0,CHARGE
2013-06-30 22:00:00,172.66434,0.5806761,100.0,1,-172.0836639,0.5806761,0.0,0.0,172.0836639,0.0,100.0,CHARGE
2013-06-30 22:30:00,156.4878,0.5806761,100.0,1,-155.9071239,0.5806761,0.0,0.0,155.9071239,0.0,100.0,CHARGE
