Timestamp,Actual_Load_kWh,Predicted_Load_kWh,Error,Absolute_Error
2013-05-08 06:30:00,117.116,107.88427,-9.231730285644531,9.231730285644531
2013-05-08 07:00:00,108.571,110.46681,1.8958121337890645,1.8958121337890645
2013-05-08 07:30:00,104.717,106.939316,2.2223157958984388,2.2223157958984388
2013-05-08 08:00:00,102.089,94.856636,-7.232363952636717,7.232363952636717
2013-05-08 08:30:00,92.435,94.67004,2.2350363159179665,2.2350363159179665
2013-05-08 09:00:00,83.608,87.22598,3.617982666015621,3.617982666015621
2013-05-08 09:30:00,87.648,80.47118,-7.176816223144527,7.176816223144527
2013-05-08 10:00:00,87.356,83.274155,-4.081845336914057,4.081845336914057
2013-05-08 10:30:00,85.297,85.11824,-0.17875964355468454,0.17875964355468454
2013-05-08 11:00:00,75.26,81.60877,6.348772277832026,6.348772277832026
2013-05-08 11:30:00,76.284,75.93766,-0.3463397827148498,0.3463397827148498
2013-05-08 12:00:00,76.805,75.540596,-1.2644039916992256,1.2644039916992256
2013-05-08 12:30:00,74.921,76.054985,1.1339850463867123,1.1339850463867123
2013-05-08 13:00:00,73.617,74.35633,0.7393308715820268,0.7393308715820268
2013-05-08 13:30:00,70.061,73.57577,3.5147675170898367,3.5147675170898367
2013-05-08 14:00:00,65.226,69.59092,4.364919494628907,4.364919494628907
2013-05-08 14:30:00,65.937,70.194565,4.25756481933594,4.25756481933594
2013-05-08 15:00:00,69.048,69.64958,0.6015819091796857,0.6015819091796857
2013-05-08 15:30:00,72.779,72.64809,-0.13091345214843386,0.13091345214843386
2013-05-08 16:00:00,82.015,79.73754,-2.277458801269532,2.277458801269532
2013-05-08 16:30:00,101.292,92.523506,-8.76849383544922,8.76849383544922
2013-05-08 17:00:00,124.174,120.04873,-4.125271057128913,4.125271057128913
2013-05-08 17:30:00,151.285,144.11435,-7.170650634765622,7.170650634765622
2013-05-08 18:00:00,147.021,165.87268,18.851680664062513,18.851680664062513
2013-05-08 18:30:00,140.941,145.3339,4.3928928222656225,4.3928928222656225
2013-05-08 19:00:00,137.82,134.7764,-3.043602294921868,3.043602294921868
2013-05-08 19:30:00,130.438,134.11006,3.6720616455078243,3.6720616455078243
2013-05-08 20:00:00,132.63,135.11427,2.484273071289067,2.484273071289067
2013-05-08 20:30:00,125.014,129.72464,4.710639892578129,4.710639892578129
2013-05-08 21:00:00,119.58,121.862785,2.2827853393554705,2.2827853393554705
2013-05-08 21:30:00,113.577,116.165764,2.5887638549804706,2.5887638549804706
2013-05-08 22:00:00,120.562,116.02669,-4.535312377929685,4.535312377929685
2013-05-08 22:30:00,116.14,117.88691,1.7469094848632807,1.7469094848632807
2013-05-08 23:00:00,132.634,118.94098,-13.693020996093736,13.693020996093736
2013-05-08 23:30:00,144.287,145.92357,1.6365687255859314,1.6365687255859314
2013-05-09 00:00:00,172.075,149.00859,-23.0664093017578,23.0664093017578
2013-05-09 00:30:00,136.847,150.91322,14.066223266601554,14.066223266601554
2013-05-09 01:00:00,113.495,121.397255,7.902254943847652,7.902254943847652
2013-05-09 01:30:00,95.288,97.54009,2.252092468261722,2.252092468261722
2013-05-09 02:00:00,79.321,79.59569,0.27468786621093955,0.27468786621093955
2013-05-09 02:30:00,66.333,65.27283,-1.0601728515624984,1.0601728515624984
2013-05-09 03:00:00,62.381,62.267975,-0.11302514648437523,0.11302514648437523
2013-05-09 03:30:00,57.551,61.23907,3.6880708923339824,3.6880708923339824
2013-05-09 04:00:00,52.48,60.181927,7.701926727294925,7.701926727294925
2013-05-09 04:30:00,53.381,60.69023,7.309231323242187,7.309231323242187
2013-05-09 05:00:00,72.242,65.16001,-7.081988708496098,7.081988708496098
2013-05-09 05:30:00,74.235,78.394035,4.159035339355469,4.159035339355469
2013-05-09 06:00:00,93.08,88.87688,-4.203123168945311,4.203123168945311
2013-05-09 06:30:00,123.111,107.48432,-15.626678405761723,15.626678405761723
2013-05-09 07:00:00,109.964,113.451675,3.487675415039064,3.487675415039064
2013-05-09 07:30:00,110.024,108.41942,-1.6045816650390634,1.6045816650390634
2013-05-09 08:00:00,95.639,101.26824,5.629241882324223,5.629241882324223
2013-05-09 08:30:00,95.498,91.00631,-4.491690490722661,4.491690490722661
2013-05-09 09:00:00,82.623,87.4929,4.869897033691402,4.869897033691402
2013-05-09 09:30:00,77.625,79.66688,2.0418777465820312,2.0418777465820312
2013-05-09 10:00:00,69.104,77.42121,8.317211242675782,8.317211242675782
2013-05-09 10:30:00,78.428,72.72638,-5.701620605468747,5.701620605468747
2013-05-09 11:00:00,69.437,76.284,6.846996582031252,6.846996582031252
2013-05-09 11:30:00,70.183,70.82582,0.6428209228515556,0.6428209228515556
2013-05-09 12:00:00,73.913,70.021675,-3.8913248901367155,3.8913248901367155
2013-05-09 12:30:00,73.466,73.91245,0.4464526977539123,0.4464526977539123
2013-05-09 13:00:00,68.357,72.30384,3.946840637207032,3.946840637207032
2013-05-09 13:30:00,66.607,69.14819,2.5411933593750007,2.5411933593750007
2013-05-09 14:00:00,67.532,67.76448,0.23248059082031602,0.23248059082031602
2013-05-09 14:30:00,63.95,68.53429,4.584286499023435,4.584286499023435
2013-05-09 15:00:00,63.756,70.2798,6.523800415039062,6.523800415039062
2013-05-09 15:30:00,66.129,72.34217,6.213170715332026,6.213170715332026
2013-05-09 16:00:00,78.426,72.95634,-5.469663024902346,5.469663024902346
2013-05-09 16:30:00,88.18599999999999,88.18889,0.0028885498046946623,0.0028885498046946623
2013-05-09 17:00:00,113.763,109.36133,-4.401671875000005,4.401671875000005
2013-05-09 17:30:00,143.543,140.02155,-3.5214545898437564,3.5214545898437564
2013-05-09 18:00:00,146.167,153.19508,7.028083618164061,7.028083618164061
2013-05-09 18:30:00,145.532,143.97545,-1.5565513916015732,1.5565513916015732
2013-05-09 19:00:00,141.174,138.35663,-2.8173715820312566,2.8173715820312566
2013-05-09 19:30:00,135.346,135.09868,-0.24732141113281614,0.24732141113281614
2013-05-09 20:00:00,128.719,136.98328,8.264276367187506,8.264276367187506
2013-05-09 20:30:00,126.066,130.82718,4.7611789550781225,4.7611789550781225
2013-05-09 21:00:00,112.986,122.90223,9.916229309082027,9.916229309082027
2013-05-09 21:30:00,115.09,112.49435,-2.5956533813476597,2.5956533813476597
2013-05-09 22:00:00,121.023,116.09946,-4.923543212890621,4.923543212890621
2013-05-09 22:30:00,119.243,116.684555,-2.5584449462890575,2.5584449462890575
2013-05-09 23:00:00,130.593,120.92,-9.673001831054677,9.673001831054677
2013-05-09 23:30:00,155.188,143.04758,-12.140423095703113,12.140423095703113
2013-05-10 00:00:00,169.498,152.7985,-16.699507568359365,16.699507568359365
2013-05-10 00:30:00,131.042,148.2143,17.17229443359375,17.17229443359375
2013-05-10 01:00:00,104.37,120.825294,16.4552944946289,16.4552944946289
2013-05-10 01:30:00,88.334,93.96185,5.627853027343747,5.627853027343747
2013-05-10 02:00:00,76.114,75.52781,-0.5861908569335981,0.5861908569335981
2013-05-10 02:30:00,64.657,65.41439,0.7573905639648473,0.7573905639648473
2013-05-10 03:00:00,54.7,62.166897,7.4668968200683565,7.4668968200683565
2013-05-10 03:30:00,58.097,60.117584,2.0205842285156237,2.0205842285156237
2013-05-10 04:00:00,56.317,60.71211,4.395108612060547,4.395108612060547
2013-05-10 04:30:00,54.098,60.955536,6.857535888671876,6.857535888671876
2013-05-10 05:00:00,68.318,64.25112,-4.066878479003904,4.066878479003904
2013-05-10 05:30:00,70.255,75.21948,4.9644824218750045,4.9644824218750045
2013-05-10 06:00:00,90.25,83.785736,-6.464263916015625,6.464263916015625
2013-05-10 06:30:00,101.065,105.75253,4.687532958984377,4.687532958984377
2013-05-10 07:00:00,97.044,105.400604,8.356604248046878,8.356604248046878
2013-05-10 07:30:00,101.466,107.48954,6.023540100097662,6.023540100097662
2013-05-10 08:00:00,94.876,95.62895,0.7529520263671827,0.7529520263671827
2013-05-10 08:30:00,94.768,89.11073,-5.657266967773438,5.657266967773438
2013-05-10 09:00:00,88.867,88.321266,-0.5457338256835982,0.5457338256835982
2013-05-10 09:30:00,72.809,83.68244,10.873441711425784,10.873441711425784
2013-05-10 10:00:00,69.921,75.795685,5.8746848144531185,5.8746848144531185
2013-05-10 10:30:00,73.432,72.68307,-0.7489326782226584,0.7489326782226584
2013-05-10 11:00:00,68.175,73.401276,5.226275634765628,5.226275634765628
2013-05-10 11:30:00,67.219,69.97482,2.755822998046881,2.755822998046881
2013-05-10 12:00:00,73.789,69.99585,-3.7931503906250015,3.7931503906250015
2013-05-10 12:30:00,73.158,75.45155,2.2935533447265612,2.2935533447265612
2013-05-10 13:00:00,68.924,73.25076,4.326762939453118,4.326762939453118
2013-05-10 13:30:00,72.532,69.19239,-3.3396095581054652,3.3396095581054652
2013-05-10 14:00:00,66.557,71.251564,4.694564025878904,4.694564025878904
2013-05-10 14:30:00,70.128,68.201614,-1.9263856201171876,1.9263856201171876
2013-05-10 15:00:00,69.955,70.40125,0.44625274658203296,0.44625274658203296
2013-05-10 15:30:00,72.101,71.91841,-0.1825887451171866,0.1825887451171866
2013-05-10 16:00:00,81.723,77.24944,-4.47355694580078,4.47355694580078
2013-05-10 16:30:00,91.923,91.128075,-0.7949253540039081,0.7949253540039081
2013-05-10 17:00:00,111.739,109.85986,-1.8791367187500043,1.8791367187500043
2013-05-10 17:30:00,137.9,135.09972,-2.800283813476568,2.800283813476568
2013-05-10 18:00:00,143.444,152.9308,9.486801391601574,9.486801391601574
2013-05-10 18:30:00,135.169,144.1381,8.969107299804676,8.969107299804676
2013-05-10 19:00:00,126.6,128.53702,1.9370178222656307,1.9370178222656307
2013-05-10 19:30:00,125.067,126.807,1.7399992065429757,1.7399992065429757
2013-05-10 20:00:00,127.525,132.12149,4.596490478515619,4.596490478515619
2013-05-10 20:30:00,125.359,125.93778,0.5787822875976616,0.5787822875976616
2013-05-10 21:00:00,122.089,121.26241,-0.8265869750976549,0.8265869750976549
2013-05-10 21:30:00,117.301,116.90728,-0.3937200317382832,0.3937200317382832
2013-05-10 22:00:00,128.793,118.713974,-10.079026000976569,10.079026000976569
2013-05-10 22:30:00,116.037,125.53488,9.497881591796869,9.497881591796869
2013-05-10 23:00:00,136.549,117.99816,-18.550838684082038,18.550838684082038
2013-05-10 23:30:00,160.259,155.72998,-4.529019531249986,4.529019531249986
2013-05-11 00:00:00,172.024,156.72585,-15.298154663085938,15.298154663085938
2013-05-11 00:30:00,136.686,149.76231,13.07631384277343,13.07631384277343
2013-05-11 01:00:00,110.482,119.71295,9.23095166015625,9.23095166015625
2013-05-11 01:30:00,91.629,97.423546,5.794545837402339,5.794545837402339
2013-05-11 02:00:00,81.11,78.21253,-2.897467956542968,2.897467956542968
2013-05-11 02:30:00,62.466,67.38727,4.921268066406249,4.921268066406249
2013-05-11 03:00:00,63.239,59.917587,-3.3214127197265597,3.3214127197265597
2013-05-11 03:30:00,56.235,60.37508,4.140080108642579,4.140080108642579
2013-05-11 04:00:00,57.599,59.17917,1.5801687011718784,1.5801687011718784
2013-05-11 04:30:00,53.388,59.04257,5.654568206787111,5.654568206787111
2013-05-11 05:00:00,61.622,60.128807,-1.4931929321289061,1.4931929321289061
2013-05-11 05:30:00,63.375,68.612015,5.2370147705078125,5.2370147705078125
2013-05-11 06:00:00,72.43599999999999,75.117134,2.6811340942382884,2.6811340942382884
2013-05-11 06:30:00,82.481,85.31985,2.838847106933599,2.838847106933599
2013-05-11 07:00:00,93.582,89.62688,-3.955123168945306,3.955123168945306
2013-05-11 07:30:00,99.529,102.678215,3.1492150268554724,3.1492150268554724
2013-05-11 08:00:00,110.814,104.26106,-6.5529373779296805,6.5529373779296805
2013-05-11 08:30:00,108.524,109.12756,0.6035634765624991,0.6035634765624991
2013-05-11 09:00:00,108.767,104.2226,-4.544397155761715,4.544397155761715
2013-05-11 09:30:00,104.42,103.32413,-1.0958728027343767,1.0958728027343767
2013-05-11 10:00:00,105.052,102.18005,-2.8719462890625067,2.8719462890625067
2013-05-11 10:30:00,106.111,102.33079,-3.780212341308598,3.780212341308598
2013-05-11 11:00:00,97.504,103.07707,5.573072143554683,5.573072143554683
2013-05-11 11:30:00,97.526,98.213715,0.6877145996093788,0.6877145996093788
2013-05-11 12:00:00,99.732,96.19858,-3.5334221191406243,3.5334221191406243
2013-05-11 12:30:00,100.257,98.398254,-1.858745605468755,1.858745605468755
2013-05-11 13:00:00,100.652,98.06366,-2.588340332031251,2.588340332031251
2013-05-11 13:30:00,93.021,98.7176,5.6965979614257805,5.6965979614257805
2013-05-11 14:00:00,93.08,90.09968,-2.980321960449217,2.980321960449217
2013-05-11 14:30:00,94.587,89.02146,-5.565538513183597,5.565538513183597
2013-05-11 15:00:00,95.096,92.5602,-2.53579644775391,2.53579644775391
2013-05-11 15:30:00,101.342,96.85621,-4.4857911987304675,4.4857911987304675
2013-05-11 16:00:00,114.245,105.914215,-8.33078491210938,8.33078491210938
2013-05-11 16:30:00,125.798,127.38624,1.5882380981445294,1.5882380981445294
2013-05-11 17:00:00,135.142,138.22884,3.0868360595703166,3.0868360595703166
2013-05-11 17:30:00,145.777,147.28386,1.5068592529297007,1.5068592529297007
2013-05-11 18:00:00,150.539,154.37102,3.8320174560547002,3.8320174560547002
2013-05-11 18:30:00,140.352,147.36876,7.016759155273434,7.016759155273434
2013-05-11 19:00:00,126.481,136.00763,9.526629394531255,9.526629394531255
2013-05-11 19:30:00,120.14,129.24655,9.106551513671874,9.106551513671874
2013-05-11 20:00:00,118.286,127.13319,8.84718634033203,8.84718634033203
2013-05-11 20:30:00,110.227,119.220764,8.993764160156246,8.993764160156246
2013-05-11 21:00:00,106.257,110.166534,3.90953442382812,3.90953442382812
2013-05-11 21:30:00,108.42,107.88368,-0.5363177490234392,0.5363177490234392
2013-05-11 22:00:00,116.922,111.33823,-5.583773681640622,5.583773681640622
2013-05-11 22:30:00,112.436,114.802704,2.366703857421868,2.366703857421868
2013-05-11 23:00:00,134.884,117.09552,-17.788479980468736,17.788479980468736
2013-05-11 23:30:00,149.578,141.22997,-8.348034790039065,8.348034790039065
2013-05-12 00:00:00,170.053,149.16779,-20.885214355468747,20.885214355468747
2013-05-12 00:30:00,142.945,149.36116,6.416160278320319,6.416160278320319
2013-05-12 01:00:00,114.744,127.22066,12.476657348632813,12.476657348632813
2013-05-12 01:30:00,100.088,99.12775,-0.9602534179687439,0.9602534179687439
2013-05-12 02:00:00,80.973,81.20304,0.23004107666015727,0.23004107666015727
2013-05-12 02:30:00,72.647,68.344,-4.302998229980474,4.302998229980474
2013-05-12 03:00:00,63.81,65.07843,1.2684301757812477,1.2684301757812477
2013-05-12 03:30:00,65.491,63.172028,-2.3189724121093747,2.3189724121093747
2013-05-12 04:00:00,57.873,63.847878,5.974877502441409,5.974877502441409
2013-05-12 04:30:00,58.788,61.589603,2.801603424072269,2.801603424072269
2013-05-12 05:00:00,64.917,63.825253,-1.0917474670410172,1.0917474670410172
2013-05-12 05:30:00,66.107,70.15044,4.043436401367188,4.043436401367188
2013-05-12 06:00:00,67.55,73.060394,5.510394287109378,5.510394287109378
2013-05-12 06:30:00,78.88,77.56218,-1.317820434570308,1.317820434570308
2013-05-12 07:00:00,92.096,84.74981,-7.346190734863285,7.346190734863285
2013-05-12 07:30:00,107.814,102.38014,-5.4338577880859305,5.4338577880859305
2013-05-12 08:00:00,110.263,107.24556,-3.0174403076171927,3.0174403076171927
2013-05-12 08:30:00,118.883,108.06511,-10.817890747070308,10.817890747070308
2013-05-12 09:00:00,115.436,112.66052,-2.775477539062507,2.775477539062507
2013-05-12 09:30:00,113.488,109.99755,-3.490449035644531,3.490449035644531
2013-05-12 10:00:00,109.794,107.5677,-2.2262967529296844,2.2262967529296844
2013-05-12 10:30:00,100.041,104.81747,4.776466735839847,4.776466735839847
2013-05-12 11:00:00,94.489,97.92201,3.433012329101558,3.433012329101558
2013-05-12 11:30:00,94.475,92.063965,-2.4110351562499943,2.4110351562499943
2013-05-12 12:00:00,93.748,91.23346,-2.5145405273437547,2.5145405273437547
2013-05-12 12:30:00,94.682,91.17662,-3.5053795166015647,3.5053795166015647
2013-05-12 13:00:00,82.629,91.31855,8.689550109863276,8.689550109863276
2013-05-12 13:30:00,81.55199999999999,82.85646,1.30446057128907,1.30446057128907
2013-05-12 14:00:00,79.175,80.21986,1.044856262207034,1.044856262207034
2013-05-12 14:30:00,83.444,79.11541,-4.328590148925784,4.328590148925784
2013-05-12 15:00:00,75.784,83.06129,7.277286926269525,7.277286926269525
2013-05-12 15:30:00,83.26,81.30063,-1.9593713378906301,1.9593713378906301
2013-05-12 16:00:00,86.611,89.344406,2.7334061279296833,2.7334061279296833
2013-05-12 16:30:00,101.46,96.46388,-4.996117553710931,4.996117553710931
2013-05-12 17:00:00,129.368,123.45216,-5.9158363037109325,5.9158363037109325
2013-05-12 17:30:00,148.787,149.1509,0.36389416503905636,0.36389416503905636
2013-05-12 18:00:00,148.395,159.42538,11.030384521484365,11.030384521484365
2013-05-12 18:30:00,143.012,147.31516,4.3031550292968745,4.3031550292968745
2013-05-12 19:00:00,138.977,141.4552,2.478200195312496,2.478200195312496
2013-05-12 19:30:00,126.792,138.42755,11.635551269531248,11.635551269531248
2013-05-12 20:00:00,127.182,132.16722,4.985221069335935,4.985221069335935
2013-05-12 20:30:00,119.91,125.34977,5.43976959228516,5.43976959228516
2013-05-12 21:00:00,115.997,116.30893,0.3119294433593751,0.3119294433593751
2013-05-12 21:30:00,110.734,112.297485,1.5634853515625053,1.5634853515625053
2013-05-12 22:00:00,116.724,112.11718,-4.606820129394535,4.606820129394535
2013-05-12 22:30:00,116.205,115.01994,-1.1850567626953108,1.1850567626953108
2013-05-12 23:00:00,124.146,118.21232,-5.9336815795898445,5.9336815795898445
2013-05-12 23:30:00,161.77,130.79922,-30.970775146484385,30.970775146484385
2013-05-13 00:00:00,160.375,159.09802,-1.2769775390625,1.2769775390625
2013-05-13 00:30:00,130.762,136.92908,6.1670771484374995,6.1670771484374995
2013-05-13 01:00:00,116.862,120.8844,4.022399414062505,4.022399414062505
2013-05-13 01:30:00,98.53,98.35753,-0.17247131347656364,0.17247131347656364
2013-05-13 02:00:00,81.70400000000001,83.06099,1.3569893798828048,1.3569893798828048
2013-05-13 02:30:00,71.281,67.0008,-4.280198913574225,4.280198913574225
2013-05-13 03:00:00,65.93299999999999,64.00012,-1.9328779296874927,1.9328779296874927
2013-05-13 03:30:00,55.542,63.30684,7.764838989257811,7.764838989257811
2013-05-13 04:00:00,54.742,60.915733,6.173733337402346,6.173733337402346
2013-05-13 04:30:00,57.529,62.283302,4.754302307128903,4.754302307128903
2013-05-13 05:00:00,58.898,64.962296,6.064295532226559,6.064295532226559
2013-05-13 05:30:00,61.481,71.74509,10.264086669921873,10.264086669921873
2013-05-13 06:00:00,79.453,80.67941,1.226412841796872,1.226412841796872
2013-05-13 06:30:00,109.831,99.39999,-10.43101373291016,10.43101373291016
2013-05-13 07:00:00,104.153,107.009415,2.8564146728515567,2.8564146728515567
2013-05-13 07:30:00,108.868,105.83298,-3.03502270507812,3.03502270507812
2013-05-13 08:00:00,112.409,102.01748,-10.391521057128912,10.391521057128912
2013-05-13 08:30:00,103.04,106.575516,3.5355157470703062,3.5355157470703062
2013-05-13 09:00:00,93.927,99.8718,5.9448032836913995,5.9448032836913995
2013-05-13 09:30:00,88.151,88.654205,0.5032053222656288,0.5032053222656288
2013-05-13 10:00:00,84.4,86.2146,1.8145996093749943,1.8145996093749943
2013-05-13 10:30:00,80.65,83.00442,2.354417419433588,2.354417419433588
2013-05-13 11:00:00,78.488,79.88003,1.3920277709960942,1.3920277709960942
2013-05-13 11:30:00,80.816,77.76262,-3.053380981445315,3.053380981445315
2013-05-13 12:00:00,78.141,78.30772,0.1667163696289009,0.1667163696289009
2013-05-13 12:30:00,81.196,78.39777,-2.7982262573242167,2.7982262573242167
2013-05-13 13:00:00,86.769,78.99787,-7.771128601074224,7.771128601074224
2013-05-13 13:30:00,89.781,84.14887,-5.632127624511725,5.632127624511725
2013-05-13 14:00:00,87.161,84.206726,-2.9542739257812514,2.9542739257812514
2013-05-13 14:30:00,80.147,83.43183,3.2848313598632757,3.2848313598632757
2013-05-13 15:00:00,77.803,79.25621,1.4532103271484402,1.4532103271484402
2013-05-13 15:30:00,85.648,81.02662,-4.621381042480465,4.621381042480465
2013-05-13 16:00:00,92.561,90.20329,-2.3577071533203195,2.3577071533203195
2013-05-13 16:30:00,113.001,103.75325,-9.247749877929692,9.247749877929692
2013-05-13 17:00:00,136.822,133.44783,-3.3741697998046902,3.3741697998046902
2013-05-13 17:30:00,171.424,155.912,-15.511997436523444,15.511997436523444
2013-05-13 18:00:00,173.506,168.05498,-5.451022583007813,5.451022583007813
2013-05-13 18:30:00,156.474,161.42319,4.9491872558593855,4.9491872558593855
2013-05-13 19:00:00,147.006,146.92249,-0.08351464843750023,0.08351464843750023
2013-05-13 19:30:00,145.631,145.47551,-0.15549035644531273,0.15549035644531273
2013-05-13 20:00:00,132.789,149.34966,16.5606551513672,16.5606551513672
2013-05-13 20:30:00,130.923,134.35287,3.429874755859373,3.429874755859373
2013-05-13 21:00:00,120.283,126.67383,6.390828124999999,6.390828124999999
2013-05-13 21:30:00,119.085,117.75529,-1.3297128295898375,1.3297128295898375
2013-05-13 22:00:00,122.337,118.89805,-3.438951599121097,3.438951599121097
2013-05-13 22:30:00,123.024,116.92983,-6.094167541503907,6.094167541503907
2013-05-13 23:00:00,135.75,121.51736,-14.232643127441406,14.232643127441406
2013-05-13 23:30:00,167.715,142.73888,-24.976123657226566,24.976123657226566
2013-05-14 00:00:00,175.548,169.9678,-5.580196044921877,5.580196044921877
2013-05-14 00:30:00,148.065,149.0929,1.0278955078125023,1.0278955078125023
2013-05-14 01:00:00,117.113,127.902016,10.789015686035157,10.789015686035157
2013-05-14 01:30:00,104.421,95.37534,-9.0456566772461,9.0456566772461
2013-05-14 02:00:00,79.614,89.12477,9.510771118164058,9.510771118164058
2013-05-14 02:30:00,68.23,68.65513,0.42512847900390227,0.42512847900390227
2013-05-14 03:00:00,69.416,66.184875,-3.231124511718747,3.231124511718747
2013-05-14 03:30:00,60.062,65.85359,5.791591918945315,5.791591918945315
2013-05-14 04:00:00,54.809,63.473156,8.6641559753418,8.6641559753418
2013-05-14 04:30:00,60.486,64.80983,4.323829711914065,4.323829711914065
2013-05-14 05:00:00,63.943,66.88435,2.9413536376953147,2.9413536376953147
2013-05-14 05:30:00,70.432,70.33964,-0.09236224365234591,0.09236224365234591
2013-05-14 06:00:00,78.614,81.8433,3.229299865722652,3.229299865722652
2013-05-14 06:30:00,108.695,95.732346,-12.962654418945306,12.962654418945306
2013-05-14 07:00:00,104.325,109.55103,5.226033020019528,5.226033020019528
2013-05-14 07:30:00,112.26,107.06581,-5.194188842773443,5.194188842773443
2013-05-14 08:00:00,110.164,107.54669,-2.6173081054687515,2.6173081054687515
2013-05-14 08:30:00,108.065,108.84737,0.7823663330078148,0.7823663330078148
2013-05-14 09:00:00,97.847,99.697556,1.8505555419921933,1.8505555419921933
2013-05-14 09:30:00,90.915,93.28321,2.368210754394525,2.368210754394525
2013-05-14 10:00:00,92.055,87.72627,-4.328727416992194,4.328727416992194
2013-05-14 10:30:00,92.244,89.266136,-2.977863830566406,2.977863830566406
2013-05-14 11:00:00,92.454,88.95983,-3.4941687622070248,3.4941687622070248
2013-05-14 11:30:00,94.857,88.700966,-6.156034118652343,6.156034118652343
2013-05-14 12:00:00,92.674,89.227554,-3.446445678710944,3.446445678710944
2013-05-14 12:30:00,82.717,88.23812,5.521121032714845,5.521121032714845
2013-05-14 13:00:00,77.773,80.565216,2.792216064453129,2.792216064453129
2013-05-14 13:30:00,77.96,76.241615,-1.7183847045898375,1.7183847045898375
2013-05-14 14:00:00,75.42,74.53981,-0.8801898193359392,0.8801898193359392
2013-05-14 14:30:00,73.28,72.9047,-0.3752987670898449,0.3752987670898449
2013-05-14 15:00:00,73.777,74.29949,0.5224918823242177,0.5224918823242177
2013-05-14 15:30:00,75.251,78.82684,3.5758432617187452,3.5758432617187452
2013-05-14 16:00:00,81.822,80.9609,-0.861100646972659,0.861100646972659
2013-05-14 16:30:00,101.327,91.45344,-9.873562194824217,9.873562194824217
2013-05-14 17:00:00,138.668,129.08583,-9.582169311523444,9.582169311523444
2013-05-14 17:30:00,159.213,158.20265,-1.0103480224609314,1.0103480224609314
2013-05-14 18:00:00,155.276,169.18707,13.91107275390624,13.91107275390624
2013-05-14 18:30:00,150.616,158.11723,7.501233276367174,7.501233276367174
2013-05-14 19:00:00,157.235,147.39476,-9.840239868164076,9.840239868164076
2013-05-14 19:30:00,150.694,150.59254,-0.1014554443359259,0.1014554443359259
2013-05-14 20:00:00,147.462,154.32867,6.866674316406261,6.866674316406261
2013-05-14 20:30:00,137.892,148.3591,10.467100341796879,10.467100341796879
2013-05-14 21:00:00,122.833,138.29971,15.466713134765627,15.466713134765627
2013-05-14 21:30:00,128.411,121.97572,-6.435276733398439,6.435276733398439
2013-05-14 22:00:00,134.479,127.26991,-7.209087280273451,7.209087280273451
2013-05-14 22:30:00,119.163,133.36018,14.197183715820316,14.197183715820316
2013-05-14 23:00:00,138.806,120.95133,-17.854667907714855,17.854667907714855
2013-05-14 23:30:00,156.291,157.21176,0.9207614746093782,0.9207614746093782
2013-05-15 00:00:00,174.658,161.33734,-13.320658691406237,13.320658691406237
2013-05-15 00:30:00,145.696,154.88756,9.19155798339844,9.19155798339844
2013-05-15 01:00:00,134.97,130.96544,-4.004561157226561,4.004561157226561
2013-05-15 01:30:00,114.585,111.60394,-2.9810571289062437,2.9810571289062437
2013-05-15 02:00:00,91.247,96.318436,5.071435668945313,5.071435668945313
2013-05-15 02:30:00,75.493,77.40159,1.9085884399414113,1.9085884399414113
2013-05-15 03:00:00,69.143,66.80205,-2.340952270507813,2.340952270507813
2013-05-15 03:30:00,72.562,66.45281,-6.109187805175779,6.109187805175779
2013-05-15 04:00:00,62.462,69.048645,6.586645019531247,6.586645019531247
2013-05-15 04:30:00,60.785,66.46367,5.678668823242191,5.678668823242191
2013-05-15 05:00:00,68.833,68.28471,-0.5482862548828109,0.5482862548828109
2013-05-15 05:30:00,77.837,73.718056,-4.118944274902347,4.118944274902347
2013-05-15 06:00:00,105.891,88.7422,-17.148797241210943,17.148797241210943
2013-05-15 06:30:00,140.352,123.26471,-17.087290527343754,17.087290527343754
2013-05-15 07:00:00,124.644,133.70363,9.059628540039057,9.059628540039057
2013-05-15 07:30:00,124.212,130.05832,5.846319091796872,5.846319091796872
2013-05-15 08:00:00,120.273,114.13846,-6.134541748046871,6.134541748046871
2013-05-15 08:30:00,106.237,106.14875,-0.08824969482421352,0.08824969482421352
2013-05-15 09:00:00,98.91,99.62922,0.7192190551757847,0.7192190551757847
2013-05-15 09:30:00,94.351,91.02404,-3.3269597778320303,3.3269597778320303
2013-05-15 10:00:00,90.291,88.02154,-2.269462219238278,2.269462219238278
2013-05-15 10:30:00,86.138,86.80886,0.6708607788085885,0.6708607788085885
2013-05-15 11:00:00,78.81400000000001,82.91181,4.097811828613274,4.097811828613274
2013-05-15 11:30:00,81.673,78.57031,-3.102687500000002,3.102687500000002
2013-05-15 12:00:00,85.176,79.490265,-5.685735107421877,5.685735107421877
2013-05-15 12:30:00,76.72,82.14174,5.421738891601564,5.421738891601564
2013-05-15 13:00:00,77.023,75.31827,-1.7047321777343711,1.7047321777343711
2013-05-15 13:30:00,70.67999999999999,74.44691,3.7669070434570386,3.7669070434570386
2013-05-15 14:00:00,71.211,71.473915,0.26291510009765773,0.26291510009765773
2013-05-15 14:30:00,71.949,71.33462,-0.6143823852539043,0.6143823852539043
2013-05-15 15:00:00,75.125,72.9688,-2.1561965942382812,2.1561965942382812
2013-05-15 15:30:00,81.269,78.19748,-3.0715207519531305,3.0715207519531305
2013-05-15 16:00:00,96.302,87.62601,-8.675992919921882,8.675992919921882
2013-05-15 16:30:00,114.864,109.81217,-5.051828063964848,5.051828063964848
2013-05-15 17:00:00,141.428,136.82909,-4.59891369628906,4.59891369628906
2013-05-15 17:30:00,161.997,162.57787,0.5808656005859234,0.5808656005859234
2013-05-15 18:00:00,171.267,169.55418,-1.7128160400390584,1.7128160400390584
2013-05-15 18:30:00,167.376,169.82753,2.4515299072265577,2.4515299072265577
2013-05-15 19:00:00,149.459,162.44022,12.981216064453122,12.981216064453122
2013-05-15 19:30:00,160.573,147.33011,-13.242891357421883,13.242891357421883
2013-05-15 20:00:00,164.251,155.59448,-8.656517578125005,8.656517578125005
2013-05-15 20:30:00,143.026,155.89565,12.869645141601552,12.869645141601552
2013-05-15 21:00:00,130.773,142.52417,11.751169921875004,11.751169921875004
2013-05-15 21:30:00,124.186,132.76363,8.577626098632805,8.577626098632805
2013-05-15 22:00:00,136.759,124.19816,-12.56084173583983,12.56084173583983
2013-05-15 22:30:00,124.468,133.88701,9.419008666992184,9.419008666992184
2013-05-15 23:00:00,138.093,126.98353,-11.109471862792958,11.109471862792958
2013-05-15 23:30:00,165.76,157.1125,-8.647496948242178,8.647496948242178
2013-05-16 00:00:00,170.055,175.93877,5.883766479492181,5.883766479492181
2013-05-16 00:30:00,142.91,154.75206,11.842059936523441,11.842059936523441
2013-05-16 01:00:00,123.327,129.63263,6.305629394531252,6.305629394531252
2013-05-16 01:30:00,103.531,101.686806,-1.8441942749023497,1.8441942749023497
2013-05-16 02:00:00,80.59,90.93348,10.343479309082028,10.343479309082028
2013-05-16 02:30:00,62.557,69.28035,6.72334973144531,6.72334973144531
2013-05-16 03:00:00,66.243,66.2579,0.014896423339848752,0.014896423339848752
2013-05-16 03:30:00,63.914,66.866684,2.952683959960936,2.952683959960936
2013-05-16 04:00:00,56.029,66.0243,9.995299621582028,9.995299621582028
2013-05-16 04:30:00,54.575,66.21156,11.63656311035156,11.63656311035156
2013-05-16 05:00:00,62.016,67.97922,5.963217529296877,5.963217529296877
2013-05-16 05:30:00,72.556,73.6394,1.0833966674804714,1.0833966674804714
2013-05-16 06:00:00,98.115,86.59692,-11.518083801269526,11.518083801269526
2013-05-16 06:30:00,120.079,112.30481,-7.7741904296874935,7.7741904296874935
2013-05-16 07:00:00,120.231,118.236465,-1.994534545898432,1.994534545898432
2013-05-16 07:30:00,118.628,117.7936,-0.8343980102539064,0.8343980102539064
2013-05-16 08:00:00,109.94,110.850494,0.9104943847656273,0.9104943847656273
2013-05-16 08:30:00,99.437,103.98835,4.551349914550784,4.551349914550784
2013-05-16 09:00:00,105.26,93.87794,-11.382062683105474,11.382062683105474
2013-05-16 09:30:00,85.433,98.346245,12.913244812011712,12.913244812011712
2013-05-16 10:00:00,76.727,82.4045,5.67750286865234,5.67750286865234
2013-05-16 10:30:00,77.441,77.20178,-0.2392177734375025,0.2392177734375025
2013-05-16 11:00:00,80.395,75.39882,-4.9961810302734335,4.9961810302734335
2013-05-16 11:30:00,79.95,77.949265,-2.0007354736328153,2.0007354736328153
2013-05-16 12:00:00,85.543,77.65638,-7.886620300292975,7.886620300292975
2013-05-16 12:30:00,86.443,83.21194,-3.231063049316404,3.231063049316404
2013-05-16 13:00:00,79.084,82.89185,3.807853332519528,3.807853332519528
2013-05-16 13:30:00,78.999,77.262825,-1.736174987792964,1.736174987792964
2013-05-16 14:00:00,80.763,74.97161,-5.7913889770507865,5.7913889770507865
2013-05-16 14:30:00,80.45,76.25579,-4.194209289550784,4.194209289550784
2013-05-16 15:00:00,83.046,79.39993,-3.6460671386718815,3.6460671386718815
2013-05-16 15:30:00,83.547,86.56565,3.018650939941409,3.018650939941409
2013-05-16 16:00:00,87.966,88.98529,1.019290527343756,1.019290527343756
2013-05-16 16:30:00,106.181,98.75561,-7.425392395019529,7.425392395019529
2013-05-16 17:00:00,133.115,129.76917,-3.345834960937509,3.345834960937509
2013-05-16 17:30:00,165.306,152.7289,-12.577102905273449,12.577102905273449
2013-05-16 18:00:00,171.244,175.04366,3.7996553955078127,3.7996553955078127
2013-05-16 18:30:00,159.734,170.98918,11.255181518554679,11.255181518554679
2013-05-16 19:00:00,155.684,154.31343,-1.370569213867185,1.370569213867185
2013-05-16 19:30:00,153.344,149.47813,-3.8658658447265566,3.8658658447265566
2013-05-16 20:00:00,154.512,154.4905,-0.021506225585937955,0.021506225585937955
2013-05-16 20:30:00,144.849,151.30112,6.4521169433593855,6.4521169433593855
2013-05-16 21:00:00,139.061,145.15475,6.093754638671868,6.093754638671868
2013-05-16 21:30:00,138.684,141.28218,2.598180786132815,2.598180786132815
2013-05-16 22:00:00,141.562,141.12592,-0.4360844726562618,0.4360844726562618
2013-05-16 22:30:00,129.548,137.09444,7.546436645507811,7.546436645507811
2013-05-16 23:00:00,144.155,134.18304,-9.971955566406251,9.971955566406251
2013-05-16 23:30:00,183.587,164.83047,-18.756525146484364,18.756525146484364
2013-05-17 00:00:00,178.033,183.04149,5.0084886474609505,5.0084886474609505
2013-05-17 00:30:00,147.843,158.61389,10.77089160156251,10.77089160156251
2013-05-17 01:00:00,107.169,130.49147,23.322470336914066,23.322470336914066
2013-05-17 01:30:00,95.296,95.91803,0.6220297851562435,0.6220297851562435
2013-05-17 02:00:00,85.717,79.572266,-6.144734374999999,6.144734374999999
2013-05-17 02:30:00,71.417,71.91796,0.5009611206054672,0.5009611206054672
2013-05-17 03:00:00,65.996,67.999756,2.003755859375005,2.003755859375005
2013-05-17 03:30:00,61.137,66.98841,5.851410949707031,5.851410949707031
2013-05-17 04:00:00,62.987,65.55602,2.569022644042967,2.569022644042967
2013-05-17 04:30:00,56.543,67.03965,10.496649963378907,10.496649963378907
2013-05-17 05:00:00,63.535,67.62855,4.093547668457035,4.093547668457035
2013-05-17 05:30:00,79.244,73.59042,-5.653576416015625,5.653576416015625
2013-05-17 06:00:00,86.468,92.87322,6.405222351074215,6.405222351074215
2013-05-17 06:30:00,112.494,104.29393,-8.200069946289062,8.200069946289062
2013-05-17 07:00:00,120.977,115.777695,-5.199305297851566,5.199305297851566
2013-05-17 07:30:00,133.427,118.489006,-14.937993957519524,14.937993957519524
2013-05-17 08:00:00,122.515,127.33462,4.819617614746093,4.819617614746093
2013-05-17 08:30:00,110.475,112.02891,1.553907775878912,1.553907775878912
2013-05-17 09:00:00,103.049,100.37553,-2.6734735717773503,2.6734735717773503
2013-05-17 09:30:00,89.683,94.42755,4.744551269531243,4.744551269531243
2013-05-17 10:00:00,85.353,81.507965,-3.8450349121093694,3.8450349121093694
2013-05-17 10:30:00,84.875,81.747246,-3.1277542114257812,3.1277542114257812
2013-05-17 11:00:00,93.593,81.842896,-11.750104492187504,11.750104492187504
2013-05-17 11:30:00,81.579,88.316666,6.737665649414069,6.737665649414069
2013-05-17 12:00:00,75.657,80.65909,5.0020881347656285,5.0020881347656285
2013-05-17 12:30:00,80.791,76.34794,-4.443061462402341,4.443061462402341
2013-05-17 13:00:00,73.993,78.08511,4.09211352539063,4.09211352539063
2013-05-17 13:30:00,76.693,74.53968,-2.1533195190429666,2.1533195190429666
2013-05-17 14:00:00,76.927,74.57999,-2.3470134277343817,2.3470134277343817
2013-05-17 14:30:00,72.813,75.01647,2.2034718627929664,2.2034718627929664
2013-05-17 15:00:00,74.686,75.47833,0.792332519531243,0.792332519531243
2013-05-17 15:30:00,80.887,79.96407,-0.9229268188476567,0.9229268188476567
2013-05-17 16:00:00,95.189,87.608315,-7.580685485839837,7.580685485839837
2013-05-17 16:30:00,108.654,109.95102,1.2970192871093786,1.2970192871093786
2013-05-17 17:00:00,144.319,133.40729,-10.911712402343738,10.911712402343738
2013-05-17 17:30:00,169.504,162.60103,-6.902971557617178,6.902971557617178
2013-05-17 18:00:00,169.389,181.42769,12.038688598632802,12.038688598632802
2013-05-17 18:30:00,166.293,173.22765,6.934645874023431,6.934645874023431
2013-05-17 19:00:00,162.925,162.74686,-0.17814331054688637,0.17814331054688637
2013-05-17 19:30:00,162.339,155.33269,-7.006312622070311,7.006312622070311
2013-05-17 20:00:00,164.465,159.39326,-5.071735229492191,5.071735229492191
2013-05-17 20:30:00,155.855,159.06735,3.2123522949218852,3.2123522949218852
2013-05-17 21:00:00,143.84,151.33937,7.499370727539059,7.499370727539059
2013-05-17 21:30:00,137.543,147.40959,9.866591674804681,9.866591674804681
2013-05-17 22:00:00,142.615,144.64026,2.025258789062491,2.025258789062491
2013-05-17 22:30:00,133.016,141.02739,8.011389526367196,8.011389526367196
2013-05-17 23:00:00,151.239,135.0862,-16.152803100585942,16.152803100585942
2013-05-17 23:30:00,159.255,173.4633,14.208302612304692,14.208302612304692
2013-05-18 00:00:00,186.14,169.93774,-16.202255859374986,16.202255859374986
2013-05-18 00:30:00,154.237,163.63011,9.393111694335943,9.393111694335943
2013-05-18 01:00:00,127.24,136.2564,9.016393432617193,9.016393432617193
2013-05-18 01:30:00,102.806,106.3283,3.5223004760742214,3.5223004760742214
2013-05-18 02:00:00,83.575,86.34088,2.765881347656247,2.765881347656247
2013-05-18 02:30:00,72.882,70.78771,-2.0942879028320363,2.0942879028320363
2013-05-18 03:00:00,65.022,69.215645,4.193644836425776,4.193644836425776
2013-05-18 03:30:00,62.516,67.11402,4.598021301269533,4.598021301269533
2013-05-18 04:00:00,62.118,66.616455,4.498455078124998,4.498455078124998
2013-05-18 04:30:00,63.302,67.02219,3.7201862792968754,3.7201862792968754
2013-05-18 05:00:00,59.161,69.03078,9.869776977539061,9.869776977539061
2013-05-18 05:30:00,66.487,72.33089,5.843886840820318,5.843886840820318
2013-05-18 06:00:00,73.527,77.58814,4.06114239501953,4.06114239501953
2013-05-18 06:30:00,92.827,86.27754,-6.549457885742186,6.549457885742186
2013-05-18 07:00:00,111.01,99.60193,-11.408071289062505,11.408071289062505
2013-05-18 07:30:00,130.449,113.703064,-16.745936035156262,16.745936035156262
2013-05-18 08:00:00,145.885,133.12163,-12.763372192382803,12.763372192382803
2013-05-18 08:30:00,137.619,145.9383,8.31929345703125,8.31929345703125
2013-05-18 09:00:00,122.734,132.6464,9.91239282226563,9.91239282226563
2013-05-18 09:30:00,127.161,111.2986,-15.862400756835939,15.862400756835939
2013-05-18 10:00:00,111.784,114.59881,2.8148082885742127,2.8148082885742127
2013-05-18 10:30:00,110.26,103.82793,-6.432073364257818,6.432073364257818
2013-05-18 11:00:00,107.215,105.198395,-2.0166052246093784,2.0166052246093784
2013-05-18 11:30:00,97.654,102.77377,5.119773193359379,5.119773193359379
2013-05-18 12:00:00,97.02,95.57543,-1.4445681762695273,1.4445681762695273
2013-05-18 12:30:00,93.922,95.127014,1.205014160156253,1.205014160156253
2013-05-18 13:00:00,88.845,91.43265,2.587647705078126,2.587647705078126
2013-05-18 13:30:00,86.737,88.59991,1.862906921386724,1.862906921386724
2013-05-18 14:00:00,94.26,84.06183,-10.198171386718755,10.198171386718755
2013-05-18 14:30:00,90.699,89.748825,-0.9501749267578106,0.9501749267578106
2013-05-18 15:00:00,87.119,92.8266,5.70759912109375,5.70759912109375
2013-05-18 15:30:00,89.249,92.54172,3.2927175292968798,3.2927175292968798
2013-05-18 16:00:00,104.209,93.788765,-10.420235046386722,10.420235046386722
2013-05-18 16:30:00,127.1,116.25765,-10.84234771728515,10.84234771728515
2013-05-18 17:00:00,155.302,144.6416,-10.660398437499992,10.660398437499992
2013-05-18 17:30:00,171.916,179.63847,7.722473510742191,7.722473510742191
2013-05-18 18:00:00,179.224,181.35585,2.131850219726573,2.131850219726573
2013-05-18 18:30:00,167.029,180.68127,13.652274414062504,13.652274414062504
2013-05-18 19:00:00,158.022,164.94617,6.924166992187509,6.924166992187509
2013-05-18 19:30:00,155.948,154.80408,-1.1439228515625075,1.1439228515625075
2013-05-18 20:00:00,155.451,157.14024,1.689243530273444,1.689243530273444
2013-05-18 20:30:00,146.378,151.5051,5.127096435546889,5.127096435546889
2013-05-18 21:00:00,149.036,147.45528,-1.5807235107421889,1.5807235107421889
2013-05-18 21:30:00,140.904,149.81416,8.910163208007816,8.910163208007816
2013-05-18 22:00:00,147.913,146.70882,-1.2041834716796984,1.2041834716796984
2013-05-18 22:30:00,137.823,145.20537,7.38236804199218,7.38236804199218
2013-05-18 23:00:00,144.968,140.70735,-4.260648315429677,4.260648315429677
2013-05-18 23:30:00,156.688,161.48763,4.799625122070324,4.799625122070324
2013-05-19 00:00:00,167.179,165.12354,-2.055464843750002,2.055464843750002
2013-05-19 00:30:00,134.642,159.59785,24.955854614257817,24.955854614257817
2013-05-19 01:00:00,113.289,131.00691,17.71791223144531,17.71791223144531
2013-05-19 01:30:00,103.628,100.816284,-2.8117158203125,2.8117158203125
2013-05-19 02:00:00,87.385,87.73401,0.3490087890624949,0.3490087890624949
2013-05-19 02:30:00,79.232,75.18284,-4.049161560058593,4.049161560058593
2013-05-19 03:00:00,64.155,72.7746,8.619597167968749,8.619597167968749
2013-05-19 03:30:00,63.666,67.44182,3.7758182373046907,3.7758182373046907
2013-05-19 04:00:00,64.312,68.111725,3.7997248535156274,3.7997248535156274
2013-05-19 04:30:00,70.139,69.168564,-0.9704361572265583,0.9704361572265583
2013-05-19 05:00:00,69.109,73.515976,4.406975952148443,4.406975952148443
2013-05-19 05:30:00,74.505,75.7315,1.2264987182617233,1.2264987182617233
2013-05-19 06:00:00,82.86,82.06034,-0.7996591186523432,0.7996591186523432
2013-05-19 06:30:00,97.717,93.20141,-4.51559161376953,4.51559161376953
2013-05-19 07:00:00,112.636,105.04374,-7.592260681152339,7.592260681152339
2013-05-19 07:30:00,129.085,120.50197,-8.583031616210945,8.583031616210945
2013-05-19 08:00:00,130.954,135.36551,4.411509033203117,4.411509033203117
2013-05-19 08:30:00,132.93,134.36743,1.4374316406249932,1.4374316406249932
2013-05-19 09:00:00,127.767,132.73854,4.971540649414067,4.971540649414067
2013-05-19 09:30:00,125.888,121.37846,-4.509536254882818,4.509536254882818
2013-05-19 10:00:00,118.322,118.519264,0.19726422119140352,0.19726422119140352
2013-05-19 10:30:00,114.464,107.675285,-6.78871466064453,6.78871466064453
2013-05-19 11:00:00,111.954,109.93101,-2.0229926147460873,2.0229926147460873
2013-05-19 11:30:00,114.545,108.97663,-5.5683688354492205,5.5683688354492205
2013-05-19 12:00:00,102.849,109.54658,6.6975774536132775,6.6975774536132775
2013-05-19 12:30:00,98.621,103.19489,4.573892883300786,4.573892883300786
2013-05-19 13:00:00,89.458,97.27308,7.815078918457033,7.815078918457033
2013-05-19 13:30:00,84.49,88.251686,3.7616860961914114,3.7616860961914114
2013-05-19 14:00:00,87.245,81.58701,-5.657986755371098,5.657986755371098
2013-05-19 14:30:00,83.125,85.54527,2.4202728271484375,2.4202728271484375
2013-05-19 15:00:00,99.298,84.91672,-14.381282470703127,14.381282470703127
2013-05-19 15:30:00,103.845,102.22358,-1.6214205932617176,1.6214205932617176
2013-05-19 16:00:00,118.777,112.48082,-6.2961802978515635,6.2961802978515635
2013-05-19 16:30:00,144.289,130.87376,-13.41523596191405,13.41523596191405
2013-05-19 17:00:00,163.203,163.82724,0.624239990234372,0.624239990234372
2013-05-19 17:30:00,185.257,181.23657,-4.020427734375005,4.020427734375005
2013-05-19 18:00:00,191.989,197.89561,5.906614624023433,5.906614624023433
2013-05-19 18:30:00,189.507,193.43483,3.9278297119140575,3.9278297119140575
2013-05-19 19:00:00,187.767,186.07707,-1.6899278564453084,1.6899278564453084
2013-05-19 19:30:00,176.25,180.08884,3.838836669921875,3.838836669921875
2013-05-19 20:00:00,168.318,177.5148,9.196801025390613,9.196801025390613
2013-05-19 20:30:00,168.263,165.3254,-2.9376063232421927,2.9376063232421927
2013-05-19 21:00:00,154.043,162.42868,8.385680419921869,8.385680419921869
2013-05-19 21:30:00,144.535,150.22319,5.688190307617191,5.688190307617191
2013-05-19 22:00:00,144.59,149.48553,4.895534667968747,4.895534667968747
2013-05-19 22:30:00,142.611,145.08748,2.4764786376953225,2.4764786376953225
2013-05-19 23:00:00,134.785,142.73027,7.945270385742191,7.945270385742191
2013-05-19 23:30:00,168.253,152.6505,-15.602502563476548,15.602502563476548
2013-05-20 00:00:00,168.467,178.80446,10.33745861816405,10.33745861816405
2013-05-20 00:30:00,150.175,154.23016,4.055163574218739,4.055163574218739
2013-05-20 01:00:00,126.152,132.31097,6.158974121093749,6.158974121093749
2013-05-20 01:30:00,105.397,104.435875,-0.9611250610351618,0.9611250610351618
2013-05-20 02:00:00,80.713,88.08133,7.368329345703131,7.368329345703131
2013-05-20 02:30:00,78.071,73.35688,-4.714119812011717,4.714119812011717
2013-05-20 03:00:00,73.148,71.13124,-2.0167591552734336,2.0167591552734336
2013-05-20 03:30:00,60.26,69.84678,9.586778869628908,9.586778869628908
2013-05-20 04:00:00,61.343,67.73083,6.387827331542965,6.387827331542965
2013-05-20 04:30:00,65.736,70.024956,4.2889557495117145,4.2889557495117145
2013-05-20 05:00:00,74.972,75.39781,0.4258118896484433,0.4258118896484433
2013-05-20 05:30:00,81.455,82.11359,0.6585864257812517,0.6585864257812517
2013-05-20 06:00:00,110.968,98.632965,-12.335034912109379,12.335034912109379
2013-05-20 06:30:00,140.702,131.64989,-9.05211291503906,9.05211291503906
2013-05-20 07:00:00,145.669,141.26346,-4.405541748046886,4.405541748046886
2013-05-20 07:30:00,147.786,150.94075,3.154750122070311,3.154750122070311
2013-05-20 08:00:00,123.777,136.75159,12.974586914062499,12.974586914062499
2013-05-20 08:30:00,114.97,116.001656,1.0316555786132824,1.0316555786132824
2013-05-20 09:00:00,105.073,106.98827,1.9152736206054755,1.9152736206054755
2013-05-20 09:30:00,93.701,99.7421,6.041103576660163,6.041103576660163
2013-05-20 10:00:00,99.106,90.058395,-9.047604614257807,9.047604614257807
2013-05-20 10:30:00,91.058,97.108086,6.050085632324212,6.050085632324212
2013-05-20 11:00:00,88.586,89.05999,0.47398992919922023,0.47398992919922023
2013-05-20 11:30:00,82.972,86.77206,3.8000565795898495,3.8000565795898495
2013-05-20 12:00:00,78.998,81.55199,2.553986694335933,2.553986694335933
2013-05-20 12:30:00,78.453,78.75692,0.3039198608398408,0.3039198608398408
2013-05-20 13:00:00,80.149,76.81566,-3.3333414306640634,3.3333414306640634
2013-05-20 13:30:00,75.715,77.500114,1.7851144409179653,1.7851144409179653
2013-05-20 14:00:00,73.922,73.18485,-0.7371473999023408,0.7371473999023408
2013-05-20 14:30:00,73.46,74.60091,1.1409063720703188,1.1409063720703188
2013-05-20 15:00:00,72.421,75.56726,3.1462607421874935,3.1462607421874935
2013-05-20 15:30:00,78.225,80.07637,1.8513702392578182,1.8513702392578182
2013-05-20 16:00:00,93.666,88.72488,-4.941123596191403,4.941123596191403
2013-05-20 16:30:00,124.637,108.54877,-16.08823291015625,16.08823291015625
2013-05-20 17:00:00,164.606,154.39438,-10.21162133789062,10.21162133789062
2013-05-20 17:30:00,201.154,187.91779,-13.236214355468746,13.236214355468746
2013-05-20 18:00:00,203.869,210.03807,6.169070678710938,6.169070678710938
2013-05-20 18:30:00,194.238,202.39243,8.154425537109375,8.154425537109375
2013-05-20 19:00:00,190.646,193.24448,2.5984763183593884,2.5984763183593884
2013-05-20 19:30:00,187.796,187.6514,-0.14460229492186727,0.14460229492186727
2013-05-20 20:00:00,179.549,187.93237,8.383373046874993,8.383373046874993
2013-05-20 20:30:00,172.255,174.3652,2.1102038574218795,2.1102038574218795
2013-05-20 21:00:00,159.302,164.02403,4.722032592773445,4.722032592773445
2013-05-20 21:30:00,147.196,154.62616,7.430159667968752,7.430159667968752
2013-05-20 22:00:00,149.949,150.06776,0.11876428222655022,0.11876428222655022
2013-05-20 22:30:00,142.095,145.51508,3.420075683593751,3.420075683593751
2013-05-20 23:00:00,154.779,139.96666,-14.812340454101559,14.812340454101559
2013-05-20 23:30:00,165.786,165.25563,-0.5303695068359389,0.5303695068359389
2013-05-21 00:00:00,175.563,181.06717,5.504169189453137,5.504169189453137
2013-05-21 00:30:00,147.956,155.23341,7.277413696289074,7.277413696289074
2013-05-21 01:00:00,127.433,133.9416,6.508604614257806,6.508604614257806
2013-05-21 01:30:00,103.072,106.02458,2.9525819091796848,2.9525819091796848
2013-05-21 02:00:00,83.38,85.917465,2.537465209960942,2.537465209960942
2013-05-21 02:30:00,72.736,70.99358,-1.7424163208007855,1.7424163208007855
2013-05-21 03:00:00,67.181,70.75225,3.5712506713867214,3.5712506713867214
2013-05-21 03:30:00,66.236,68.271706,2.035705627441402,2.035705627441402
2013-05-21 04:00:00,68.063,68.85587,0.7928731079101539,0.7928731079101539
2013-05-21 04:30:00,67.30799999999999,71.06112,3.753119079589851,3.753119079589851
2013-05-21 05:00:00,80.485,73.46461,-7.020392761230468,7.020392761230468
2013-05-21 05:30:00,83.64,91.92445,8.284453735351562,8.284453735351562
2013-05-21 06:00:00,100.465,99.068726,-1.3962744140625034,1.3962744140625034
2013-05-21 06:30:00,135.97,115.845894,-20.124106140136718,20.124106140136718
2013-05-21 07:00:00,139.736,135.34099,-4.3950118408203025,4.3950118408203025
2013-05-21 07:30:00,145.702,143.16202,-2.539982177734373,2.539982177734373
2013-05-21 08:00:00,126.224,135.62419,9.400191284179684,9.400191284179684
2013-05-21 08:30:00,108.299,118.93016,10.631160522460931,10.631160522460931
2013-05-21 09:00:00,96.457,96.40388,-0.053122741699212384,0.053122741699212384
2013-05-21 09:30:00,90.964,86.75246,-4.211543334960936,4.211543334960936
2013-05-21 10:00:00,83.513,86.14091,2.627907287597651,2.627907287597651
2013-05-21 10:30:00,86.914,82.55706,-4.356939758300783,4.356939758300783
2013-05-21 11:00:00,75.681,83.984344,8.303344482421878,8.303344482421878
2013-05-21 11:30:00,80.481,76.679756,-3.8012438354492133,3.8012438354492133
2013-05-21 12:00:00,75.595,80.51601,4.921006469726564,4.921006469726564
2013-05-21 12:30:00,75.967,76.46117,0.49416638183593875,0.49416638183593875
2013-05-21 13:00:00,67.06099999999999,76.06725,9.006253112792976,9.006253112792976
2013-05-21 13:30:00,71.403,70.68325,-0.719749572753912,0.719749572753912
2013-05-21 14:00:00,71.136,70.86787,-0.26813348388671443,0.26813348388671443
2013-05-21 14:30:00,74.324,71.75949,-2.564509033203123,2.564509033203123
2013-05-21 15:00:00,72.505,75.70229,3.1972933959960983,3.1972933959960983
2013-05-21 15:30:00,78.529,80.72293,2.1939309082031286,2.1939309082031286
2013-05-21 16:00:00,83.69,86.62849,2.9384866333007835,2.9384866333007835
2013-05-21 16:30:00,105.594,97.26963,-8.324369567871088,8.324369567871088
2013-05-21 17:00:00,137.772,133.98051,-3.791485473632804,3.791485473632804
2013-05-21 17:30:00,160.306,164.449,4.143005126953113,4.143005126953113
2013-05-21 18:00:00,166.036,175.53705,9.501048339843749,9.501048339843749
2013-05-21 18:30:00,165.832,174.88725,9.055252807617194,9.055252807617194
2013-05-21 19:00:00,164.879,166.01193,1.1329323730468843,1.1329323730468843
2013-05-21 19:30:00,165.225,160.20078,-5.024224853515619,5.024224853515619
2013-05-21 20:00:00,164.324,171.93208,7.6080831298828,7.6080831298828
2013-05-21 20:30:00,156.876,159.94687,3.0708688964843702,3.0708688964843702
2013-05-21 21:00:00,151.133,152.8625,1.7295030517578027,1.7295030517578027
2013-05-21 21:30:00,146.593,150.8955,4.302492553710948,4.302492553710948
2013-05-21 22:00:00,157.114,148.79352,-8.320481933593754,8.320481933593754
2013-05-21 22:30:00,140.361,150.54909,10.188087524414073,10.188087524414073
2013-05-21 23:00:00,149.053,140.21039,-8.842611816406247,8.842611816406247
2013-05-21 23:30:00,183.132,163.47728,-19.654720336914068,19.654720336914068
2013-05-22 00:00:00,173.758,182.49072,8.73272265624999,8.73272265624999
2013-05-22 00:30:00,146.01,155.91187,9.901865234375009,9.901865234375009
2013-05-22 01:00:00,122.808,132.31174,9.503737060546868,9.503737060546868
2013-05-22 01:30:00,111.835,102.35749,-9.477509460449212,9.477509460449212
2013-05-22 02:00:00,94.89,89.83224,-5.057762756347657,5.057762756347657
2013-05-22 02:30:00,76.565,78.82946,2.264460144042971,2.264460144042971
2013-05-22 03:00:00,67.545,68.54205,0.9970532226562483,0.9970532226562483
2013-05-22 03:30:00,70.881,68.06377,-2.8172335205078127,2.8172335205078127
2013-05-22 04:00:00,70.48,70.87133,0.39133026123046477,0.39133026123046477
2013-05-22 04:30:00,71.089,73.45495,2.36594842529297,2.36594842529297
2013-05-22 05:00:00,84.065,75.496605,-8.568395080566404,8.568395080566404
2013-05-22 05:30:00,86.143,95.02264,8.879636413574218,8.879636413574218
2013-05-22 06:00:00,116.606,101.21201,-15.393986755371088,15.393986755371088
2013-05-22 06:30:00,138.401,138.09268,-0.30831811523438546,0.30831811523438546
2013-05-22 07:00:00,140.27,137.69516,-2.5748400878906352,2.5748400878906352
2013-05-22 07:30:00,149.33,140.64717,-8.6828289794922,8.6828289794922
2013-05-22 08:00:00,125.642,134.3361,8.694105346679692,8.694105346679692
2013-05-22 08:30:00,114.729,117.24783,2.518833251953126,2.518833251953126
2013-05-22 09:00:00,105.822,103.530945,-2.2910551757812527,2.2910551757812527
2013-05-22 09:30:00,93.051,97.03021,3.979212402343748,3.979212402343748
2013-05-22 10:00:00,95.371,86.86109,-8.509908386230464,8.509908386230464
2013-05-22 10:30:00,92.735,93.13634,0.40133728027343807,0.40133728027343807
2013-05-22 11:00:00,94.512,89.331985,-5.180014526367188,5.180014526367188
2013-05-22 11:30:00,89.537,91.45178,1.9147822265624939,1.9147822265624939
2013-05-22 12:00:00,91.839,88.56867,-3.2703278198242174,3.2703278198242174
2013-05-22 12:30:00,98.094,88.87249,-9.221510070800775,9.221510070800775
2013-05-22 13:00:00,102.756,96.21699,-6.539012390136719,6.539012390136719
2013-05-22 13:30:00,101.731,100.16881,-1.562192016601557,1.562192016601557
2013-05-22 14:00:00,92.23,98.79311,6.56311370849609,6.56311370849609
2013-05-22 14:30:00,89.992,92.61685,2.6248518066406206,2.6248518066406206
2013-05-22 15:00:00,107.329,91.839455,-15.489545349121087,15.489545349121087
2013-05-22 15:30:00,114.042,113.81455,-0.22744769287109534,0.22744769287109534
2013-05-22 16:00:00,132.473,127.135,-5.337997863769544,5.337997863769544
2013-05-22 16:30:00,151.269,145.99577,-5.273226684570318,5.273226684570318
2013-05-22 17:00:00,173.84,180.5535,6.713497314453122,6.713497314453122
2013-05-22 17:30:00,204.11,193.33118,-10.778823242187514,10.778823242187514
2013-05-22 18:00:00,213.164,206.28604,-6.877958740234362,6.877958740234362
2013-05-22 18:30:00,212.87,213.7277,0.857706909179683,0.857706909179683
2013-05-22 19:00:00,199.219,206.3833,7.164300781250006,7.164300781250006
2013-05-22 19:30:00,192.538,196.83565,4.297647583007802,4.297647583007802
2013-05-22 20:00:00,187.022,199.91658,12.894580200195321,12.894580200195321
2013-05-22 20:30:00,175.935,183.76808,7.83308166503906,7.83308166503906
2013-05-22 21:00:00,160.22,169.95561,9.735612182617189,9.735612182617189
2013-05-22 21:30:00,152.371,157.72758,5.356584838867178,5.356584838867178
2013-05-22 22:00:00,155.194,158.99683,3.8028261718750116,3.8028261718750116
2013-05-22 22:30:00,143.904,149.91791,6.013907714843754,6.013907714843754
2013-05-22 23:00:00,159.514,145.71478,-13.79921728515626,13.79921728515626
2013-05-22 23:30:00,178.663,173.3727,-5.290304077148448,5.290304077148448
2013-05-23 00:00:00,186.746,190.68697,3.940965942382803,3.940965942382803
2013-05-23 00:30:00,162.136,166.34833,4.212327636718754,4.212327636718754
2013-05-23 01:00:00,137.118,141.14464,4.0266380615234425,4.0266380615234425
2013-05-23 01:30:00,116.959,115.63482,-1.3241809692382844,1.3241809692382844
2013-05-23 02:00:00,98.172,97.34687,-0.8251295776367158,0.8251295776367158
2013-05-23 02:30:00,75.595,79.551414,3.956414489746095,3.956414489746095
2013-05-23 03:00:00,73.333,69.73332,-3.599677856445311,3.599677856445311
2013-05-23 03:30:00,73.457,70.21241,-3.2445900268554624,3.2445900268554624
2013-05-23 04:00:00,72.426,72.38091,-0.04508721923828318,0.04508721923828318
2013-05-23 04:30:00,65.51,76.20212,10.69211791992187,10.69211791992187
2013-05-23 05:00:00,79.876,70.9942,-8.881798339843755,8.881798339843755
2013-05-23 05:30:00,84.928,90.920815,5.992814514160159,5.992814514160159
2013-05-23 06:00:00,109.603,98.203285,-11.399714782714838,11.399714782714838
2013-05-23 06:30:00,143.077,134.37524,-8.701755859374998,8.701755859374998
2013-05-23 07:00:00,139.191,149.41484,10.223840698242185,10.223840698242185
2013-05-23 07:30:00,147.312,154.98792,7.675915039062488,7.675915039062488
2013-05-23 08:00:00,137.816,135.14352,-2.6724758300781275,2.6724758300781275
2013-05-23 08:30:00,127.407,127.637535,0.23053509521484727,0.23053509521484727
2013-05-23 09:00:00,116.259,115.57228,-0.6867191162109378,0.6867191162109378
2013-05-23 09:30:00,108.032,105.96967,-2.0623268432617152,2.0623268432617152
2013-05-23 10:00:00,107.89,103.74428,-4.145722045898438,4.145722045898438
2013-05-23 10:30:00,104.789,102.14909,-2.639906372070314,2.639906372070314
2013-05-23 11:00:00,100.076,101.70404,1.6280405273437566,1.6280405273437566
2013-05-23 11:30:00,105.922,101.81866,-4.103343078613278,4.103343078613278
2013-05-23 12:00:00,104.179,107.511345,3.3323449096679667,3.3323449096679667
2013-05-23 12:30:00,105.242,104.11391,-1.128093139648442,1.128093139648442
2013-05-23 13:00:00,109.66,103.63222,-6.027782592773434,6.027782592773434
2013-05-23 13:30:00,112.31,110.55527,-1.7547326660156273,1.7547326660156273
2013-05-23 14:00:00,109.869,108.756996,-1.1120038452148435,1.1120038452148435
2013-05-23 14:30:00,108.959,110.06214,1.103141418457028,1.103141418457028
2013-05-23 15:00:00,111.214,106.83108,-4.382922424316405,4.382922424316405
2013-05-23 15:30:00,116.993,112.31543,-4.677570312499995,4.677570312499995
2013-05-23 16:00:00,142.019,125.86808,-16.15091986083985,16.15091986083985
2013-05-23 16:30:00,160.736,160.79552,0.059516967773447504,0.059516967773447504
2013-05-23 17:00:00,184.169,180.52654,-3.6424649658203236,3.6424649658203236
2013-05-23 17:30:00,201.295,201.5422,0.2472058105468875,0.2472058105468875
2013-05-23 18:00:00,192.22,205.8627,13.642701416015626,13.642701416015626
2013-05-23 18:30:00,189.227,201.5319,12.304906127929684,12.304906127929684
2013-05-23 19:00:00,183.928,188.85387,4.92586657714844,4.92586657714844
2013-05-23 19:30:00,172.571,179.83525,7.2642508544921895,7.2642508544921895
2013-05-23 20:00:00,175.35,174.68066,-0.6693359374999943,0.6693359374999943
2013-05-23 20:30:00,160.171,171.31508,11.14407873535157,11.14407873535157
2013-05-23 21:00:00,160.207,158.33887,-1.8681328124999936,1.8681328124999936
2013-05-23 21:30:00,156.684,160.60489,3.9208889160156275,3.9208889160156275
2013-05-23 22:00:00,152.033,159.3163,7.2832994384765755,7.2832994384765755
2013-05-23 22:30:00,136.851,150.933,14.081998657226563,14.081998657226563
2013-05-23 23:00:00,147.65,137.48102,-10.168981933593756,10.168981933593756
2013-05-23 23:30:00,176.164,162.8798,-13.2841934814453,13.2841934814453
2013-05-24 00:00:00,190.358,182.2078,-8.150205810546879,8.150205810546879
2013-05-24 00:30:00,181.013,167.30786,-13.705138671875005,13.705138671875005
2013-05-24 01:00:00,144.569,158.80267,14.233673339843762,14.233673339843762
2013-05-24 01:30:00,125.145,123.6778,-1.4671969604492148,1.4671969604492148
2013-05-24 02:00:00,107.693,106.346504,-1.3464957885742166,1.3464957885742166
2013-05-24 02:30:00,83.016,86.457634,3.4416339721679634,3.4416339721679634
2013-05-24 03:00:00,78.31400000000001,75.25889,-3.055111755371101,3.055111755371101
2013-05-24 03:30:00,71.709,71.8002,0.09120141601562182,0.09120141601562182
2013-05-24 04:00:00,70.336,70.789986,0.45398565673828273,0.45398565673828273
2013-05-24 04:30:00,65.81099999999999,73.065186,7.254185546875007,7.254185546875007
2013-05-24 05:00:00,72.838,72.10888,-0.7291209106445251,0.7291209106445251
2013-05-24 05:30:00,87.9,81.8591,-6.040899658203131,6.040899658203131
2013-05-24 06:00:00,100.587,98.603195,-1.9838048095703158,1.9838048095703158
2013-05-24 06:30:00,134.755,116.14794,-18.607058410644527,18.607058410644527
2013-05-24 07:00:00,140.576,146.60777,6.031772827148444,6.031772827148444
2013-05-24 07:30:00,132.173,156.35045,24.177448608398436,24.177448608398436
2013-05-24 08:00:00,125.241,132.71536,7.474362548828125,7.474362548828125
2013-05-24 08:30:00,127.043,117.67222,-9.3707816772461,9.3707816772461
2013-05-24 09:00:00,115.927,116.78246,0.855463073730462,0.855463073730462
2013-05-24 09:30:00,100.635,108.36429,7.72928833007812,7.72928833007812
2013-05-24 10:00:00,95.745,97.20917,1.4641674804687455,1.4641674804687455
2013-05-24 10:30:00,92.246,94.384476,2.1384757080078174,2.1384757080078174
2013-05-24 11:00:00,96.507,91.125694,-5.381305725097661,5.381305725097661
2013-05-24 11:30:00,93.745,95.67138,1.9263790893554642,1.9263790893554642
2013-05-24 12:00:00,87.168,93.12813,5.960128051757806,5.960128051757806
2013-05-24 12:30:00,92.152,89.081184,-3.0708156127929698,3.0708156127929698
2013-05-24 13:00:00,94.175,89.56877,-4.60622863769531,4.60622863769531
2013-05-24 13:30:00,87.097,91.48288,4.385879638671881,4.385879638671881
2013-05-24 14:00:00,81.99,85.91766,3.927663574218755,3.927663574218755
2013-05-24 14:30:00,81.433,80.69626,-0.7367414550781319,0.7367414550781319
2013-05-24 15:00:00,78.471,83.739426,5.268425659179684,5.268425659179684
2013-05-24 15:30:00,92.112,85.65041,-6.461586486816401,6.461586486816401
2013-05-24 16:00:00,105.802,103.85685,-1.9451503295898505,1.9451503295898505
2013-05-24 16:30:00,127.876,128.82986,0.9538645019531202,0.9538645019531202
2013-05-24 17:00:00,163.691,158.26515,-5.42584802246094,5.42584802246094
2013-05-24 17:30:00,190.307,194.98032,4.673316162109387,4.673316162109387
2013-05-24 18:00:00,195.158,205.53673,10.37872790527345,10.37872790527345
2013-05-24 18:30:00,189.015,198.04301,9.028014526367201,9.028014526367201
2013-05-24 19:00:00,179.964,186.7867,6.822697387695314,6.822697387695314
2013-05-24 19:30:00,169.403,178.08801,8.685012695312508,8.685012695312508
2013-05-24 20:00:00,169.052,171.22427,2.1722736816406325,2.1722736816406325
2013-05-24 20:30:00,158.956,166.15155,7.195550292968761,7.195550292968761
2013-05-24 21:00:00,141.502,152.85706,11.35505566406249,11.35505566406249
2013-05-24 21:30:00,142.82,143.39992,0.5799176025390693,0.5799176025390693
2013-05-24 22:00:00,152.569,150.76877,-1.8002316894531134,1.8002316894531134
2013-05-24 22:30:00,145.291,149.7879,4.496902832031253,4.496902832031253
2013-05-24 23:00:00,153.062,141.98962,-11.072375976562512,11.072375976562512
2013-05-24 23:30:00,174.905,168.22383,-6.681168823242189,6.681168823242189
2013-05-25 00:00:00,184.406,183.21219,-1.193811279296881,1.193811279296881
2013-05-25 00:30:00,157.248,163.68399,6.4359904785156345,6.4359904785156345
2013-05-25 01:00:00,134.953,145.87672,10.92372424316406,10.92372424316406
2013-05-25 01:30:00,109.058,115.4104,6.352400390624993,6.352400390624993
2013-05-25 02:00:00,93.86,96.95818,3.0981832885742193,3.0981832885742193
2013-05-25 02:30:00,86.616,80.639336,-5.976664367675781,5.976664367675781
2013-05-25 03:00:00,77.909,77.14102,-0.767978271484381,0.767978271484381
2013-05-25 03:30:00,67.427,71.42762,4.0006199340820245,4.0006199340820245
2013-05-25 04:00:00,65.565,68.9707,3.4057031250000023,3.4057031250000023
2013-05-25 04:30:00,70.454,68.5379,-1.9160971679687435,1.9160971679687435
2013-05-25 05:00:00,73.821,73.33454,-0.4864586791992167,0.4864586791992167
2013-05-25 05:30:00,79.89,77.775986,-2.114014282226563,2.114014282226563
2013-05-25 06:00:00,92.134,88.31188,-3.8221179809570316,3.8221179809570316
2013-05-25 06:30:00,109.184,108.25528,-0.9287204589843725,0.9287204589843725
2013-05-25 07:00:00,109.453,117.39501,7.942011901855466,7.942011901855466
2013-05-25 07:30:00,113.892,117.860374,3.968374450683598,3.968374450683598
2013-05-25 08:00:00,117.602,113.6201,-3.9818980712890664,3.9818980712890664
2013-05-25 08:30:00,128.064,119.95441,-8.109593261718743,8.109593261718743
2013-05-25 09:00:00,116.175,124.218185,8.04318542480469,8.04318542480469
2013-05-25 09:30:00,121.004,110.9559,-10.04809790039063,10.04809790039063
2013-05-25 10:00:00,112.96,112.00868,-0.9513177490234312,0.9513177490234312
2013-05-25 10:30:00,114.131,108.76497,-5.366031127929688,5.366031127929688
2013-05-25 11:00:00,121.283,110.25946,-11.023539550781251,11.023539550781251
2013-05-25 11:30:00,111.377,117.1699,5.792898986816411,5.792898986816411
2013-05-25 12:00:00,106.613,107.97202,1.3590230102539067,1.3590230102539067
2013-05-25 12:30:00,99.741,102.47479,2.7337924804687503,2.7337924804687503
2013-05-25 13:00:00,101.131,97.081894,-4.049106079101563,4.049106079101563
2013-05-25 13:30:00,92.239,98.3805,6.141500793457027,6.141500793457027
2013-05-25 14:00:00,89.569,89.99653,0.42752862548827864,0.42752862548827864
2013-05-25 14:30:00,90.509,87.18829,-3.3207065429687503,3.3207065429687503
2013-05-25 15:00:00,95.312,90.28903,-5.022968017578123,5.022968017578123
2013-05-25 15:30:00,102.004,97.44841,-4.555589965820317,4.555589965820317
2013-05-25 16:00:00,105.892,112.27759,6.385587890625004,6.385587890625004
2013-05-25 16:30:00,126.262,123.49825,-2.7637471313476567,2.7637471313476567
2013-05-25 17:00:00,163.027,153.56033,-9.466666748046862,9.466666748046862
2013-05-25 17:30:00,183.239,193.81761,10.578611694335933,10.578611694335933
2013-05-25 18:00:00,192.071,196.56674,4.495741943359377,4.495741943359377
2013-05-25 18:30:00,173.096,193.53378,20.43778295898437,20.43778295898437
2013-05-25 19:00:00,163.622,172.5612,8.939203002929673,8.939203002929673
2013-05-25 19:30:00,160.529,158.9903,-1.5387045898437464,1.5387045898437464
2013-05-25 20:00:00,158.744,159.3182,0.5742067871093752,0.5742067871093752
2013-05-25 20:30:00,142.821,153.10966,10.28866491699219,10.28866491699219
2013-05-25 21:00:00,141.653,143.90273,2.249725219726571,2.249725219726571
2013-05-25 21:30:00,138.828,142.51335,3.6853514404296845,3.6853514404296845
2013-05-25 22:00:00,148.759,145.31328,-3.4457218017577986,3.4457218017577986
2013-05-25 22:30:00,135.104,146.2513,11.147296997070299,11.147296997070299
2013-05-25 23:00:00,142.947,138.07607,-4.87093493652344,4.87093493652344
2013-05-25 23:30:00,169.419,160.16985,-9.249154418945324,9.249154418945324
2013-05-26 00:00:00,182.226,182.86519,0.6391885986328134,0.6391885986328134
2013-05-26 00:30:00,151.283,164.93652,13.653523437500013,13.653523437500013
2013-05-26 01:00:00,136.173,138.00511,1.8321116943359357,1.8321116943359357
2013-05-26 01:30:00,109.033,113.82717,4.7941713256835925,4.7941713256835925
2013-05-26 02:00:00,87.939,91.80354,3.8645430908203195,3.8645430908203195
2013-05-26 02:30:00,72.004,77.11887,5.114873596191401,5.114873596191401
2013-05-26 03:00:00,65.072,72.06351,6.991507080078122,6.991507080078122
2013-05-26 03:30:00,68.834,68.672424,-0.16157568359375318,0.16157568359375318
2013-05-26 04:00:00,65.106,70.59504,5.489039367675787,5.489039367675787
2013-05-26 04:30:00,73.09,69.98607,-3.103931274414066,3.103931274414066
2013-05-26 05:00:00,75.176,78.986694,3.810694335937498,3.810694335937498
2013-05-26 05:30:00,77.452,80.955345,3.5033451538085956,3.5033451538085956
2013-05-26 06:00:00,79.333,88.667114,9.334114257812502,9.334114257812502
2013-05-26 06:30:00,94.782,95.87898,1.096982543945316,1.096982543945316
2013-05-26 07:00:00,113.956,105.799934,-8.156065612792972,8.156065612792972
2013-05-26 07:30:00,126.642,123.04723,-3.594766418457027,3.594766418457027
2013-05-26 08:00:00,126.594,128.17073,1.5767305908203184,1.5767305908203184
2013-05-26 08:30:00,131.589,130.8617,-0.7273056640624986,0.7273056640624986
2013-05-26 09:00:00,127.332,132.44844,5.116440551757819,5.116440551757819
2013-05-26 09:30:00,128.957,118.90977,-10.047232849121087,10.047232849121087
2013-05-26 10:00:00,121.947,124.0385,2.0914979248046848,2.0914979248046848
2013-05-26 10:30:00,116.721,112.87707,-3.843932434082035,3.843932434082035
2013-05-26 11:00:00,102.985,111.17868,8.193680419921876,8.193680419921876
2013-05-26 11:30:00,101.725,104.34908,2.6240829467773494,2.6240829467773494
2013-05-26 12:00:00,99.25,98.879654,-0.3703460693359375,0.3703460693359375
2013-05-26 12:30:00,110.932,98.042694,-12.889305908203127,12.889305908203127
2013-05-26 13:00:00,105.126,109.097946,3.9719461669921827,3.9719461669921827
2013-05-26 13:30:00,100.275,99.49237,-0.7826293945312557,0.7826293945312557
2013-05-26 14:00:00,91.326,95.94261,4.616611694335944,4.616611694335944
2013-05-26 14:30:00,91.155,91.09377,-0.06122711181640739,0.06122711181640739
2013-05-26 15:00:00,88.699,91.23393,2.5349324951171894,2.5349324951171894
2013-05-26 15:30:00,93.317,92.32337,-0.9936281127929618,0.9936281127929618
2013-05-26 16:00:00,108.647,102.01569,-6.631306335449224,6.631306335449224
2013-05-26 16:30:00,137.429,125.65226,-11.776740173339846,11.776740173339846
2013-05-26 17:00:00,170.483,160.79637,-9.686628540039067,9.686628540039067
2013-05-26 17:30:00,191.58,191.68488,0.1048754882812375,0.1048754882812375
2013-05-26 18:00:00,192.945,206.91275,13.967750244140632,13.967750244140632
2013-05-26 18:30:00,187.92,198.72163,10.801633911132825,10.801633911132825
2013-05-26 19:00:00,177.595,186.90582,9.310822753906251,9.310822753906251
2013-05-26 19:30:00,164.961,174.07155,9.11054846191405,9.11054846191405
2013-05-26 20:00:00,170.307,168.38196,-1.925041992187488,1.925041992187488
2013-05-26 20:30:00,165.989,168.11024,2.121244750976558,2.121244750976558
2013-05-26 21:00:00,149.265,158.85059,9.585585937500014,9.585585937500014
2013-05-26 21:30:00,145.11,148.17163,3.0616308593749864,3.0616308593749864
2013-05-26 22:00:00,143.782,149.46712,5.685117309570302,5.685117309570302
2013-05-26 22:30:00,139.824,143.8484,4.02440393066405,4.02440393066405
2013-05-26 23:00:00,152.7,137.22319,-15.476809692382801,15.476809692382801
2013-05-26 23:30:00,175.609,164.01277,-11.596228393554696,11.596228393554696
2013-05-27 00:00:00,172.767,179.47763,6.710630615234379,6.710630615234379
2013-05-27 00:30:00,142.207,156.98688,14.779877441406256,14.779877441406256
2013-05-27 01:00:00,122.318,133.01337,10.695366699218752,10.695366699218752
2013-05-27 01:30:00,98.201,101.70267,3.5016672363281316,3.5016672363281316
2013-05-27 02:00:00,81.33,82.54724,1.2172412109375017,1.2172412109375017
2013-05-27 02:30:00,80.186,71.98818,-8.197817932128913,8.197817932128913
2013-05-27 03:00:00,76.133,71.22199,-4.911007507324214,4.911007507324214
2013-05-27 03:30:00,70.139,69.8799,-0.2591019287109333,0.2591019287109333
2013-05-27 04:00:00,68.33,70.246765,1.9167651367187517,1.9167651367187517
2013-05-27 04:30:00,74.576,72.38679,-2.189212585449212,2.189212585449212
2013-05-27 05:00:00,75.41,78.51656,3.106563415527347,3.106563415527347
2013-05-27 05:30:00,87.105,82.488914,-4.61608551025391,4.61608551025391
2013-05-27 06:00:00,110.717,101.73087,-8.986126892089842,8.986126892089842
2013-05-27 06:30:00,147.102,131.02393,-16.078074218750004,16.078074218750004
2013-05-27 07:00:00,146.933,145.41231,-1.5206922607421802,1.5206922607421802
2013-05-27 07:30:00,148.303,152.23009,3.9270872802734402,3.9270872802734402
2013-05-27 08:00:00,146.092,135.33194,-10.760060302734388,10.760060302734388
2013-05-27 08:30:00,133.31,133.67648,0.3664831542968727,0.3664831542968727
2013-05-27 09:00:00,109.951,119.72778,9.776783203125007,9.776783203125007
2013-05-27 09:30:00,112.433,105.867134,-6.565865905761726,6.565865905761726
2013-05-27 10:00:00,103.024,106.45562,3.431619812011718,3.431619812011718
2013-05-27 10:30:00,91.431,102.91324,11.482238525390628,11.482238525390628
2013-05-27 11:00:00,97.592,90.41418,-7.17782305908203,7.17782305908203
2013-05-27 11:30:00,87.484,98.17627,10.692269531250005,10.692269531250005
2013-05-27 12:00:00,91.173,88.3245,-2.8484989624023456,2.8484989624023456
2013-05-27 12:30:00,95.792,88.94271,-6.849289123535158,6.849289123535158
2013-05-27 13:00:00,91.369,92.65361,1.2846102294921877,1.2846102294921877
2013-05-27 13:30:00,93.269,90.08881,-3.180186218261724,3.180186218261724
2013-05-27 14:00:00,86.881,88.39831,1.5173078002929685,1.5173078002929685
2013-05-27 14:30:00,87.164,85.5441,-1.6199020996093765,1.6199020996093765
2013-05-27 15:00:00,91.483,88.709335,-2.7736646728515666,2.7736646728515666
2013-05-27 15:30:00,98.012,97.000534,-1.011465942382813,1.011465942382813
2013-05-27 16:00:00,108.519,110.21245,1.693448120117182,1.693448120117182
2013-05-27 16:30:00,134.015,130.89574,-3.119263305664049,3.119263305664049
2013-05-27 17:00:00,179.161,164.41685,-14.744145141601564,14.744145141601564
2013-05-27 17:30:00,201.857,201.90518,0.04818188476562568,0.04818188476562568
2013-05-27 18:00:00,196.797,206.01222,9.215222290039065,9.215222290039065
2013-05-27 18:30:00,194.78,198.22882,3.448820800781249,3.448820800781249
2013-05-27 19:00:00,196.917,192.08206,-4.834938232421877,4.834938232421877
2013-05-27 19:30:00,177.88,189.52965,11.649647827148442,11.649647827148442
2013-05-27 20:00:00,180.194,181.10214,0.9081423339843866,0.9081423339843866
2013-05-27 20:30:00,184.22,173.84378,-10.376219482421874,10.376219482421874
2013-05-27 21:00:00,166.899,172.1667,5.267702270507812,5.267702270507812
2013-05-27 21:30:00,151.422,166.04376,14.621762207031253,14.621762207031253
2013-05-27 22:00:00,157.624,155.65068,-1.9733194580078077,1.9733194580078077
2013-05-27 22:30:00,133.975,149.91557,15.940573120117193,15.940573120117193
2013-05-27 23:00:00,152.851,132.10493,-20.746065307617187,20.746065307617187
2013-05-27 23:30:00,166.82,176.46327,9.64327209472657,9.64327209472657
2013-05-28 00:00:00,183.771,185.19186,1.4208640136718884,1.4208640136718884
2013-05-28 00:30:00,161.158,162.76657,1.608571044921888,1.608571044921888
2013-05-28 01:00:00,146.693,141.59956,-5.0934364013671996,5.0934364013671996
2013-05-28 01:30:00,121.853,122.80586,0.9528624267578181,0.9528624267578181
2013-05-28 02:00:00,94.312,100.01309,5.701092041015627,5.701092041015627
2013-05-28 02:30:00,69.356,78.54353,9.187533325195318,9.187533325195318
2013-05-28 03:00:00,63.196,65.28881,2.092810729980471,2.092810729980471
2013-05-28 03:30:00,63.972,65.97015,1.9981538085937487,1.9981538085937487
2013-05-28 04:00:00,61.75,66.041794,4.2917938232421875,4.2917938232421875
2013-05-28 04:30:00,65.26,67.746,2.48600219726562,2.48600219726562
2013-05-28 05:00:00,75.255,71.86944,-3.3855618286132767,3.3855618286132767
2013-05-28 05:30:00,82.702,87.41143,4.709430358886721,4.709430358886721
2013-05-28 06:00:00,97.015,100.471146,3.456145629882812,3.456145629882812
2013-05-28 06:30:00,126.42,117.788666,-8.631334228515627,8.631334228515627
2013-05-28 07:00:00,131.665,130.28096,-1.3840399169921795,1.3840399169921795
2013-05-28 07:30:00,130.831,135.53387,4.702874511718761,4.702874511718761
2013-05-28 08:00:00,110.787,128.9447,18.157702148437494,18.157702148437494
2013-05-28 08:30:00,100.824,107.07589,6.251889587402346,6.251889587402346
2013-05-28 09:00:00,105.287,95.04452,-10.242482482910162,10.242482482910162
2013-05-28 09:30:00,97.017,99.94797,2.930967529296879,2.930967529296879
2013-05-28 10:00:00,100.824,94.7499,-6.074099182128904,6.074099182128904
2013-05-28 10:30:00,100.776,100.08819,-0.6878118286132775,0.6878118286132775
2013-05-28 11:00:00,101.574,99.61968,-1.9543176879882793,1.9543176879882793
2013-05-28 11:30:00,99.106,100.964226,1.8582257690429742,1.8582257690429742
2013-05-28 12:00:00,95.537,98.09141,2.5544077758789,2.5544077758789
2013-05-28 12:30:00,95.586,93.48616,-2.099839721679686,2.099839721679686
2013-05-28 13:00:00,87.799,91.37761,3.578609252929681,3.578609252929681
2013-05-28 13:30:00,91.103,86.12443,-4.978572204589838,4.978572204589838
2013-05-28 14:00:00,81.809,86.91582,5.10681726074219,5.10681726074219
2013-05-28 14:30:00,79.704,81.46515,1.7611489257812565,1.7611489257812565
2013-05-28 15:00:00,88.361,81.65653,-6.704467712402348,6.704467712402348
2013-05-28 15:30:00,101.182,91.82964,-9.352356750488283,9.352356750488283
2013-05-28 16:00:00,112.693,112.20056,-0.49243847656249784,0.49243847656249784
2013-05-28 16:30:00,125.694,131.88574,6.191742187499997,6.191742187499997
2013-05-28 17:00:00,155.571,155.23006,-0.34094323730468545,0.34094323730468545
2013-05-28 17:30:00,183.57,189.40724,5.837241821289069,5.837241821289069
2013-05-28 18:00:00,183.17,194.71417,11.544172363281263,11.544172363281263
2013-05-28 18:30:00,175.061,184.456,9.394993652343743,9.394993652343743
2013-05-28 19:00:00,167.285,169.50986,2.2248571777343784,2.2248571777343784
2013-05-28 19:30:00,160.789,167.11423,6.325227294921888,6.325227294921888
2013-05-28 20:00:00,167.018,162.34721,-4.670786254882813,4.670786254882813
2013-05-28 20:30:00,148.237,166.62767,18.390670288085943,18.390670288085943
2013-05-28 21:00:00,141.013,149.24648,8.233475219726557,8.233475219726557
2013-05-28 21:30:00,136.659,140.75531,4.096310058593758,4.096310058593758
2013-05-28 22:00:00,149.009,139.8367,-9.172299560546861,9.172299560546861
2013-05-28 22:30:00,136.305,144.6087,8.303703613281243,8.303703613281243
2013-05-28 23:00:00,142.026,133.5811,-8.444899536132823,8.444899536132823
2013-05-28 23:30:00,165.017,157.7977,-7.219301025390621,7.219301025390621
2013-05-29 00:00:00,187.775,180.4741,-7.300894165039068,7.300894165039068
2013-05-29 00:30:00,153.764,168.98637,15.222373901367177,15.222373901367177
2013-05-29 01:00:00,131.017,139.61887,8.601865966796879,8.601865966796879
2013-05-29 01:30:00,110.959,109.19828,-1.760719665527347,1.760719665527347
2013-05-29 02:00:00,86.467,94.51693,8.049929626464845,8.049929626464845
2013-05-29 02:30:00,68.936,73.82422,4.888218749999993,4.888218749999993
2013-05-29 03:00:00,70.68,67.538284,-3.1417156982421943,3.1417156982421943
2013-05-29 03:30:00,66.569,68.327675,1.7586748657226536,1.7586748657226536
2013-05-29 04:00:00,66.819,67.7634,0.9443972167968724,0.9443972167968724
2013-05-29 04:30:00,71.973,70.498184,-1.4748157958984365,1.4748157958984365
2013-05-29 05:00:00,81.7,77.87007,-3.8299285888671903,3.8299285888671903
2013-05-29 05:30:00,83.011,92.92066,9.909661926269536,9.909661926269536
2013-05-29 06:00:00,100.432,101.38422,0.9522163085937478,0.9522163085937478
2013-05-29 06:30:00,136.136,116.53729,-19.598707519531246,19.598707519531246
2013-05-29 07:00:00,136.692,130.30923,-6.382765380859382,6.382765380859382
2013-05-29 07:30:00,132.114,135.81094,3.6969436035156207,3.6969436035156207
2013-05-29 08:00:00,116.506,127.99586,11.489857238769531,11.489857238769531
2013-05-29 08:30:00,100.472,105.215,4.742996337890631,4.742996337890631
2013-05-29 09:00:00,101.766,90.93291,-10.833092895507818,10.833092895507818
2013-05-29 09:30:00,90.604,97.881165,7.277164550781251,7.277164550781251
2013-05-29 10:00:00,87.344,88.06014,0.7161425170898497,0.7161425170898497
2013-05-29 10:30:00,83.7,88.939964,5.239964294433591,5.239964294433591
2013-05-29 11:00:00,83.737,83.057365,-0.679634582519526,0.679634582519526
2013-05-29 11:30:00,75.312,82.625,7.313000000000002,7.313000000000002
2013-05-29 12:00:00,79.562,77.315025,-2.246974670410154,2.246974670410154
2013-05-29 12:30:00,78.811,79.15256,0.34155737304686795,0.34155737304686795
2013-05-29 13:00:00,74.573,79.15887,4.5858668823242255,4.5858668823242255
2013-05-29 13:30:00,76.59,76.37541,-0.2145880126953159,0.2145880126953159
2013-05-29 14:00:00,67.176,76.05558,8.879580139160154,8.879580139160154
2013-05-29 14:30:00,63.678,71.629234,7.9512343139648465,7.9512343139648465
2013-05-29 15:00:00,66.842,73.22394,6.381937988281251,6.381937988281251
2013-05-29 15:30:00,78.465,75.356804,-3.1081961059570347,3.1081961059570347
2013-05-29 16:00:00,91.546,91.309975,-0.23602532958985023,0.23602532958985023
2013-05-29 16:30:00,104.172,110.97475,6.8027467041015655,6.8027467041015655
2013-05-29 17:00:00,137.294,137.97421,0.6802126464843639,0.6802126464843639
2013-05-29 17:30:00,163.481,162.00418,-1.4768190917968695,1.4768190917968695
2013-05-29 18:00:00,161.555,173.55124,11.996239013671868,11.996239013671868
2013-05-29 18:30:00,164.226,164.87308,0.6470773925781259,0.6470773925781259
2013-05-29 19:00:00,151.196,160.60706,9.411055664062502,9.411055664062502
2013-05-29 19:30:00,145.63,154.12662,8.49661743164063,8.49661743164063
2013-05-29 20:00:00,156.642,151.66089,-4.981111328124996,4.981111328124996
2013-05-29 20:30:00,138.586,156.54947,17.963468994140612,17.963468994140612
2013-05-29 21:00:00,126.031,141.79256,15.761556762695307,15.761556762695307
2013-05-29 21:30:00,133.058,130.06557,-2.9924329833984302,2.9924329833984302
2013-05-29 22:00:00,139.688,135.99168,-3.6963160400390507,3.6963160400390507
2013-05-29 22:30:00,133.745,136.37834,2.633341674804683,2.633341674804683
2013-05-29 23:00:00,145.594,134.43999,-11.154012817382807,11.154012817382807
2013-05-29 23:30:00,160.441,165.70227,5.2612705078124975,5.2612705078124975
2013-05-30 00:00:00,173.402,169.85486,-3.547141601562487,3.547141601562487
2013-05-30 00:30:00,156.696,160.55473,3.8587332763671895,3.8587332763671895
2013-05-30 01:00:00,129.151,138.91368,9.762681030273427,9.762681030273427
2013-05-30 01:30:00,110.088,108.15732,-1.9306818847656189,1.9306818847656189
2013-05-30 02:00:00,95.501,90.29389,-5.2071080932617235,5.2071080932617235
2013-05-30 02:30:00,65.673,79.879555,14.206554748535154,14.206554748535154
2013-05-30 03:00:00,66.366,62.12157,-4.2444294128417965,4.2444294128417965
2013-05-30 03:30:00,66.677,67.429085,0.7520847778320245,0.7520847778320245
2013-05-30 04:00:00,63.398,67.75443,4.356432678222653,4.356432678222653
2013-05-30 04:30:00,61.27,67.68323,6.413227539062497,6.413227539062497
2013-05-30 05:00:00,74.665,72.01262,-2.6523809814453188,2.6523809814453188
2013-05-30 05:30:00,88.37,87.37155,-0.9984484863281295,0.9984484863281295
2013-05-30 06:00:00,117.869,104.52263,-13.346371215820312,13.346371215820312
2013-05-30 06:30:00,134.452,134.02669,-0.4253123779296857,0.4253123779296857
2013-05-30 07:00:00,128.623,128.4611,-0.16189465332030295,0.16189465332030295
2013-05-30 07:30:00,131.875,127.70656,-4.1684417724609375,4.1684417724609375
2013-05-30 08:00:00,120.095,126.38298,6.287980346679689,6.287980346679689
2013-05-30 08:30:00,105.627,110.72748,5.100478027343755,5.100478027343755
2013-05-30 09:00:00,87.616,97.16085,9.544850524902344,9.544850524902344
2013-05-30 09:30:00,86.325,82.41984,-3.9051620483398466,3.9051620483398466
2013-05-30 10:00:00,85.08,84.02654,-1.0534573364257795,1.0534573364257795
2013-05-30 10:30:00,74.176,86.20414,12.028139709472654,12.028139709472654
2013-05-30 11:00:00,80.646,77.76456,-2.881443115234376,2.881443115234376
2013-05-30 11:30:00,75.474,80.63306,5.159056640624996,5.159056640624996
2013-05-30 12:00:00,74.461,77.779854,3.3188538208007827,3.3188538208007827
2013-05-30 12:30:00,73.76,76.85563,3.095628967285151,3.095628967285151
2013-05-30 13:00:00,73.928,75.88556,1.9575590820312527,1.9575590820312527
2013-05-30 13:30:00,77.769,75.56253,-2.2064694824218805,2.2064694824218805
2013-05-30 14:00:00,66.625,76.80684,10.181838989257812,10.181838989257812
2013-05-30 14:30:00,69.107,71.57871,2.471712463378907,2.471712463378907
2013-05-30 15:00:00,64.92,73.86158,8.94157989501953,8.94157989501953
2013-05-30 15:30:00,75.127,75.72491,0.5979069213867234,0.5979069213867234
2013-05-30 16:00:00,95.53,86.13901,-9.390992431640626,9.390992431640626
2013-05-30 16:30:00,104.339,112.52341,8.184406982421876,8.184406982421876
2013-05-30 17:00:00,134.641,127.54288,-7.098122802734366,7.098122802734366
2013-05-30 17:30:00,146.903,156.07352,9.170516845703133,9.170516845703133
2013-05-30 18:00:00,153.253,163.29352,10.040518066406264,10.040518066406264
2013-05-30 18:30:00,155.647,152.77208,-2.874920532226554,2.874920532226554
2013-05-30 19:00:00,163.857,153.61116,-10.245839721679687,10.245839721679687
2013-05-30 19:30:00,152.018,156.36037,4.342366821289062,4.342366821289062
2013-05-30 20:00:00,151.235,155.60846,4.373459472656236,4.373459472656236
2013-05-30 20:30:00,146.918,150.55045,3.6324455566406186,3.6324455566406186
2013-05-30 21:00:00,130.694,146.5611,15.867096191406262,15.867096191406262
2013-05-30 21:30:00,135.638,134.4551,-1.1829066162109427,1.1829066162109427
2013-05-30 22:00:00,148.009,139.74243,-8.266568359374986,8.266568359374986
2013-05-30 22:30:00,132.619,147.30804,14.68904443359375,14.68904443359375
2013-05-30 23:00:00,141.715,133.08717,-8.627826538085941,8.627826538085941
2013-05-30 23:30:00,161.483,161.70518,0.2221849365234334,0.2221849365234334
2013-05-31 00:00:00,167.972,166.2313,-1.7407072753906334,1.7407072753906334
2013-05-31 00:30:00,148.21099999999998,155.92752,7.716520751953141,7.716520751953141
2013-05-31 01:00:00,127.877,132.64856,4.771559570312505,4.771559570312505
2013-05-31 01:30:00,101.766,105.47494,3.7089374389648384,3.7089374389648384
2013-05-31 02:00:00,81.156,83.85634,2.7003385009765566,2.7003385009765566
2013-05-31 02:30:00,78.076,70.74646,-7.329540039062493,7.329540039062493
2013-05-31 03:00:00,68.111,69.29145,1.180450500488277,1.180450500488277
2013-05-31 03:30:00,64.782,67.71102,2.9290214233398473,2.9290214233398473
2013-05-31 04:00:00,60.027,67.614815,7.58781475830078,7.58781475830078
2013-05-31 04:30:00,66.255,67.99616,1.7411624145507858,1.7411624145507858
2013-05-31 05:00:00,75.489,73.319244,-2.1697556152343793,2.1697556152343793
2013-05-31 05:30:00,85.32,84.53012,-0.7898791503906182,0.7898791503906182
2013-05-31 06:00:00,108.092,100.88204,-7.209958068847655,7.209958068847655
2013-05-31 06:30:00,130.707,126.420006,-4.28699420166015,4.28699420166015
2013-05-31 07:00:00,123.058,126.56176,3.503759948730462,3.503759948730462
2013-05-31 07:30:00,126.9,120.67615,-6.223852539062506,6.223852539062506
2013-05-31 08:00:00,116.918,121.33854,4.42053912353515,4.42053912353515
2013-05-31 08:30:00,96.932,108.752556,11.820555847167967,11.820555847167967
2013-05-31 09:00:00,88.649,89.84161,1.192613769531249,1.192613769531249
2013-05-31 09:30:00,83.43,82.350784,-1.0792156982421943,1.0792156982421943
2013-05-31 10:00:00,83.965,82.03853,-1.926471557617191,1.926471557617191
2013-05-31 10:30:00,87.082,83.50469,-3.577307922363275,3.577307922363275
2013-05-31 11:00:00,79.794,85.265366,5.471365600585941,5.471365600585941
2013-05-31 11:30:00,80.615,81.04671,0.4317071533203176,0.4317071533203176
2013-05-31 12:00:00,77.159,79.852036,2.6930355224609315,2.6930355224609315
2013-05-31 12:30:00,73.202,77.11987,3.917873046875002,3.917873046875002
2013-05-31 13:00:00,77.229,74.5984,-2.630603698730468,2.630603698730468
2013-05-31 13:30:00,70.315,76.45864,6.143641052246096,6.143641052246096
2013-05-31 14:00:00,69.816,72.18465,2.36864660644531,2.36864660644531
2013-05-31 14:30:00,67.343,71.173874,3.830873901367184,3.830873901367184
2013-05-31 15:00:00,70.071,72.275055,2.204054931640627,2.204054931640627
2013-05-31 15:30:00,73.342,74.6035,1.2615003662109388,1.2615003662109388
2013-05-31 16:00:00,79.718,83.191895,3.4738945312499965,3.4738945312499965
2013-05-31 16:30:00,96.405,94.83538,-1.5696194458007824,1.5696194458007824
2013-05-31 17:00:00,128.889,120.00386,-8.885139526367198,8.885139526367198
2013-05-31 17:30:00,149.576,154.30817,4.732166503906257,4.732166503906257
2013-05-31 18:00:00,155.412,164.62032,9.208315551757806,9.208315551757806
2013-05-31 18:30:00,149.025,153.01088,3.985879516601557,3.985879516601557
2013-05-31 19:00:00,142.732,148.38147,5.649469726562501,5.649469726562501
2013-05-31 19:30:00,132.504,144.81725,12.313245483398447,12.313245483398447
2013-05-31 20:00:00,130.326,139.473,9.147007202148444,9.147007202148444
2013-05-31 20:30:00,124.177,134.52144,10.344438598632806,10.344438598632806
2013-05-31 21:00:00,116.486,121.15743,4.6714325561523395,4.6714325561523395
2013-05-31 21:30:00,116.986,117.5228,0.5367966308593708,0.5367966308593708
2013-05-31 22:00:00,128.296,124.252075,-4.043924804687492,4.043924804687492
2013-05-31 22:30:00,123.983,127.010826,3.0278261108398397,3.0278261108398397
2013-05-31 23:00:00,139.516,126.0061,-13.509896484374991,13.509896484374991
2013-05-31 23:30:00,167.502,158.62955,-8.872452880859385,8.872452880859385
2013-06-01 00:00:00,167.424,173.9749,6.550899291992181,6.550899291992181
2013-06-01 00:30:00,137.244,150.50812,13.26411767578125,13.26411767578125
2013-06-01 01:00:00,119.577,127.55152,7.974521301269533,7.974521301269533
2013-06-01 01:30:00,97.214,101.590225,4.376225219726564,4.376225219726564
2013-06-01 02:00:00,81.99,83.444145,1.4541452026367239,1.4541452026367239
2013-06-01 02:30:00,62.567,70.03466,7.467660339355469,7.467660339355469
2013-06-01 03:00:00,58.335,66.83395,8.498946228027343,8.498946228027343
2013-06-01 03:30:00,58.546,63.147266,4.601266387939454,4.601266387939454
2013-06-01 04:00:00,61.606,62.96764,1.3616399230957015,1.3616399230957015
2013-06-01 04:30:00,60.602,64.09665,3.4946491699218782,3.4946491699218782
2013-06-01 05:00:00,67.265,66.214096,-1.050903930664063,1.050903930664063
2013-06-01 05:30:00,69.134,74.71769,5.583689514160156,5.583689514160156
2013-06-01 06:00:00,78.478,79.57034,1.0923430175781306,1.0923430175781306
2013-06-01 06:30:00,89.454,93.23375,3.779749389648444,3.779749389648444
2013-06-01 07:00:00,99.182,101.39208,2.2100822143554666,2.2100822143554666
2013-06-01 07:30:00,105.459,113.82386,8.364860168457028,8.364860168457028
2013-06-01 08:00:00,119.908,112.69459,-7.21341229248047,7.21341229248047
2013-06-01 08:30:00,112.753,120.037155,7.284155151367187,7.284155151367187
2013-06-01 09:00:00,119.324,110.75674,-8.567263244628904,8.567263244628904
2013-06-01 09:30:00,112.328,112.251,-0.0770005493164092,0.0770005493164092
2013-06-01 10:00:00,114.998,108.71617,-6.281828735351567,6.281828735351567
2013-06-01 10:30:00,109.034,109.56627,0.5322689208984315,0.5322689208984315
2013-06-01 11:00:00,112.843,105.251495,-7.5915046386718785,7.5915046386718785
2013-06-01 11:30:00,105.029,110.52282,5.493819519042972,5.493819519042972
2013-06-01 12:00:00,106.874,103.42376,-3.4502405395507765,3.4502405395507765
2013-06-01 12:30:00,110.471,104.64294,-5.828063293457035,5.828063293457035
2013-06-01 13:00:00,103.867,108.8237,4.956699951171871,4.956699951171871
2013-06-01 13:30:00,95.639,102.34002,6.701019226074223,6.701019226074223
2013-06-01 14:00:00,99.561,93.88141,-5.679591308593757,5.679591308593757
2013-06-01 14:30:00,95.895,98.00174,2.106739501953129,2.106739501953129
2013-06-01 15:00:00,107.312,95.795685,-11.516315185546873,11.516315185546873
2013-06-01 15:30:00,107.908,110.994545,3.086544982910155,3.086544982910155
2013-06-01 16:00:00,122.595,116.33663,-6.258368225097655,6.258368225097655
2013-06-01 16:30:00,129.635,132.25824,2.623239746093759,2.623239746093759
2013-06-01 17:00:00,146.975,142.79146,-4.183541870117182,4.183541870117182
2013-06-01 17:30:00,169.425,167.90746,-1.5175445556640739,1.5175445556640739
2013-06-01 18:00:00,175.718,171.91103,-3.806973999023427,3.806973999023427
2013-06-01 18:30:00,168.822,170.2535,1.4314942626953098,1.4314942626953098
2013-06-01 19:00:00,160.336,163.6269,3.2909073486327998,3.2909073486327998
2013-06-01 19:30:00,144.59,156.00093,11.410930786132809,11.410930786132809
2013-06-01 20:00:00,145.01,150.19228,5.182276000976572,5.182276000976572
2013-06-01 20:30:00,139.482,147.47232,7.990320556640626,7.990320556640626
2013-06-01 21:00:00,128.894,137.46544,8.571438842773432,8.571438842773432
2013-06-01 21:30:00,130.457,131.11586,0.6588599853515689,0.6588599853515689
2013-06-01 22:00:00,135.126,134.34921,-0.7767873535156298,0.7767873535156298
2013-06-01 22:30:00,128.806,133.3368,4.530807250976551,4.530807250976551
2013-06-01 23:00:00,145.965,132.21109,-13.753909912109378,13.753909912109378
2013-06-01 23:30:00,169.767,158.52843,-11.238572875976558,11.238572875976558
2013-06-02 00:00:00,165.452,180.50867,15.056666992187502,15.056666992187502
2013-06-02 00:30:00,145.537,151.3006,5.763598144531244,5.763598144531244
2013-06-02 01:00:00,125.885,132.28622,6.40122436523437,6.40122436523437
2013-06-02 01:30:00,100.07,105.084595,5.014594726562507,5.014594726562507
2013-06-02 02:00:00,88.938,85.749,-3.188999450683596,3.188999450683596
2013-06-02 02:30:00,77.675,75.666504,-2.008496093749997,2.008496093749997
2013-06-02 03:00:00,70.528,70.20316,-0.32483685302734955,0.32483685302734955
2013-06-02 03:30:00,64.587,67.28281,2.6958063964843717,2.6958063964843717
2013-06-02 04:00:00,66.176,64.97454,-1.2014592895507832,1.2014592895507832
2013-06-02 04:30:00,65.554,67.88654,2.332543273925779,2.332543273925779
2013-06-02 05:00:00,68.885,66.88136,-2.0036370849609426,2.0036370849609426
2013-06-02 05:30:00,67.408,71.88193,4.473927490234374,4.473927490234374
2013-06-02 06:00:00,73.446,72.726456,-0.7195443115234355,0.7195443115234355
2013-06-02 06:30:00,81.244,83.832726,2.588725524902344,2.588725524902344
2013-06-02 07:00:00,93.662,92.68862,-0.9733784790039124,0.9733784790039124
2013-06-02 07:30:00,104.288,108.77663,4.488626586914066,4.488626586914066
2013-06-02 08:00:00,117.697,110.32695,-7.370049926757815,7.370049926757815
2013-06-02 08:30:00,125.013,121.64309,-3.3699107055664115,3.3699107055664115
2013-06-02 09:00:00,130.497,129.85278,-0.6442167968750141,0.6442167968750141
2013-06-02 09:30:00,130.219,130.36037,0.1413668212890684,0.1413668212890684
2013-06-02 10:00:00,142.884,126.94919,-15.934811767578111,15.934811767578111
2013-06-02 10:30:00,140.766,134.25687,-6.509133544921866,6.509133544921866
2013-06-02 11:00:00,143.304,144.45084,1.146836181640623,1.146836181640623
2013-06-02 11:30:00,151.952,144.27513,-7.676868774414061,7.676868774414061
2013-06-02 12:00:00,160.404,158.14,-2.264000610351559,2.264000610351559
2013-06-02 12:30:00,158.385,164.47256,6.087564697265634,6.087564697265634
2013-06-02 13:00:00,159.523,160.01642,0.49341845703125387,0.49341845703125387
2013-06-02 13:30:00,169.442,163.06091,-6.381086914062507,6.381086914062507
2013-06-02 14:00:00,162.496,171.67322,9.17721777343749,9.17721777343749
2013-06-02 14:30:00,147.923,161.31096,13.387958862304686,13.387958862304686
2013-06-02 15:00:00,140.626,151.81651,11.190513061523433,11.190513061523433
2013-06-02 15:30:00,140.467,147.67351,7.2065076904296745,7.2065076904296745
2013-06-02 16:00:00,152.848,148.06781,-4.780189941406263,4.780189941406263
2013-06-02 16:30:00,178.535,163.53307,-15.001934204101559,15.001934204101559
2013-06-02 17:00:00,220.356,198.74106,-21.61494165039062,21.61494165039062
2013-06-02 17:30:00,250.695,226.64217,-24.05283386230468,24.05283386230468
2013-06-02 18:00:00,232.508,240.50136,7.993358032226553,7.993358032226553
2013-06-02 18:30:00,217.028,227.54669,10.518691894531258,10.518691894531258
2013-06-02 19:00:00,195.437,215.00798,19.570980346679676,19.570980346679676
2013-06-02 19:30:00,199.469,197.11824,-2.3507596435546816,2.3507596435546816
2013-06-02 20:00:00,202.482,199.07535,-3.4066520996093743,3.4066520996093743
2013-06-02 20:30:00,183.536,194.68863,11.152629150390624,11.152629150390624
2013-06-02 21:00:00,167.441,180.07202,12.631021484374997,12.631021484374997
2013-06-02 21:30:00,163.588,165.3903,1.8023045654296936,1.8023045654296936
2013-06-02 22:00:00,167.7,162.31125,-5.388751220703114,5.388751220703114
2013-06-02 22:30:00,150.694,158.42816,7.734161621093762,7.734161621093762
2013-06-02 23:00:00,144.828,147.34892,2.5209227294921845,2.5209227294921845
2013-06-02 23:30:00,184.335,160.07657,-24.258431396484383,24.258431396484383
2013-06-03 00:00:00,179.2,186.36938,7.169384765625011,7.169384765625011
2013-06-03 00:30:00,165.771,164.45988,-1.311115356445299,1.311115356445299
2013-06-03 01:00:00,146.751,150.9466,4.195594238281245,4.195594238281245
2013-06-03 01:30:00,123.83,129.50023,5.670228881835939,5.670228881835939
2013-06-03 02:00:00,99.354,101.76091,2.4069100341796883,2.4069100341796883
2013-06-03 02:30:00,87.225,80.061356,-7.163644409179682,7.163644409179682
2013-06-03 03:00:00,76.813,77.365906,0.5529057617187476,0.5529057617187476
2013-06-03 03:30:00,63.042,70.69988,7.657882507324217,7.657882507324217
2013-06-03 04:00:00,72.816,66.97026,-5.845739379882815,5.845739379882815
2013-06-03 04:30:00,72.44,77.15102,4.711016235351565,4.711016235351565
2013-06-03 05:00:00,79.82900000000001,78.42029,-1.4087119140625077,1.4087119140625077
2013-06-03 05:30:00,96.902,88.185455,-8.716544677734376,8.716544677734376
2013-06-03 06:00:00,113.518,112.31088,-1.2071174316406257,1.2071174316406257
2013-06-03 06:30:00,154.187,136.59195,-17.595050537109387,17.595050537109387
2013-06-03 07:00:00,148.319,160.04926,11.730255371093762,11.730255371093762
2013-06-03 07:30:00,149.724,153.37352,3.649519897460948,3.649519897460948
2013-06-03 08:00:00,140.838,140.70758,-0.13041943359374386,0.13041943359374386
2013-06-03 08:30:00,123.674,129.38512,5.711116577148431,5.711116577148431
2013-06-03 09:00:00,115.535,114.20973,-1.325267944335934,1.325267944335934
2013-06-03 09:30:00,104.762,107.605286,2.8432856445312495,2.8432856445312495
2013-06-03 10:00:00,98.432,99.84977,1.417769592285154,1.417769592285154
2013-06-03 10:30:00,103.903,97.73862,-6.164383056640631,6.164383056640631
2013-06-03 11:00:00,101.452,100.14674,-1.3052562255859357,1.3052562255859357
2013-06-03 11:30:00,88.981,100.327126,11.346125549316412,11.346125549316412
2013-06-03 12:00:00,91.97,87.600624,-4.369375915527343,4.369375915527343
2013-06-03 12:30:00,87.833,88.69113,0.8581315917968766,0.8581315917968766
2013-06-03 13:00:00,86.97,88.50348,1.5334790039062511,1.5334790039062511
2013-06-03 13:30:00,85.453,83.6056,-1.8474015502929717,1.8474015502929717
2013-06-03 14:00:00,77.542,81.104744,3.5627439575195297,3.5627439575195297
2013-06-03 14:30:00,77.723,77.59731,-0.12568707275390523,0.12568707275390523
2013-06-03 15:00:00,75.844,79.19316,3.3491610107421934,3.3491610107421934
2013-06-03 15:30:00,76.264,83.13127,6.867271362304692,6.867271362304692
2013-06-03 16:00:00,88.791,90.26793,1.4769290771484407,1.4769290771484407
2013-06-03 16:30:00,115.277,108.04092,-7.236083557128907,7.236083557128907
2013-06-03 17:00:00,158.338,150.6016,-7.736406982421869,7.736406982421869
2013-06-03 17:30:00,201.042,196.55888,-4.483116333007814,4.483116333007814
2013-06-03 18:00:00,213.815,217.45963,3.6446252441406273,3.6446252441406273
2013-06-03 18:30:00,201.629,216.66852,15.03951806640626,15.03951806640626
2013-06-03 19:00:00,197.995,199.48958,1.494578247070308,1.494578247070308
2013-06-03 19:30:00,189.678,200.11766,10.43966052246094,10.43966052246094
2013-06-03 20:00:00,194.589,194.21927,-0.36973120117187364,0.36973120117187364
2013-06-03 20:30:00,175.85399999999998,185.9128,10.058796020507828,10.058796020507828
2013-06-03 21:00:00,166.745,171.24554,4.5005444335937455,4.5005444335937455
2013-06-03 21:30:00,163.157,167.10265,3.945645874023427,3.945645874023427
2013-06-03 22:00:00,157.751,161.00002,3.2490152587890577,3.2490152587890577
2013-06-03 22:30:00,141.675,150.49637,8.821368408203114,8.821368408203114
2013-06-03 23:00:00,158.411,138.96655,-19.444447265625,19.444447265625
2013-06-03 23:30:00,171.285,167.98581,-3.2991906738281216,3.2991906738281216
2013-06-04 00:00:00,200.037,182.71112,-17.325879394531256,17.325879394531256
2013-06-04 00:30:00,174.422,167.45813,-6.963870117187497,6.963870117187497
2013-06-04 01:00:00,149.06900000000002,154.2642,5.195205932617171,5.195205932617171
2013-06-04 01:30:00,126.5,124.885445,-1.6145553588867188,1.6145553588867188
2013-06-04 02:00:00,106.829,106.002556,-0.8264441528320248,0.8264441528320248
2013-06-04 02:30:00,82.801,84.370636,1.569635986328123,1.569635986328123
2013-06-04 03:00:00,78.785,74.312164,-4.472835693359372,4.472835693359372
2013-06-04 03:30:00,73.376,71.67097,-1.7050328979492235,1.7050328979492235
2013-06-04 04:00:00,69.051,72.54786,3.4968591918945293,3.4968591918945293
2013-06-04 04:30:00,74.294,73.26932,-1.024682373046872,1.024682373046872
2013-06-04 05:00:00,84.266,78.71793,-5.548066345214849,5.548066345214849
2013-06-04 05:30:00,89.866,94.4658,4.599797424316407,4.599797424316407
2013-06-04 06:00:00,115.615,105.457794,-10.15720581054687,10.15720581054687
2013-06-04 06:30:00,141.386,141.67445,0.2884537353515668,0.2884537353515668
2013-06-04 07:00:00,150.962,152.52086,1.5588587646484484,1.5588587646484484
2013-06-04 07:30:00,154.258,147.49107,-6.766926391601572,6.766926391601572
2013-06-04 08:00:00,140.793,142.8585,2.065505249023431,2.065505249023431
2013-06-04 08:30:00,125.313,124.75111,-0.5618937377929711,0.5618937377929711
2013-06-04 09:00:00,103.903,115.25505,11.352050659179682,11.352050659179682
2013-06-04 09:30:00,100.937,95.56718,-5.369823181152341,5.369823181152341
2013-06-04 10:00:00,98.107,94.18771,-3.9192863769531243,3.9192863769531243
2013-06-04 10:30:00,93.566,95.50847,1.942468627929685,1.942468627929685
2013-06-04 11:00:00,87.147,90.89792,3.7509187011718694,3.7509187011718694
2013-06-04 11:30:00,81.69200000000001,88.62211,6.930108459472649,6.930108459472649
2013-06-04 12:00:00,72.358,83.32823,10.970231811523433,10.970231811523433
2013-06-04 12:30:00,74.897,78.26079,3.363787963867182,3.363787963867182
2013-06-04 13:00:00,74.118,76.809975,2.6919746704101613,2.6919746704101613
2013-06-04 13:30:00,70.07300000000001,75.21595,5.142950012207024,5.142950012207024
2013-06-04 14:00:00,72.027,71.26761,-0.759391357421876,0.759391357421876
2013-06-04 14:30:00,70.97,74.29454,3.3245404052734386,3.3245404052734386
2013-06-04 15:00:00,77.329,75.03383,-2.295171264648431,2.295171264648431
2013-06-04 15:30:00,86.896,82.51835,-4.3776513061523445,4.3776513061523445
2013-06-04 16:00:00,93.733,96.663826,2.930825988769527,2.930825988769527
2013-06-04 16:30:00,115.31,110.20072,-5.109278259277346,5.109278259277346
2013-06-04 17:00:00,160.838,150.04997,-10.788027465820306,10.788027465820306
2013-06-04 17:30:00,190.337,194.37521,4.038213623046886,4.038213623046886
2013-06-04 18:00:00,182.496,210.5196,28.023607543945303,28.023607543945303
2013-06-04 18:30:00,181.18,187.91936,6.739357299804681,6.739357299804681
2013-06-04 19:00:00,186.404,180.93848,-5.465523437499996,5.465523437499996
2013-06-04 19:30:00,184.974,182.06512,-2.9088754882812395,2.9088754882812395
2013-06-04 20:00:00,176.531,181.96838,5.437383789062494,5.437383789062494
2013-06-04 20:30:00,166.584,175.0198,8.435805908203122,8.435805908203122
2013-06-04 21:00:00,145.967,161.64558,15.6785841064453,15.6785841064453
2013-06-04 21:30:00,148.667,149.79842,1.131416137695311,1.131416137695311
2013-06-04 22:00:00,150.268,150.82683,0.5588280029296868,0.5588280029296868
2013-06-04 22:30:00,143.566,143.52032,-0.0456752929687525,0.0456752929687525
2013-06-04 23:00:00,144.952,141.37885,-3.573154785156248,3.573154785156248
2013-06-04 23:30:00,180.404,162.38354,-18.020455078124996,18.020455078124996
2013-06-05 00:00:00,181.975,191.88168,9.90668334960938,9.90668334960938
2013-06-05 00:30:00,161.68,168.11694,6.436943359374993,6.436943359374993
2013-06-05 01:00:00,129.793,143.87834,14.085341674804681,14.085341674804681
2013-06-05 01:30:00,116.851,109.712425,-7.138574768066405,7.138574768066405
2013-06-05 02:00:00,94.47,96.14088,1.6708767700195324,1.6708767700195324
2013-06-05 02:30:00,84.428,80.34154,-4.08646252441406,4.08646252441406
2013-06-05 03:00:00,72.709,72.6004,-0.10859716796875318,0.10859716796875318
2013-06-05 03:30:00,68.266,70.46492,2.198920043945307,2.198920043945307
2013-06-05 04:00:00,65.213,70.113075,4.900075256347662,4.900075256347662
2013-06-05 04:30:00,69.384,70.57791,1.1939113769531247,1.1939113769531247
2013-06-05 05:00:00,78.925,75.324554,-3.600445556640622,3.600445556640622
2013-06-05 05:30:00,90.899,92.20811,1.3091069946289053,1.3091069946289053
2013-06-05 06:00:00,113.005,109.5088,-3.496203308105464,3.496203308105464
2013-06-05 06:30:00,136.821,137.62314,0.802138427734377,0.802138427734377
2013-06-05 07:00:00,144.278,137.75867,-6.519333007812492,6.519333007812492
2013-06-05 07:30:00,148.185,147.6873,-0.4976983642578148,0.4976983642578148
2013-06-05 08:00:00,138.664,139.62944,0.9654403076172002,0.9654403076172002
2013-06-05 08:30:00,122.458,128.25116,5.793159667968752,5.793159667968752
2013-06-05 09:00:00,104.977,111.53686,6.559857604980465,6.559857604980465
2013-06-05 09:30:00,103.977,98.42374,-5.553263427734379,5.553263427734379
2013-06-05 10:00:00,99.939,100.994446,1.055445800781257,1.055445800781257
2013-06-05 10:30:00,107.313,99.79936,-7.513637817382815,7.513637817382815
2013-06-05 11:00:00,99.826,104.12118,4.29517767333985,4.29517767333985
2013-06-05 11:30:00,94.473,100.82578,6.352782775878907,6.352782775878907
2013-06-05 12:00:00,81.987,92.98769,11.000693786621099,11.000693786621099
2013-06-05 12:30:00,82.883,84.58491,1.7019075317382857,1.7019075317382857
2013-06-05 13:00:00,88.097,82.37035,-5.7266463012695255,5.7266463012695255
2013-06-05 13:30:00,85.836,85.13412,-0.7018828735351548,0.7018828735351548
2013-06-05 14:00:00,83.728,81.34313,-2.3848679809570257,2.3848679809570257
2013-06-05 14:30:00,87.22,81.4737,-5.746298522949218,5.746298522949218
2013-06-05 15:00:00,87.906,87.6149,-0.2911013183593809,0.2911013183593809
2013-06-05 15:30:00,95.424,91.27506,-4.14893743896485,4.14893743896485
2013-06-05 16:00:00,114.812,103.26834,-11.543658935546873,11.543658935546873
2013-06-05 16:30:00,127.501,131.0881,3.5871042480468702,3.5871042480468702
2013-06-05 17:00:00,159.991,153.55281,-6.438189331054701,6.438189331054701
2013-06-05 17:30:00,189.256,189.30133,0.04533056640624977,0.04533056640624977
2013-06-05 18:00:00,196.604,206.54509,9.941089721679674,9.941089721679674
2013-06-05 18:30:00,192.499,196.95197,4.452965332031255,4.452965332031255
2013-06-05 19:00:00,200.221,188.98335,-11.237647338867191,11.237647338867191
2013-06-05 19:30:00,193.932,190.54819,-3.383812744140613,3.383812744140613
2013-06-05 20:00:00,184.449,194.29445,9.84544885253905,9.84544885253905
2013-06-05 20:30:00,166.163,178.90524,12.742242919921864,12.742242919921864
2013-06-05 21:00:00,152.635,161.66968,9.034677734375009,9.034677734375009
2013-06-05 21:30:00,151.438,151.98555,0.5475499267578243,0.5475499267578243
2013-06-05 22:00:00,154.729,153.37883,-1.350170043945326,1.350170043945326
2013-06-05 22:30:00,148.217,146.4464,-1.7706041259765755,1.7706041259765755
2013-06-05 23:00:00,150.645,144.23886,-6.406138916015635,6.406138916015635
2013-06-05 23:30:00,173.096,164.50696,-8.589041992187504,8.589041992187504
2013-06-06 00:00:00,187.138,182.28835,-4.849654663085943,4.849654663085943
2013-06-06 00:30:00,162.231,164.1845,1.953494018554693,1.953494018554693
2013-06-06 01:00:00,146.004,142.46106,-3.5429404296874907,3.5429404296874907
2013-06-06 01:30:00,121.158,124.05501,2.8970079345703112,2.8970079345703112
2013-06-06 02:00:00,95.583,99.97652,4.393516723632814,4.393516723632814
2013-06-06 02:30:00,76.126,79.021835,2.8958353271484327,2.8958353271484327
2013-06-06 03:00:00,67.431,69.18203,1.7510297241210964,1.7510297241210964
2013-06-06 03:30:00,67.032,67.79582,0.763822143554691,0.763822143554691
2013-06-06 04:00:00,63.527,69.03669,5.50968975830078,5.50968975830078
2013-06-06 04:30:00,63.063,68.60954,5.546542846679685,5.546542846679685
2013-06-06 05:00:00,73.07,70.83413,-2.2358706665038994,2.2358706665038994
2013-06-06 05:30:00,87.351,85.45832,-1.8926793823242178,1.8926793823242178
2013-06-06 06:00:00,110.36,102.12273,-8.237273559570312,8.237273559570312
2013-06-06 06:30:00,135.112,134.35396,-0.7580418701171823,0.7580418701171823
2013-06-06 07:00:00,142.5,135.4001,-7.0998992919921875,7.0998992919921875
2013-06-06 07:30:00,147.621,149.60132,1.9803183593749907,1.9803183593749907
2013-06-06 08:00:00,125.852,137.9405,12.088505981445309,12.088505981445309
2013-06-06 08:30:00,109.062,120.09345,11.031452453613284,11.031452453613284
2013-06-06 09:00:00,95.139,100.632965,5.493965087890629,5.493965087890629
2013-06-06 09:30:00,92.058,87.049995,-5.008004577636726,5.008004577636726
2013-06-06 10:00:00,92.987,87.90914,-5.077858459472651,5.077858459472651
2013-06-06 10:30:00,88.237,90.07348,1.836478698730474,1.836478698730474
2013-06-06 11:00:00,84.6,87.88273,3.282728576660162,3.282728576660162
2013-06-06 11:30:00,79.465,84.628654,5.163654479980465,5.163654479980465
2013-06-06 12:00:00,84.514,81.48222,-3.0317764892578083,3.0317764892578083
2013-06-06 12:30:00,88.426,83.07033,-5.355672241210939,5.355672241210939
2013-06-06 13:00:00,83.869,85.54818,1.679179626464844,1.679179626464844
2013-06-06 13:30:00,86.748,81.63009,-5.117911193847661,5.117911193847661
2013-06-06 14:00:00,88.663,84.1549,-4.508100402832028,4.508100402832028
2013-06-06 14:30:00,89.001,85.32272,-3.6782766113281298,3.6782766113281298
2013-06-06 15:00:00,87.001,88.812355,1.8113550415039015,1.8113550415039015
2013-06-06 15:30:00,86.262,90.25138,3.989380920410156,3.989380920410156
2013-06-06 16:00:00,108.334,92.751755,-15.582245239257816,15.582245239257816
2013-06-06 16:30:00,129.893,125.09047,-4.802530639648438,4.802530639648438
2013-06-06 17:00:00,157.427,156.63487,-0.792127563476555,0.792127563476555
2013-06-06 17:30:00,180.99,187.80037,6.810369262695303,6.810369262695303
2013-06-06 18:00:00,176.042,192.09508,16.053077514648436,16.053077514648436
2013-06-06 18:30:00,172.638,177.03957,4.401566040039057,4.401566040039057
2013-06-06 19:00:00,178.26,167.77512,-10.484884033203116,10.484884033203116
2013-06-06 19:30:00,172.159,173.79329,1.6342891845703207,1.6342891845703207
2013-06-06 20:00:00,174.702,168.32507,-6.376926757812498,6.376926757812498
2013-06-06 20:30:00,168.432,166.80113,-1.6308677978515504,1.6308677978515504
2013-06-06 21:00:00,155.138,161.502,6.363998901367182,6.363998901367182
2013-06-06 21:30:00,145.55,151.76895,6.218951416015614,6.218951416015614
2013-06-06 22:00:00,141.495,151.32857,9.833567504882808,9.833567504882808
2013-06-06 22:30:00,133.903,135.76741,1.864410278320321,1.864410278320321
2013-06-06 23:00:00,143.236,135.86862,-7.367378173828115,7.367378173828115
2013-06-06 23:30:00,176.425,158.31285,-18.112149047851574,18.112149047851574
2013-06-07 00:00:00,181.927,183.5558,1.62880139160157,1.62880139160157
2013-06-07 00:30:00,148.508,161.06584,12.557841674804678,12.557841674804678
2013-06-07 01:00:00,129.426,134.80199,5.37598669433595,5.37598669433595
2013-06-07 01:30:00,115.864,109.44153,-6.422471679687504,6.422471679687504
2013-06-07 02:00:00,94.476,96.97236,2.496358703613282,2.496358703613282
2013-06-07 02:30:00,80.63,77.418,-3.2120007324218705,3.2120007324218705
2013-06-07 03:00:00,66.377,70.229324,3.852324340820317,3.852324340820317
2013-06-07 03:30:00,61.805,66.80305,4.9980471801757815,4.9980471801757815
2013-06-07 04:00:00,58.582,65.72884,7.146843688964843,7.146843688964843
2013-06-07 04:30:00,60.048,66.80375,6.755749084472654,6.755749084472654
2013-06-07 05:00:00,73.116,68.6608,-4.455202880859375,4.455202880859375
2013-06-07 05:30:00,80.246,81.509285,1.2632849731445361,1.2632849731445361
2013-06-07 06:00:00,97.615,95.58976,-2.0252401733398386,2.0252401733398386
2013-06-07 06:30:00,104.656,115.88264,11.226637023925775,11.226637023925775
2013-06-07 07:00:00,118.429,107.8016,-10.627402404785158,10.627402404785158
2013-06-07 07:30:00,123.728,119.554825,-4.173175170898432,4.173175170898432
2013-06-07 08:00:00,128.354,117.779976,-10.574024108886732,10.574024108886732
2013-06-07 08:30:00,118.167,121.48641,3.319412048339842,3.319412048339842
2013-06-07 09:00:00,100.203,106.47272,6.269717285156247,6.269717285156247
2013-06-07 09:30:00,94.825,95.008545,0.18354492187499716,0.18354492187499716
2013-06-07 10:00:00,92.585,89.64549,-2.9395074462890562,2.9395074462890562
2013-06-07 10:30:00,102.086,90.29891,-11.787087951660155,11.787087951660155
2013-06-07 11:00:00,99.032,98.84999,-0.18200915527343398,0.18200915527343398
2013-06-07 11:30:00,95.285,100.458954,5.173953857421878,5.173953857421878
2013-06-07 12:00:00,89.122,93.96725,4.845247009277344,4.845247009277344
2013-06-07 12:30:00,91.597,88.54336,-3.0536421508789005,3.0536421508789005
2013-06-07 13:00:00,90.637,87.60943,-3.0275715942382817,3.0275715942382817
2013-06-07 13:30:00,81.681,87.35419,5.673187011718753,5.673187011718753
2013-06-07 14:00:00,79.755,80.69761,0.9426089477539108,0.9426089477539108
2013-06-07 14:30:00,79.68900000000001,78.513916,-1.1750839843750072,1.1750839843750072
2013-06-07 15:00:00,79.045,79.95386,0.9088574218749983,0.9088574218749983
2013-06-07 15:30:00,85.52,84.83605,-0.6839480590820273,0.6839480590820273
2013-06-07 16:00:00,92.922,92.09475,-0.8272505493164033,0.8272505493164033
2013-06-07 16:30:00,113.166,108.91938,-4.246619812011716,4.246619812011716
2013-06-07 17:00:00,147.157,139.25539,-7.901613647460948,7.901613647460948
2013-06-07 17:30:00,170.928,168.20789,-2.7201142578124973,2.7201142578124973
2013-06-07 18:00:00,160.928,180.91379,19.985787841796878,19.985787841796878
2013-06-07 18:30:00,154.213,163.32362,9.110623657226569,9.110623657226569
2013-06-07 19:00:00,152.675,154.81833,2.1433288574218636,2.1433288574218636
2013-06-07 19:30:00,145.245,154.27264,9.027644042968745,9.027644042968745
2013-06-07 20:00:00,146.734,152.71423,5.980233398437491,5.980233398437491
2013-06-07 20:30:00,147.151,149.58896,2.4379587402343645,2.4379587402343645
2013-06-07 21:00:00,129.514,148.7789,19.264900146484365,19.264900146484365
2013-06-07 21:30:00,131.901,132.46791,0.566910766601552,0.566910766601552
2013-06-07 22:00:00,139.652,133.437,-6.215003540039049,6.215003540039049
2013-06-07 22:30:00,132.697,135.47717,2.7801728515624973,2.7801728515624973
2013-06-07 23:00:00,142.881,132.96082,-9.9201845703125,9.9201845703125
2013-06-07 23:30:00,175.722,164.83543,-10.886566040039071,10.886566040039071
2013-06-08 00:00:00,187.735,187.44737,-0.28762756347657614,0.28762756347657614
2013-06-08 00:30:00,160.127,166.37134,6.2443378906249905,6.2443378906249905
2013-06-08 01:00:00,130.773,143.10553,12.332529785156254,12.332529785156254
2013-06-08 01:30:00,110.957,110.86772,-0.08927844238280613,0.08927844238280613
2013-06-08 02:00:00,87.061,93.86913,6.808132995605462,6.808132995605462
2013-06-08 02:30:00,75.209,72.21823,-2.990768798828128,2.990768798828128
2013-06-08 03:00:00,62.325,69.97876,7.653759765624997,7.653759765624997
2013-06-08 03:30:00,65.525,65.700294,0.17529449462890057,0.17529449462890057
2013-06-08 04:00:00,60.119,67.15344,7.0344423828125,7.0344423828125
2013-06-08 04:30:00,57.067,66.74867,9.681672485351562,9.681672485351562
2013-06-08 05:00:00,62.498,66.02543,3.5274287719726587,3.5274287719726587
2013-06-08 05:30:00,64.962,70.94099,5.978986633300778,5.978986633300778
2013-06-08 06:00:00,74.483,75.39845,0.9154527587890584,0.9154527587890584
2013-06-08 06:30:00,90.539,84.31619,-6.2228073730468765,6.2228073730468765
2013-06-08 07:00:00,90.576,99.7664,9.190403198242194,9.190403198242194
2013-06-08 07:30:00,100.463,109.57116,9.108159362792975,9.108159362792975
2013-06-08 08:00:00,119.284,110.7828,-8.501201232910162,8.501201232910162
2013-06-08 08:30:00,129.962,119.789375,-10.172624694824208,10.172624694824208
2013-06-08 09:00:00,124.925,132.85596,7.930957031250003,7.930957031250003
2013-06-08 09:30:00,132.304,122.09845,-10.205550292968752,10.205550292968752
2013-06-08 10:00:00,125.92,124.37522,-1.5447787475585955,1.5447787475585955
2013-06-08 10:30:00,130.435,117.88707,-12.547930297851565,12.547930297851565
2013-06-08 11:00:00,121.322,128.53844,7.216436889648435,7.216436889648435
2013-06-08 11:30:00,118.709,117.9432,-0.7658008422851594,0.7658008422851594
2013-06-08 12:00:00,118.425,115.58736,-2.8376434326171847,2.8376434326171847
2013-06-08 12:30:00,112.285,116.41839,4.133388366699222,4.133388366699222
2013-06-08 13:00:00,106.886,110.51017,3.6241699829101606,3.6241699829101606
2013-06-08 13:30:00,114.881,103.50669,-11.374309020996094,11.374309020996094
2013-06-08 14:00:00,103.678,110.680046,7.0020460815429715,7.0020460815429715
2013-06-08 14:30:00,97.751,102.79529,5.044288085937495,5.044288085937495
2013-06-08 15:00:00,101.239,99.1661,-2.0729004516601606,2.0729004516601606
2013-06-08 15:30:00,104.97,105.38453,0.4145291137695324,0.4145291137695324
2013-06-08 16:00:00,111.643,114.98219,3.339192993164062,3.339192993164062
2013-06-08 16:30:00,142.262,124.75531,-17.50668994140625,17.50668994140625
2013-06-08 17:00:00,166.748,163.83908,-2.9089191894531155,2.9089191894531155
2013-06-08 17:30:00,190.398,188.6829,-1.7150928955078086,1.7150928955078086
2013-06-08 18:00:00,190.423,197.71962,7.296619750976561,7.296619750976561
2013-06-08 18:30:00,165.43,185.50285,20.07285339355468,20.07285339355468
2013-06-08 19:00:00,162.682,167.79578,5.113776367187512,5.113776367187512
2013-06-08 19:30:00,154.624,157.45163,2.8276296386718798,2.8276296386718798
2013-06-08 20:00:00,158.531,155.30275,-3.2282503662109434,3.2282503662109434
2013-06-08 20:30:00,149.869,152.77228,2.9032778320312502,2.9032778320312502
2013-06-08 21:00:00,138.228,148.13379,9.905789062499991,9.905789062499991
2013-06-08 21:30:00,135.273,139.1017,3.8286998291015664,3.8286998291015664
2013-06-08 22:00:00,146.304,140.21004,-6.0939627685546895,6.0939627685546895
2013-06-08 22:30:00,132.326,146.41556,14.089557861328132,14.089557861328132
2013-06-08 23:00:00,149.794,134.19272,-15.601281494140636,15.601281494140636
2013-06-08 23:30:00,170.617,168.67992,-1.9370836181640527,1.9370836181640527
2013-06-09 00:00:00,184.28,185.24234,0.9623400878906239,0.9623400878906239
2013-06-09 00:30:00,157.82,164.45653,6.636527709960944,6.636527709960944
2013-06-09 01:00:00,135.811,142.18909,6.378086914062493,6.378086914062493
2013-06-09 01:30:00,116.942,115.19485,-1.7471528930663993,1.7471528930663993
2013-06-09 02:00:00,89.115,94.9641,5.849103698730474,5.849103698730474
2013-06-09 02:30:00,73.2,76.241455,3.041455078124997,3.041455078124997
2013-06-09 03:00:00,72.378,70.66831,-1.7096879272460939,1.7096879272460939
2013-06-09 03:30:00,70.306,69.843834,-0.46216607666015364,0.46216607666015364
2013-06-09 04:00:00,66.549,69.7479,3.1989019165038997,3.1989019165038997
2013-06-09 04:30:00,61.152,70.18249,9.030487487792968,9.030487487792968
2013-06-09 05:00:00,66.998,69.77053,2.772530700683589,2.772530700683589
2013-06-09 05:30:00,77.042,74.18017,-2.861831848144533,2.861831848144533
2013-06-09 06:00:00,84.341,82.05511,-2.2858928833007752,2.2858928833007752
2013-06-09 06:30:00,92.397,93.66676,1.269763305664057,1.269763305664057
2013-06-09 07:00:00,101.44,99.749596,-1.690404357910154,1.690404357910154
2013-06-09 07:30:00,116.146,110.38355,-5.7624474487304695,5.7624474487304695
2013-06-09 08:00:00,124.501,116.47347,-8.027527404785161,8.027527404785161
2013-06-09 08:30:00,118.94,129.18959,10.249590454101565,10.249590454101565
2013-06-09 09:00:00,126.246,116.74504,-9.500959106445308,9.500959106445308
2013-06-09 09:30:00,118.96,122.61493,3.6549291992187563,3.6549291992187563
2013-06-09 10:00:00,120.046,112.22537,-7.8206276855468815,7.8206276855468815
2013-06-09 10:30:00,120.887,114.396904,-6.490096008300782,6.490096008300782
2013-06-09 11:00:00,113.439,118.07085,4.6318465576171945,4.6318465576171945
2013-06-09 11:30:00,106.544,115.08851,8.544508605957034,8.544508605957034
2013-06-09 12:00:00,108.766,108.69182,-0.07418176269531784,0.07418176269531784
2013-06-09 12:30:00,100.68,110.76998,10.089981384277337,10.089981384277337
2013-06-09 13:00:00,103.482,104.82627,1.344271057128907,1.344271057128907
2013-06-09 13:30:00,103.418,105.741035,2.323035461425775,2.323035461425775
2013-06-09 14:00:00,100.879,105.73828,4.859281249999995,4.859281249999995
2013-06-09 14:30:00,106.013,103.31959,-2.693412292480474,2.693412292480474
2013-06-09 15:00:00,96.422,108.998634,12.57663433837891,12.57663433837891
2013-06-09 15:30:00,97.871,103.02789,5.156893066406255,5.156893066406255
2013-06-09 16:00:00,109.502,110.83859,1.3365925292968797,1.3365925292968797
2013-06-09 16:30:00,128.244,131.9795,3.7355074462890627,3.7355074462890627
2013-06-09 17:00:00,154.979,152.97147,-2.0075339355468884,2.0075339355468884
2013-06-09 17:30:00,179.952,179.43999,-0.5120128173828107,0.5120128173828107
2013-06-09 18:00:00,162.951,192.83754,29.88653967285157,29.88653967285157
2013-06-09 18:30:00,161.089,164.79372,3.704716430664064,3.704716430664064
2013-06-09 19:00:00,161.388,159.51582,-1.8721766357421927,1.8721766357421927
2013-06-09 19:30:00,159.517,156.43465,-3.0823533935546834,3.0823533935546834
2013-06-09 20:00:00,152.286,159.56636,7.280360473632811,7.280360473632811
2013-06-09 20:30:00,162.596,152.25398,-10.342017456054691,10.342017456054691
2013-06-09 21:00:00,157.136,153.33899,-3.7970107421874957,3.7970107421874957
2013-06-09 21:30:00,156.633,153.95305,-2.6799512939453223,2.6799512939453223
2013-06-09 22:00:00,163.844,157.8694,-5.974599975585932,5.974599975585932
2013-06-09 22:30:00,141.209,153.61955,12.410552612304684,12.410552612304684
2013-06-09 23:00:00,152.526,139.95982,-12.566176391601573,12.566176391601573
2013-06-09 23:30:00,175.275,167.30768,-7.967321777343756,7.967321777343756
2013-06-10 00:00:00,174.087,178.3812,4.294195068359386,4.294195068359386
2013-06-10 00:30:00,145.586,157.14331,11.557310546874987,11.557310546874987
2013-06-10 01:00:00,133.291,135.67757,2.3865665283203157,2.3865665283203157
2013-06-10 01:30:00,116.8,110.63662,-6.163380432128903,6.163380432128903
2013-06-10 02:00:00,95.19,96.73912,1.5491204833984398,1.5491204833984398
2013-06-10 02:30:00,82.734,79.778946,-2.955054077148432,2.955054077148432
2013-06-10 03:00:00,75.495,71.60456,-3.8904391479492233,3.8904391479492233
2013-06-10 03:30:00,70.338,68.9283,-1.4097010498046814,1.4097010498046814
2013-06-10 04:00:00,69.806,69.63913,-0.16687036132812239,0.16687036132812239
2013-06-10 04:30:00,66.501,72.1602,5.659202026367183,5.659202026367183
2013-06-10 05:00:00,74.67,71.76822,-2.9017810058593767,2.9017810058593767
2013-06-10 05:30:00,76.9,82.097115,5.197114562988276,5.197114562988276
2013-06-10 06:00:00,82.66,91.21591,8.555911865234378,8.555911865234378
2013-06-10 06:30:00,87.253,101.43838,14.185377380371094,14.185377380371094
2013-06-10 07:00:00,103.49,96.006355,-7.483644714355464,7.483644714355464
2013-06-10 07:30:00,107.86,110.4822,2.6222006225585943,2.6222006225585943
2013-06-10 08:00:00,111.871,111.084625,-0.7863747558593701,0.7863747558593701
2013-06-10 08:30:00,128.479,112.1552,-16.323802856445326,16.323802856445326
2013-06-10 09:00:00,124.893,127.02409,2.131093627929687,2.131093627929687
2013-06-10 09:30:00,124.076,118.43298,-5.643016601562493,5.643016601562493
2013-06-10 10:00:00,130.217,115.62764,-14.5893602294922,14.5893602294922
2013-06-10 10:30:00,134.233,124.4478,-9.785200317382817,9.785200317382817
2013-06-10 11:00:00,123.197,129.52368,6.326681640624997,6.326681640624997
2013-06-10 11:30:00,122.651,118.591225,-4.05977532958984,4.05977532958984
2013-06-10 12:00:00,117.296,120.05641,2.760411743164056,2.760411743164056
2013-06-10 12:30:00,109.379,115.615395,6.236394592285151,6.236394592285151
2013-06-10 13:00:00,100.176,108.8094,8.63340246582031,8.63340246582031
2013-06-10 13:30:00,103.711,98.658104,-5.052896057128905,5.052896057128905
2013-06-10 14:00:00,110.074,102.140076,-7.933924316406248,7.933924316406248
2013-06-10 14:30:00,122.435,108.10462,-14.330378112792971,14.330378112792971
2013-06-10 15:00:00,131.393,118.22199,-13.17100750732422,13.17100750732422
2013-06-10 15:30:00,124.211,135.02682,10.815824951171876,10.815824951171876
2013-06-10 16:00:00,134.692,131.1631,-3.5288988037109448,3.5288988037109448
2013-06-10 16:30:00,168.215,146.09276,-22.122241821289066,22.122241821289066
2013-06-10 17:00:00,202.73,192.92278,-9.807224731445302,9.807224731445302
2013-06-10 17:30:00,217.004,209.47353,-7.530473999023428,7.530473999023428
2013-06-10 18:00:00,212.192,218.83846,6.646455200195305,6.646455200195305
2013-06-10 18:30:00,192.124,206.74585,14.621849609375005,14.621849609375005
2013-06-10 19:00:00,183.454,193.79799,10.343988891601555,10.343988891601555
2013-06-10 19:30:00,187.622,180.8588,-6.763204833984389,6.763204833984389
2013-06-10 20:00:00,175.318,183.06284,7.744835693359363,7.744835693359363
2013-06-10 20:30:00,170.082,167.20103,-2.880965454101556,2.880965454101556
2013-06-10 21:00:00,158.372,164.69913,6.327127197265611,6.327127197265611
2013-06-10 21:30:00,160.996,157.4384,-3.557599731445322,3.557599731445322
2013-06-10 22:00:00,154.444,159.12471,4.680710083007824,4.680710083007824
2013-06-10 22:30:00,139.196,148.2616,9.065596679687502,9.065596679687502
2013-06-10 23:00:00,144.445,133.93755,-10.507454223632806,10.507454223632806
2013-06-10 23:30:00,169.495,162.28972,-7.205281372070317,7.205281372070317
2013-06-11 00:00:00,181.164,185.81305,4.649049316406263,4.649049316406263
2013-06-11 00:30:00,156.609,164.11934,7.510338989257804,7.510338989257804
2013-06-11 01:00:00,136.522,141.88326,5.361255004882821,5.361255004882821
2013-06-11 01:30:00,115.373,114.74936,-0.6236408691406297,0.6236408691406297
2013-06-11 02:00:00,88.551,97.63092,9.079920410156248,9.079920410156248
2013-06-11 02:30:00,81.789,76.80405,-4.9849533691406265,4.9849533691406265
2013-06-11 03:00:00,74.083,72.70305,-1.379951293945311,1.379951293945311
2013-06-11 03:30:00,66.232,70.715256,4.483255737304688,4.483255737304688
2013-06-11 04:00:00,72.509,70.1765,-2.332501586914063,2.332501586914063
2013-06-11 04:30:00,69.388,77.395584,8.007584106445307,8.007584106445307
2013-06-11 05:00:00,71.927,74.60351,2.676507995605462,2.676507995605462
2013-06-11 05:30:00,78.668,81.80175,3.1337501831054624,3.1337501831054624
2013-06-11 06:00:00,102.156,94.713524,-7.442476135253912,7.442476135253912
2013-06-11 06:30:00,129.994,116.07234,-13.921658081054687,13.921658081054687
2013-06-11 07:00:00,144.701,133.08191,-11.619090820312493,11.619090820312493
2013-06-11 07:30:00,138.385,155.05473,16.669733276367197,16.669733276367197
2013-06-11 08:00:00,113.15,137.97763,24.82763061523437,24.82763061523437
2013-06-11 08:30:00,99.82,112.66459,12.844588928222663,12.844588928222663
2013-06-11 09:00:00,97.179,95.75667,-1.4223319091796895,1.4223319091796895
2013-06-11 09:30:00,88.815,97.72446,8.909456787109377,8.909456787109377
2013-06-11 10:00:00,92.759,89.505035,-3.2539645996093753,3.2539645996093753
2013-06-11 10:30:00,88.82300000000001,93.56806,4.745061828613274,4.745061828613274
2013-06-11 11:00:00,83.744,86.663086,2.9190859375000002,2.9190859375000002
2013-06-11 11:30:00,80.489,81.886986,1.3979857788085894,1.3979857788085894
2013-06-11 12:00:00,78.659,80.11401,1.455013671874994,1.455013671874994
2013-06-11 12:30:00,74.126,78.61943,4.493430541992183,4.493430541992183
2013-06-11 13:00:00,72.473,74.820915,2.3479152221679698,2.3479152221679698
2013-06-11 13:30:00,71.373,74.369225,2.996224548339839,2.996224548339839
2013-06-11 14:00:00,71.74,72.334404,0.5944039916992239,0.5944039916992239
2013-06-11 14:30:00,73.649,73.903435,0.25443475341796784,0.25443475341796784
2013-06-11 15:00:00,77.796,77.27796,-0.5180382690429752,0.5180382690429752
2013-06-11 15:30:00,83.032,83.3956,0.3635993652343785,0.3635993652343785
2013-06-11 16:00:00,90.281,92.47175,2.1907483520507753,2.1907483520507753
2013-06-11 16:30:00,125.406,106.20067,-19.20533166503907,19.20533166503907
2013-06-11 17:00:00,143.875,157.21196,13.336959838867188,13.336959838867188
2013-06-11 17:30:00,163.109,181.12369,18.014687744140616,18.014687744140616
2013-06-11 18:00:00,185.079,185.10147,0.02247094726561727,0.02247094726561727
2013-06-11 18:30:00,181.919,191.45107,9.532065063476551,9.532065063476551
2013-06-11 19:00:00,182.894,181.3488,-1.545199340820318,1.545199340820318
2013-06-11 19:30:00,169.992,178.14613,8.154133422851572,8.154133422851572
2013-06-11 20:00:00,170.191,171.80804,1.6170444335937475,1.6170444335937475
2013-06-11 20:30:00,167.99,164.8161,-3.173898925781259,3.173898925781259
2013-06-11 21:00:00,164.012,162.93623,-1.075766479492188,1.075766479492188
2013-06-11 21:30:00,160.538,157.75774,-2.7802637939453234,2.7802637939453234
2013-06-11 22:00:00,154.073,158.02676,3.9537639160156175,3.9537639160156175
2013-06-11 22:30:00,136.572,147.78874,11.216742065429685,11.216742065429685
2013-06-11 23:00:00,142.283,137.20178,-5.081217773437487,5.081217773437487
2013-06-11 23:30:00,183.188,160.85672,-22.331280029296863,22.331280029296863
2013-06-12 00:00:00,183.829,190.47018,6.641184326171867,6.641184326171867
2013-06-12 00:30:00,156.231,166.13646,9.905459350585943,9.905459350585943
2013-06-12 01:00:00,122.487,140.4082,17.921203125000005,17.921203125000005
2013-06-12 01:30:00,112.751,103.592705,-9.158295227050786,9.158295227050786
2013-06-12 02:00:00,88.444,94.15302,5.709022766113279,5.709022766113279
2013-06-12 02:30:00,73.337,74.63615,1.299146545410153,1.299146545410153
2013-06-12 03:00:00,72.23,70.80286,-1.427143554687504,1.427143554687504
2013-06-12 03:30:00,62.474,70.146866,7.672865844726566,7.672865844726566
2013-06-12 04:00:00,64.697,66.95767,2.2606721191406223,2.2606721191406223
2013-06-12 04:30:00,64.18900000000001,69.87456,5.68555749511718,5.68555749511718
2013-06-12 05:00:00,69.159,71.04096,1.8819622192382752,1.8819622192382752
2013-06-12 05:30:00,81.567,77.09457,-4.472433654785149,4.472433654785149
2013-06-12 06:00:00,106.594,98.26037,-8.333631652832025,8.333631652832025
2013-06-12 06:30:00,139.187,125.72299,-13.464008056640637,13.464008056640637
2013-06-12 07:00:00,150.243,131.95001,-18.292987792968745,18.292987792968745
2013-06-12 07:30:00,151.298,146.65764,-4.640361450195314,4.640361450195314
2013-06-12 08:00:00,121.584,142.26274,20.678741088867184,20.678741088867184
2013-06-12 08:30:00,113.27,115.743,2.4729962158203165,2.4729962158203165
2013-06-12 09:00:00,104.71,104.67105,-0.03894897460936875,0.03894897460936875
2013-06-12 09:30:00,106.123,98.13465,-7.988348815917973,7.988348815917973
2013-06-12 10:00:00,117.386,100.95635,-16.429647766113277,16.429647766113277
2013-06-12 10:30:00,124.917,114.33827,-10.578727905273439,10.578727905273439
2013-06-12 11:00:00,123.492,125.665215,2.1732145385742143,2.1732145385742143
2013-06-12 11:30:00,115.942,121.146065,5.204064758300788,5.204064758300788
2013-06-12 12:00:00,123.382,116.128075,-7.253925354003911,7.253925354003911
2013-06-12 12:30:00,118.896,123.220535,4.324535278320312,4.324535278320312
2013-06-12 13:00:00,127.624,116.25017,-11.373832153320308,11.373832153320308
2013-06-12 13:30:00,124.217,126.52503,2.3080320434570325,2.3080320434570325
2013-06-12 14:00:00,112.319,119.85208,7.533081298828122,7.533081298828122
2013-06-12 14:30:00,103.021,111.521385,8.500385192871093,8.500385192871093
2013-06-12 15:00:00,103.731,104.33028,0.599276489257818,0.599276489257818
2013-06-12 15:30:00,111.105,107.39329,-3.7117123413085977,3.7117123413085977
2013-06-12 16:00:00,120.136,120.67607,0.5400711669921918,0.5400711669921918
2013-06-12 16:30:00,143.575,133.08801,-10.486987304687489,10.486987304687489
2013-06-12 17:00:00,182.576,176.90501,-5.670985961914056,5.670985961914056
2013-06-12 17:30:00,216.472,202.49637,-13.975631591796883,13.975631591796883
2013-06-12 18:00:00,208.396,207.61697,-0.7790261230468616,0.7790261230468616
2013-06-12 18:30:00,201.376,207.44772,6.07172338867187,6.07172338867187
2013-06-12 19:00:00,191.852,198.31406,6.462056396484371,6.462056396484371
2013-06-12 19:30:00,187.452,192.44154,4.989543579101564,4.989543579101564
2013-06-12 20:00:00,192.515,184.25562,-8.259384765624986,8.259384765624986
2013-06-12 20:30:00,181.684,179.92639,-1.7576083984374975,1.7576083984374975
2013-06-12 21:00:00,163.723,174.13353,10.410529663085924,10.410529663085924
2013-06-12 21:30:00,149.193,160.09824,10.905236083984363,10.905236083984363
2013-06-12 22:00:00,165.012,152.96918,-12.04282275390625,12.04282275390625
2013-06-12 22:30:00,147.606,156.32246,8.716463989257818,8.716463989257818
2013-06-12 23:00:00,164.822,145.8873,-18.934701416015628,18.934701416015628
2013-06-12 23:30:00,191.727,172.77686,-18.950144531250004,18.950144531250004
2013-06-13 00:00:00,191.595,186.07721,-5.517790527343749,5.517790527343749
2013-06-13 00:30:00,167.996,171.56273,3.566728881835928,3.566728881835928
2013-06-13 01:00:00,157.27100000000002,156.1833,-1.0876961669922025,1.0876961669922025
2013-06-13 01:30:00,122.565,134.5558,11.990801391601565,11.990801391601565
2013-06-13 02:00:00,94.151,99.19296,5.041962646484379,5.041962646484379
2013-06-13 02:30:00,77.454,78.2837,0.8296990356445377,0.8296990356445377
2013-06-13 03:00:00,72.983,70.27024,-2.712759216308598,2.712759216308598
2013-06-13 03:30:00,72.011,69.9462,-2.0648024902343707,2.0648024902343707
2013-06-13 04:00:00,70.415,72.67097,2.255967102050775,2.255967102050775
2013-06-13 04:30:00,70.475,74.03334,3.558340454101568,3.558340454101568
2013-06-13 05:00:00,70.84,74.54527,3.705272827148434,3.705272827148434
2013-06-13 05:30:00,83.115,78.121155,-4.993845214843745,4.993845214843745
2013-06-13 06:00:00,113.703,95.71214,-17.990857055664065,17.990857055664065
2013-06-13 06:30:00,144.258,134.98656,-9.271442993164072,9.271442993164072
2013-06-13 07:00:00,146.687,152.78839,6.101391113281238,6.101391113281238
2013-06-13 07:30:00,151.899,158.89253,6.993532348632812,6.993532348632812
2013-06-13 08:00:00,138.344,147.30699,8.962991577148443,8.962991577148443
2013-06-13 08:30:00,113.138,125.94416,12.806160461425776,12.806160461425776
2013-06-13 09:00:00,96.192,107.07491,10.88291302490235,10.88291302490235
2013-06-13 09:30:00,95.818,88.287766,-7.53023449707031,7.53023449707031
2013-06-13 10:00:00,87.559,89.818695,2.2596950683593775,2.2596950683593775
2013-06-13 10:30:00,87.042,85.810585,-1.2314149780273453,1.2314149780273453
2013-06-13 11:00:00,86.71300000000001,83.58357,-3.1294276123046956,3.1294276123046956
2013-06-13 11:30:00,88.337,85.15455,-3.182451354980472,3.182451354980472
2013-06-13 12:00:00,79.834,85.35856,5.524558654785153,5.524558654785153
2013-06-13 12:30:00,78.072,79.35482,1.282820251464841,1.282820251464841
2013-06-13 13:00:00,79.039,76.55604,-2.4829620971679702,2.4829620971679702
2013-06-13 13:30:00,75.942,77.337326,1.3953260498046944,1.3953260498046944
2013-06-13 14:00:00,78.986,73.55677,-5.429229675292973,5.429229675292973
2013-06-13 14:30:00,74.285,77.83945,3.5544470214843784,3.5544470214843784
2013-06-13 15:00:00,72.041,78.610916,6.569916137695316,6.569916137695316
2013-06-13 15:30:00,85.711,80.50861,-5.202386413574217,5.202386413574217
2013-06-13 16:00:00,102.643,92.21189,-10.431108825683594,10.431108825683594
2013-06-13 16:30:00,124.993,120.94744,-4.045558898925776,4.045558898925776
2013-06-13 17:00:00,153.857,154.01854,0.16153942871093818,0.16153942871093818
2013-06-13 17:30:00,180.139,197.11266,16.973655639648427,16.973655639648427
2013-06-13 18:00:00,188.199,195.29604,7.09703576660155,7.09703576660155
2013-06-13 18:30:00,180.355,196.23848,15.883479614257823,15.883479614257823
2013-06-13 19:00:00,180.706,179.85663,-0.8493715820312389,0.8493715820312389
2013-06-13 19:30:00,173.529,175.46564,1.9366372070312536,1.9366372070312536
2013-06-13 20:00:00,171.592,175.76869,4.1766920166015495,4.1766920166015495
2013-06-13 20:30:00,171.099,169.7899,-1.309098266601552,1.309098266601552
2013-06-13 21:00:00,162.707,166.11559,3.408585327148444,3.408585327148444
2013-06-13 21:30:00,154.25,156.38882,2.138824462890625,2.138824462890625
2013-06-13 22:00:00,163.048,157.10771,-5.940288208007814,5.940288208007814
2013-06-13 22:30:00,140.813,152.62357,11.810565673828137,11.810565673828137
2013-06-13 23:00:00,159.783,141.13332,-18.649683959960925,18.649683959960925
2013-06-13 23:30:00,175.291,173.97343,-1.3175655517578093,1.3175655517578093
2013-06-14 00:00:00,183.263,186.43542,3.1724248046874948,3.1724248046874948
2013-06-14 00:30:00,159.69,165.3865,5.696505126953127,5.696505126953127
2013-06-14 01:00:00,137.535,146.16965,8.634647216796878,8.634647216796878
2013-06-14 01:30:00,112.066,118.65749,6.591493591308591,6.591493591308591
2013-06-14 02:00:00,89.55199999999999,96.621666,7.069665954589851,7.069665954589851
2013-06-14 02:30:00,82.674,74.15688,-8.517116760253913,8.517116760253913
2013-06-14 03:00:00,76.93900000000001,73.49084,-3.4481629028320384,3.4481629028320384
2013-06-14 03:30:00,74.295,69.77501,-4.519990844726564,4.519990844726564
2013-06-14 04:00:00,68.656,72.626076,3.9700757446289003,3.9700757446289003
2013-06-14 04:30:00,72.177,71.923706,-0.2532939453125067,0.2532939453125067
2013-06-14 05:00:00,73.486,77.009995,3.5239945068359333,3.5239945068359333
2013-06-14 05:30:00,90.445,79.14374,-11.301262207031243,11.301262207031243
2013-06-14 06:00:00,112.429,104.73669,-7.692313293457033,7.692313293457033
2013-06-14 06:30:00,140.922,135.39677,-5.5252257080078095,5.5252257080078095
2013-06-14 07:00:00,157.2,141.58939,-15.610614013671864,15.610614013671864
2013-06-14 07:30:00,150.787,158.55591,7.768908203124994,7.768908203124994
2013-06-14 08:00:00,129.118,136.61409,7.4960899658203175,7.4960899658203175
2013-06-14 08:30:00,108.946,122.61698,13.670981506347658,13.670981506347658
2013-06-14 09:00:00,109.429,102.074875,-7.3541251220703145,7.3541251220703145
2013-06-14 09:30:00,100.305,101.913506,1.608505554199212,1.608505554199212
2013-06-14 10:00:00,95.25,94.6838,-0.5662002563476562,0.5662002563476562
2013-06-14 10:30:00,93.143,92.91087,-0.23212658691406318,0.23212658691406318
2013-06-14 11:00:00,91.689,91.64687,-0.0421265258788992,0.0421265258788992
2013-06-14 11:30:00,84.287,91.08782,6.800821960449213,6.800821960449213
2013-06-14 12:00:00,88.337,84.87458,-3.462419616699222,3.462419616699222
2013-06-14 12:30:00,89.496,87.13847,-2.3575264892578076,2.3575264892578076
2013-06-14 13:00:00,86.091,85.872055,-0.21894494628905647,0.21894494628905647
2013-06-14 13:30:00,82.672,82.88334,0.2113389282226592,0.2113389282226592
2013-06-14 14:00:00,82.983,80.15024,-2.832761962890629,2.832761962890629
2013-06-14 14:30:00,84.859,81.663765,-3.1952350463867134,3.1952350463867134
2013-06-14 15:00:00,86.324,86.43826,0.11426293945312693,0.11426293945312693
2013-06-14 15:30:00,100.976,91.55804,-9.41796319580078,9.41796319580078
2013-06-14 16:00:00,114.777,111.68666,-3.0903392333984385,3.0903392333984385
2013-06-14 16:30:00,133.021,135.45851,2.437511352539076,2.437511352539076
2013-06-14 17:00:00,163.631,159.55547,-4.075534301757813,4.075534301757813
2013-06-14 17:30:00,187.518,194.26503,6.747029907226562,6.747029907226562
2013-06-14 18:00:00,192.813,199.58524,6.772235595703137,6.772235595703137
2013-06-14 18:30:00,182.476,195.25795,12.781949829101563,12.781949829101563
2013-06-14 19:00:00,174.437,179.84352,5.406521118164051,5.406521118164051
2013-06-14 19:30:00,187.166,170.9373,-16.22869836425781,16.22869836425781
2013-06-14 20:00:00,180.607,183.14719,2.5401862792968757,2.5401862792968757
2013-06-14 20:30:00,169.663,173.85915,4.196146118164052,4.196146118164052
2013-06-14 21:00:00,151.091,166.93132,15.84032019042968,15.84032019042968
2013-06-14 21:30:00,153.598,155.22054,1.6225352783202993,1.6225352783202993
2013-06-14 22:00:00,160.253,155.65701,-4.595987060546861,4.595987060546861
2013-06-14 22:30:00,153.698,150.99608,-2.70192150878907,2.70192150878907
2013-06-14 23:00:00,158.929,151.97917,-6.9498282470703145,6.9498282470703145
2013-06-14 23:30:00,184.893,172.30756,-12.58544384765625,12.58544384765625
2013-06-15 00:00:00,192.756,186.16934,-6.586657958984375,6.586657958984375
2013-06-15 00:30:00,157.512,171.07497,13.562966430664062,13.562966430664062
2013-06-15 01:00:00,131.172,147.50888,16.336880615234378,16.336880615234378
2013-06-15 01:30:00,114.586,109.221664,-5.364335571289061,5.364335571289061
2013-06-15 02:00:00,98.423,95.463776,-2.959224365234377,2.959224365234377
2013-06-15 02:30:00,80.202,77.93977,-2.2622264404296857,2.2622264404296857
2013-06-15 03:00:00,74.293,70.89227,-3.4007270507812564,3.4007270507812564
2013-06-15 03:30:00,74.578,70.75898,-3.8190202026367217,3.8190202026367217
2013-06-15 04:00:00,76.539,72.874565,-3.6644348754882827,3.6644348754882827
2013-06-15 04:30:00,75.836,76.49406,0.6580567016601577,0.6580567016601577
2013-06-15 05:00:00,73.222,76.797134,3.5751343994140683,3.5751343994140683
2013-06-15 05:30:00,73.999,76.822495,2.8234945068359423,2.8234945068359423
2013-06-15 06:00:00,81.197,82.29334,1.0963425903320285,1.0963425903320285
2013-06-15 06:30:00,99.358,91.51526,-7.842741210937504,7.842741210937504
2013-06-15 07:00:00,106.393,107.96183,1.5688301391601556,1.5688301391601556
2013-06-15 07:30:00,123.648,113.380905,-10.267094848632809,10.267094848632809
2013-06-15 08:00:00,115.79,125.00161,9.211609802246087,9.211609802246087
2013-06-15 08:30:00,129.523,118.52222,-11.000783203124996,11.000783203124996
2013-06-15 09:00:00,128.49,125.81588,-2.6741201782226653,2.6741201782226653
2013-06-15 09:30:00,124.05,119.16502,-4.88497619628906,4.88497619628906
2013-06-15 10:00:00,114.376,113.293106,-1.0828939208984423,1.0828939208984423
2013-06-15 10:30:00,119.511,109.548096,-9.962904296874996,9.962904296874996
2013-06-15 11:00:00,109.779,113.95117,4.172171875000004,4.172171875000004
2013-06-15 11:30:00,105.878,109.07909,3.2010863037109374,3.2010863037109374
2013-06-15 12:00:00,106.949,102.22468,-4.724321960449217,4.724321960449217
2013-06-15 12:30:00,103.788,103.4852,-0.3028010253906217,0.3028010253906217
2013-06-15 13:00:00,111.314,100.97394,-10.340062011718743,10.340062011718743
2013-06-15 13:30:00,104.562,107.44038,2.8783762817382836,2.8783762817382836
2013-06-15 14:00:00,110.569,100.845955,-9.723045104980471,9.723045104980471
2013-06-15 14:30:00,113.136,108.23436,-4.901640258789058,4.901640258789058
2013-06-15 15:00:00,109.493,110.64338,1.1503792114257863,1.1503792114257863
2013-06-15 15:30:00,115.179,110.57276,-4.606238464355471,4.606238464355471
2013-06-15 16:00:00,123.825,121.98893,-1.8360702514648466,1.8360702514648466
2013-06-15 16:30:00,153.566,134.83244,-18.733556762695315,18.733556762695315
2013-06-15 17:00:00,186.985,182.80103,-4.183974609375014,4.183974609375014
2013-06-15 17:30:00,203.84,203.48581,-0.3541906738281284,0.3541906738281284
2013-06-15 18:00:00,203.375,206.45764,3.0826416015625,3.0826416015625
2013-06-15 18:30:00,198.574,199.34981,0.7758077392578002,0.7758077392578002
2013-06-15 19:00:00,187.361,193.67389,6.31288916015626,6.31288916015626
2013-06-15 19:30:00,176.109,180.86406,4.755059448242179,4.755059448242179
2013-06-15 20:00:00,175.717,172.53764,-3.1793565673828255,3.1793565673828255
2013-06-15 20:30:00,170.693,166.38885,-4.304145019531262,4.304145019531262
2013-06-15 21:00:00,160.903,165.16426,4.261260864257821,4.261260864257821
2013-06-15 21:30:00,157.062,156.8891,-0.17290087890626182,0.17290087890626182
2013-06-15 22:00:00,157.923,158.18864,0.2656444091796857,0.2656444091796857
2013-06-15 22:30:00,150.929,150.87117,-0.057829956054689546,0.057829956054689546
2013-06-15 23:00:00,162.431,150.02487,-12.406128173828137,12.406128173828137
2013-06-15 23:30:00,167.892,171.8416,3.9495985107421916,3.9495985107421916
2013-06-16 00:00:00,181.945,186.16905,4.224052124023444,4.224052124023444
2013-06-16 00:30:00,161.401,166.29588,4.894883178710927,4.894883178710927
2013-06-16 01:00:00,143.481,145.1877,1.706698364257818,1.706698364257818
2013-06-16 01:30:00,117.92,124.61018,6.690183715820311,6.690183715820311
2013-06-16 02:00:00,100.452,102.48961,2.0376087646484393,2.0376087646484393
2013-06-16 02:30:00,82.878,81.53071,-1.3472916870117189,1.3472916870117189
2013-06-16 03:00:00,71.881,74.18198,2.3009763183593748,2.3009763183593748
2013-06-16 03:30:00,77.696,71.44958,-6.246422668457029,6.246422668457029
2013-06-16 04:00:00,71.144,75.80284,4.658841186523432,4.658841186523432
2013-06-16 04:30:00,66.16,74.83801,8.678012695312503,8.678012695312503
2013-06-16 05:00:00,72.535,72.37728,-0.15771881103515284,0.15771881103515284
2013-06-16 05:30:00,84.915,78.01821,-6.8967886352539125,6.8967886352539125
2013-06-16 06:00:00,83.871,90.74105,6.870050720214849,6.870050720214849
2013-06-16 06:30:00,94.351,96.24666,1.8956583251953134,1.8956583251953134
2013-06-16 07:00:00,108.208,103.93818,-4.269820983886717,4.269820983886717
2013-06-16 07:30:00,129.542,115.35953,-14.182472412109377,14.182472412109377
2013-06-16 08:00:00,139.217,139.2707,0.05370617675779954,0.05370617675779954
2013-06-16 08:30:00,144.697,153.80005,9.103048828124997,9.103048828124997
2013-06-16 09:00:00,135.665,144.34358,8.67858215332032,8.67858215332032
2013-06-16 09:30:00,138.078,130.33699,-7.7410096435546905,7.7410096435546905
2013-06-16 10:00:00,132.429,127.61463,-4.814368347167971,4.814368347167971
2013-06-16 10:30:00,121.087,125.84994,4.7629374389648405,4.7629374389648405
2013-06-16 11:00:00,113.729,114.86779,1.1387902221679695,1.1387902221679695
2013-06-16 11:30:00,106.508,111.766495,5.258494750976567,5.258494750976567
2013-06-16 12:00:00,104.098,102.03525,-2.062752197265624,2.062752197265624
2013-06-16 12:30:00,108.976,100.08012,-8.895883728027343,8.895883728027343
2013-06-16 13:00:00,101.149,104.916824,3.7678243408203116,3.7678243408203116
2013-06-16 13:30:00,94.042,98.163536,4.121536071777342,4.121536071777342
2013-06-16 14:00:00,96.047,92.64433,-3.4026671142578095,3.4026671142578095
2013-06-16 14:30:00,105.162,94.377266,-10.784734069824225,10.784734069824225
2013-06-16 15:00:00,114.456,106.284676,-8.171324401855472,8.171324401855472
2013-06-16 15:30:00,115.56,117.229,1.6689962768554665,1.6689962768554665
2013-06-16 16:00:00,139.862,127.42794,-12.434059631347651,12.434059631347651
2013-06-16 16:30:00,151.312,158.46227,7.150265014648426,7.150265014648426
2013-06-16 17:00:00,199.597,179.42972,-20.167281982421883,20.167281982421883
2013-06-16 17:30:00,229.473,229.42133,-0.05167431640626319,0.05167431640626319
2013-06-16 18:00:00,229.983,233.04225,3.0592515869140584,3.0592515869140584
2013-06-16 18:30:00,236.353,230.79364,-5.559359863281259,5.559359863281259
2013-06-16 19:00:00,230.032,225.23138,-4.800615722656261,4.800615722656261
2013-06-16 19:30:00,223.085,215.88768,-7.1973199462890705,7.1973199462890705
2013-06-16 20:00:00,213.88,214.41713,0.537129516601567,0.537129516601567
2013-06-16 20:30:00,190.096,202.75406,12.658058837890621,12.658058837890621
2013-06-16 21:00:00,170.689,183.404,12.71500695800782,12.71500695800782
2013-06-16 21:30:00,159.898,167.1718,7.273798706054691,7.273798706054691
2013-06-16 22:00:00,160.932,160.47127,-0.46073229980467545,0.46073229980467545
2013-06-16 22:30:00,149.388,152.96709,3.5790867919921823,3.5790867919921823
2013-06-16 23:00:00,149.689,146.12381,-3.565190185546868,3.565190185546868
2013-06-16 23:30:00,188.861,165.38939,-23.471610961914052,23.471610961914052
2013-06-17 00:00:00,177.886,175.62999,-2.256010375976558,2.256010375976558
2013-06-17 00:30:00,157.503,160.57368,3.0706846923828266,3.0706846923828266
2013-06-17 01:00:00,135.877,142.38676,6.509764526367178,6.509764526367178
2013-06-17 01:30:00,109.527,117.43643,7.909431884765624,7.909431884765624
2013-06-17 02:00:00,97.195,92.82151,-4.373489685058587,4.373489685058587
2013-06-17 02:30:00,82.015,82.48405,0.4690469360351557,0.4690469360351557
2013-06-17 03:00:00,77.54599999999999,74.806015,-2.7399849853515548,2.7399849853515548
2013-06-17 03:30:00,72.056,73.37852,1.3225171508789089,1.3225171508789089
2013-06-17 04:00:00,68.763,76.22376,7.460762512207026,7.460762512207026
2013-06-17 04:30:00,72.241,75.75612,3.515118774414063,3.515118774414063
2013-06-17 05:00:00,79.594,80.41165,0.8176516113281309,0.8176516113281309
2013-06-17 05:30:00,91.476,90.8322,-0.6438009033203116,0.6438009033203116
2013-06-17 06:00:00,126.577,109.34697,-17.23003039550781,17.23003039550781
2013-06-17 06:30:00,156.226,153.82872,-2.3972799072265616,2.3972799072265616
2013-06-17 07:00:00,163.746,165.48022,1.7342246093749907,1.7342246093749907
2013-06-17 07:30:00,179.247,165.71106,-13.535940429687514,13.535940429687514
2013-06-17 08:00:00,157.234,167.98718,10.753182617187491,10.753182617187491
2013-06-17 08:30:00,139.525,140.54741,1.0224090576171818,1.0224090576171818
2013-06-17 09:00:00,132.962,122.502174,-10.459825622558583,10.459825622558583
2013-06-17 09:30:00,123.17,120.648224,-2.5217761230468767,2.5217761230468767
2013-06-17 10:00:00,120.227,109.48804,-10.738962890625004,10.738962890625004
2013-06-17 10:30:00,100.744,111.63969,10.895686584472656,10.895686584472656
2013-06-17 11:00:00,99.372,101.341064,1.9690644531250001,1.9690644531250001
2013-06-17 11:30:00,103.436,98.73996,-4.696040283203132,4.696040283203132
2013-06-17 12:00:00,96.452,102.449104,5.997104309082033,5.997104309082033
2013-06-17 12:30:00,95.129,95.66543,0.5364281616210889,0.5364281616210889
2013-06-17 13:00:00,93.299,93.89145,0.5924489746093684,0.5924489746093684
2013-06-17 13:30:00,94.621,92.24397,-2.3770272216796826,2.3770272216796826
2013-06-17 14:00:00,94.221,91.257286,-2.96371392822266,2.96371392822266
2013-06-17 14:30:00,91.932,94.04536,2.113356750488279,2.113356750488279
2013-06-17 15:00:00,97.54,95.15368,-2.3863211059570375,2.3863211059570375
2013-06-17 15:30:00,106.766,106.57407,-0.1919262084960991,0.1919262084960991
2013-06-17 16:00:00,126.683,128.06133,1.3783250732421806,1.3783250732421806
2013-06-17 16:30:00,143.343,152.02675,8.683748657226573,8.683748657226573
2013-06-17 17:00:00,193.287,190.11243,-3.174573242187506,3.174573242187506
2013-06-17 17:30:00,228.351,229.18994,0.8389414062500009,0.8389414062500009
2013-06-17 18:00:00,223.159,234.5986,11.439602294921883,11.439602294921883
2013-06-17 18:30:00,231.868,221.02895,-10.839054077148432,10.839054077148432
2013-06-17 19:00:00,207.272,217.48424,10.212237670898446,10.212237670898446
2013-06-17 19:30:00,200.289,200.69441,0.40541223144532523,0.40541223144532523
2013-06-17 20:00:00,197.066,201.2477,4.18169592285156,4.18169592285156
2013-06-17 20:30:00,195.329,190.0567,-5.272298339843758,5.272298339843758
2013-06-17 21:00:00,183.219,180.98367,-2.235326904296869,2.235326904296869
2013-06-17 21:30:00,168.612,173.293,4.68099926757813,4.68099926757813
2013-06-17 22:00:00,168.057,166.86333,-1.1936729736328004,1.1936729736328004
2013-06-17 22:30:00,158.316,155.6386,-2.677404418945315,2.677404418945315
2013-06-17 23:00:00,172.715,150.90114,-21.81386169433594,21.81386169433594
2013-06-17 23:30:00,178.262,177.35184,-0.9101628417968755,0.9101628417968755
2013-06-18 00:00:00,201.018,185.68681,-15.331186645507813,15.331186645507813
2013-06-18 00:30:00,177.209,171.078,-6.130997070312503,6.130997070312503
2013-06-18 01:00:00,164.8,159.71289,-5.087109375000011,5.087109375000011
2013-06-18 01:30:00,136.586,131.90645,-4.6795516357422,4.6795516357422
2013-06-18 02:00:00,114.474,114.30688,-0.167122863769535,0.167122863769535
2013-06-18 02:30:00,90.931,94.24937,3.318366760253909,3.318366760253909
2013-06-18 03:00:00,87.626,78.810974,-8.815025878906255,8.815025878906255
2013-06-18 03:30:00,77.606,76.09278,-1.5132189331054633,1.5132189331054633
2013-06-18 04:00:00,80.427,73.97745,-6.449552490234382,6.449552490234382
2013-06-18 04:30:00,78.123,81.63887,3.515870239257808,3.515870239257808
2013-06-18 05:00:00,83.032,83.50495,0.4729514770507848,0.4729514770507848
2013-06-18 05:30:00,97.681,93.86311,-3.817886596679685,3.817886596679685
2013-06-18 06:00:00,122.39,115.44121,-6.948792114257813,6.948792114257813
2013-06-18 06:30:00,147.126,154.46344,7.337439941406245,7.337439941406245
2013-06-18 07:00:00,169.933,163.49037,-6.44262829589843,6.44262829589843
2013-06-18 07:30:00,179.894,176.58069,-3.3133115234375055,3.3133115234375055
2013-06-18 08:00:00,155.643,171.6183,15.975301391601562,15.975301391601562
2013-06-18 08:30:00,132.896,139.90974,7.013744262695326,7.013744262695326
2013-06-18 09:00:00,105.121,118.76645,13.64544897460938,13.64544897460938
2013-06-18 09:30:00,110.72,95.75465,-14.965353698730468,14.965353698730468
2013-06-18 10:00:00,101.752,103.26781,1.5158070068359422,1.5158070068359422
2013-06-18 10:30:00,98.119,97.57814,-0.5408597412109373,0.5408597412109373
2013-06-18 11:00:00,96.308,94.169876,-2.1381239013671944,2.1381239013671944
2013-06-18 11:30:00,86.63,93.40448,6.7744799804687545,6.7744799804687545
2013-06-18 12:00:00,82.491,84.76941,2.2784091796875003,2.2784091796875003
2013-06-18 12:30:00,79.363,81.50708,2.1440800781250005,2.1440800781250005
2013-06-18 13:00:00,81.739,79.2944,-2.4445969238281293,2.4445969238281293
2013-06-18 13:30:00,80.866,80.45602,-0.4099834594726559,0.4099834594726559
2013-06-18 14:00:00,77.728,78.64525,0.9172484130859431,0.9172484130859431
2013-06-18 14:30:00,77.076,77.212074,0.13607427978516284,0.13607427978516284
2013-06-18 15:00:00,79.955,79.10346,-0.851537780761717,0.851537780761717
2013-06-18 15:30:00,95.485,86.16025,-9.324752197265624,9.324752197265624
2013-06-18 16:00:00,110.575,111.156555,0.5815551757812472,0.5815551757812472
2013-06-18 16:30:00,142.68,135.2145,-7.465507202148444,7.465507202148444
2013-06-18 17:00:00,186.118,186.92986,0.8118553466796925,0.8118553466796925
2013-06-18 17:30:00,218.56,226.01253,7.45252746582031,7.45252746582031
2013-06-18 18:00:00,227.201,228.5873,1.386295532226569,1.386295532226569
2013-06-18 18:30:00,234.691,232.276,-2.4149990234375025,2.4149990234375025
2013-06-18 19:00:00,230.528,220.72868,-9.799316528320304,9.799316528320304
2013-06-18 19:30:00,220.463,217.3362,-3.1268031005859314,3.1268031005859314
2013-06-18 20:00:00,216.403,215.9002,-0.5027924804687416,0.5027924804687416
2013-06-18 20:30:00,207.376,203.81596,-3.5600362548828173,3.5600362548828173
2013-06-18 21:00:00,192.729,194.17882,1.449817749023424,1.449817749023424
2013-06-18 21:30:00,177.641,186.36243,8.721426757812509,8.721426757812509
2013-06-18 22:00:00,178.859,179.85692,0.9979183349609286,0.9979183349609286
2013-06-18 22:30:00,163.282,162.65247,-0.6295341796875107,0.6295341796875107
2013-06-18 23:00:00,156.892,158.23816,1.346159179687504,1.346159179687504
2013-06-18 23:30:00,199.669,175.26437,-24.404626220703136,24.404626220703136
2013-06-19 00:00:00,188.779,185.0104,-3.7685935058593714,3.7685935058593714
2013-06-19 00:30:00,162.32,167.52303,5.203025512695319,5.203025512695319
2013-06-19 01:00:00,143.172,149.6968,6.5247926025390655,6.5247926025390655
2013-06-19 01:30:00,125.13,124.79155,-0.33845031738280795,0.33845031738280795
2013-06-19 02:00:00,104.499,104.693474,0.19447381591797352,0.19447381591797352
2013-06-19 02:30:00,91.349,85.53874,-5.810257934570316,5.810257934570316
2013-06-19 03:00:00,84.106,82.301254,-1.804745727539057,1.804745727539057
2013-06-19 03:30:00,72.732,77.68936,4.957361572265626,4.957361572265626
2013-06-19 04:00:00,80.355,74.0356,-6.3194012451171915,6.3194012451171915
2013-06-19 04:30:00,79.464,82.873436,3.409435974121095,3.409435974121095
2013-06-19 05:00:00,87.017,85.14516,-1.8718431396484334,1.8718431396484334
2013-06-19 05:30:00,103.783,97.781715,-6.001284606933595,6.001284606933595
2013-06-19 06:00:00,126.85,119.36701,-7.482987976074213,7.482987976074213
2013-06-19 06:30:00,153.766,156.82579,3.0597904052734464,3.0597904052734464
2013-06-19 07:00:00,169.055,169.4898,0.4348071289062432,0.4348071289062432
2013-06-19 07:30:00,165.201,178.63316,13.432163452148444,13.432163452148444
2013-06-19 08:00:00,142.554,157.54709,14.993088623046873,14.993088623046873
2013-06-19 08:30:00,132.106,128.53932,-3.566678100585932,3.566678100585932
2013-06-19 09:00:00,121.908,122.03805,0.1300477905273425,0.1300477905273425
2013-06-19 09:30:00,114.995,109.30197,-5.6930285644531295,5.6930285644531295
2013-06-19 10:00:00,122.86,106.833755,-16.026244506835937,16.026244506835937
2013-06-19 10:30:00,123.473,114.95728,-8.515716979980468,8.515716979980468
2013-06-19 11:00:00,124.017,120.0026,-4.01439837646484,4.01439837646484
2013-06-19 11:30:00,115.632,123.002396,7.3703956298828075,7.3703956298828075
2013-06-19 12:00:00,102.884,115.76646,12.882456604003906,12.882456604003906
2013-06-19 12:30:00,99.325,103.19578,3.8707778930664034,3.8707778930664034
2013-06-19 13:00:00,107.699,97.96802,-9.730982421874998,9.730982421874998
2013-06-19 13:30:00,99.43,104.263565,4.833565063476556,4.833565063476556
2013-06-19 14:00:00,100.611,98.1898,-2.421203552246098,2.421203552246098
2013-06-19 14:30:00,101.525,100.20436,-1.3206390380859432,1.3206390380859432
2013-06-19 15:00:00,104.382,102.61498,-1.7670173950195363,1.7670173950195363
2013-06-19 15:30:00,116.243,110.356064,-5.8869361572265575,5.8869361572265575
2013-06-19 16:00:00,128.078,131.39429,3.316287109374997,3.316287109374997
2013-06-19 16:30:00,160.57,146.54726,-14.02274353027343,14.02274353027343
2013-06-19 17:00:00,194.037,197.95766,3.9206568603515564,3.9206568603515564
2013-06-19 17:30:00,231.222,230.93982,-0.2821806640625084,0.2821806640625084
2013-06-19 18:00:00,239.845,238.82552,-1.0194842529296864,1.0194842529296864
2013-06-19 18:30:00,242.863,241.06407,-1.798928344726562,1.798928344726562
2013-06-19 19:00:00,227.895,227.74724,-0.14776184082032273,0.14776184082032273
2013-06-19 19:30:00,220.705,216.27423,-4.4307690429687625,4.4307690429687625
2013-06-19 20:00:00,229.45,214.95982,-14.490176391601551,14.490176391601551
2013-06-19 20:30:00,224.411,214.12044,-10.290562377929689,10.290562377929689
2013-06-19 21:00:00,203.055,207.50763,4.452629394531243,4.452629394531243
2013-06-19 21:30:00,185.88,191.49509,5.6150866699218795,5.6150866699218795
2013-06-19 22:00:00,175.823,185.24649,9.423490478515617,9.423490478515617
2013-06-19 22:30:00,161.422,159.27325,-2.148745605468747,2.148745605468747
2013-06-19 23:00:00,161.554,154.93677,-6.617232421875002,6.617232421875002
2013-06-19 23:30:00,203.822,178.62411,-25.197885009765628,25.197885009765628
2013-06-20 00:00:00,201.265,196.28717,-4.977829589843736,4.977829589843736
2013-06-20 00:30:00,178.579,172.00726,-6.571736816406258,6.571736816406258
2013-06-20 01:00:00,156.154,165.56119,9.407187744140629,9.407187744140629
2013-06-20 01:30:00,142.605,135.72879,-6.876209716796865,6.876209716796865
2013-06-20 02:00:00,110.531,121.46561,10.934606689453119,10.934606689453119
2013-06-20 02:30:00,86.978,96.149864,9.17186419677735,9.17186419677735
2013-06-20 03:00:00,84.419,78.69971,-5.719292968749997,5.719292968749997
2013-06-20 03:30:00,83.406,78.5053,-4.900697570800787,4.900697570800787
2013-06-20 04:00:00,77.191,80.708275,3.5172748413085912,3.5172748413085912
2013-06-20 04:30:00,72.782,80.91577,8.133771484375004,8.133771484375004
2013-06-20 05:00:00,92.492,81.034744,-11.457255737304692,11.457255737304692
2013-06-20 05:30:00,105.806,102.68743,-3.1185686645507786,3.1185686645507786
2013-06-20 06:00:00,130.903,123.59217,-7.31082928466796,7.31082928466796
2013-06-20 06:30:00,158.508,163.6038,5.095805541992178,5.095805541992178
2013-06-20 07:00:00,162.57,170.94962,8.379615478515632,8.379615478515632
2013-06-20 07:30:00,179.095,164.65544,-14.439558715820311,14.439558715820311
2013-06-20 08:00:00,155.219,171.47836,16.25936303710938,16.25936303710938
2013-06-20 08:30:00,140.07,140.25179,0.18178527832031932,0.18178527832031932
2013-06-20 09:00:00,122.382,124.07228,1.6902808837890575,1.6902808837890575
2013-06-20 09:30:00,112.117,113.57626,1.4592634277343706,1.4592634277343706
2013-06-20 10:00:00,108.028,103.724724,-4.303276184082037,4.303276184082037
2013-06-20 10:30:00,106.464,103.584274,-2.879725708007811,2.879725708007811
2013-06-20 11:00:00,107.884,102.24565,-5.638348754882813,5.638348754882813
2013-06-20 11:30:00,100.557,105.832344,5.275344055175779,5.275344055175779
2013-06-20 12:00:00,99.767,100.93559,1.1685926513671916,1.1685926513671916
2013-06-20 12:30:00,106.346,100.16057,-6.185431762695316,6.185431762695316
2013-06-20 13:00:00,104.963,105.68753,0.7245305175781311,0.7245305175781311
2013-06-20 13:30:00,103.75,101.79859,-1.9514083862304688,1.9514083862304688
2013-06-20 14:00:00,101.75,100.91888,-0.8311233520507812,0.8311233520507812
2013-06-20 14:30:00,94.561,100.62691,6.0659073486328055,6.0659073486328055
2013-06-20 15:00:00,93.622,96.625496,3.0034959106445314,3.0034959106445314
2013-06-20 15:30:00,112.865,100.37667,-12.488329162597651,12.488329162597651
2013-06-20 16:00:00,127.776,131.35107,3.5750742187500038,3.5750742187500038
2013-06-20 16:30:00,168.611,148.16957,-20.441429077148427,20.441429077148427
2013-06-20 17:00:00,196.149,200.30865,4.159654785156249,4.159654785156249
2013-06-20 17:30:00,240.075,228.1953,-11.879702758789051,11.879702758789051
2013-06-20 18:00:00,233.946,244.85088,10.90487585449219,10.90487585449219
2013-06-20 18:30:00,231.39,234.05164,2.6616357421875136,2.6616357421875136
2013-06-20 19:00:00,228.15,220.52641,-7.623587036132818,7.623587036132818
2013-06-20 19:30:00,220.654,215.96053,-4.693474487304684,4.693474487304684
2013-06-20 20:00:00,231.501,214.1529,-17.348106933593755,17.348106933593755
2013-06-20 20:30:00,225.199,212.79468,-12.404322265625012,12.404322265625012
2013-06-20 21:00:00,201.608,207.09244,5.484437744140621,5.484437744140621
2013-06-20 21:30:00,179.478,190.28928,10.811276123046866,10.811276123046866
2013-06-20 22:00:00,179.709,184.56096,4.851958862304684,4.851958862304684
2013-06-20 22:30:00,159.288,164.93466,5.646661865234364,5.646661865234364
2013-06-20 23:00:00,171.489,154.9076,-16.581407226562504,16.581407226562504
2013-06-20 23:30:00,196.497,185.87228,-10.624716064453139,10.624716064453139
2013-06-21 00:00:00,214.205,190.21664,-23.988355712890638,23.988355712890638
2013-06-21 00:30:00,190.082,181.92934,-8.152663452148431,8.152663452148431
2013-06-21 01:00:00,171.606,170.18413,-1.421872192382807,1.421872192382807
2013-06-21 01:30:00,142.847,145.11758,2.2705842285156166,2.2705842285156166
2013-06-21 02:00:00,111.142,121.87726,10.735258300781254,10.735258300781254
2013-06-21 02:30:00,90.275,95.66213,5.387132263183588,5.387132263183588
2013-06-21 03:00:00,82.922,77.97107,-4.950930664062497,4.950930664062497
2013-06-21 03:30:00,77.883,77.96273,0.07973040771484818,0.07973040771484818
2013-06-21 04:00:00,79.093,77.63472,-1.458280151367191,1.458280151367191
2013-06-21 04:30:00,77.915,82.51381,4.598809204101556,4.598809204101556
2013-06-21 05:00:00,85.425,83.74383,-1.6811721801757784,1.6811721801757784
2013-06-21 05:30:00,106.855,97.0893,-9.765697937011723,9.765697937011723
2013-06-21 06:00:00,122.602,125.93292,3.330922363281246,3.330922363281246
2013-06-21 06:30:00,152.43,153.30602,0.8760150146484307,0.8760150146484307
2013-06-21 07:00:00,163.459,169.44247,5.983474365234372,5.983474365234372
2013-06-21 07:30:00,171.621,170.5827,-1.0382973632812593,1.0382973632812593
2013-06-21 08:00:00,146.537,164.54868,18.01167553710937,18.01167553710937
2013-06-21 08:30:00,129.954,134.67792,4.723917480468742,4.723917480468742
2013-06-21 09:00:00,125.869,121.38203,-4.4869733276367185,4.4869733276367185
2013-06-21 09:30:00,109.485,115.55168,6.066681518554688,6.066681518554688
2013-06-21 10:00:00,115.724,104.407394,-11.316605590820316,11.316605590820316
2013-06-21 10:30:00,104.545,107.93076,3.3857632446289045,3.3857632446289045
2013-06-21 11:00:00,101.9,102.29382,0.3938232421874943,0.3938232421874943
2013-06-21 11:30:00,101.792,98.66347,-3.128532592773439,3.128532592773439
2013-06-21 12:00:00,106.755,100.561714,-6.193285827636714,6.193285827636714
2013-06-21 12:30:00,110.493,106.312935,-4.180065124511714,4.180065124511714
2013-06-21 13:00:00,95.601,108.19114,12.590139221191407,12.590139221191407
2013-06-21 13:30:00,93.916,95.38577,1.4697727050781282,1.4697727050781282
2013-06-21 14:00:00,97.429,90.92092,-6.508078674316408,6.508078674316408
2013-06-21 14:30:00,91.102,97.17405,6.072049377441402,6.072049377441402
2013-06-21 15:00:00,92.945,96.1642,3.2191998291015693,3.2191998291015693
2013-06-21 15:30:00,100.359,100.82649,0.46749230957031784,0.46749230957031784
2013-06-21 16:00:00,112.449,117.16894,4.719937683105471,4.719937683105471
2013-06-21 16:30:00,151.769,140.94864,-10.82036108398438,10.82036108398438
2013-06-21 17:00:00,191.028,192.82025,1.7922514648437584,1.7922514648437584
2013-06-21 17:30:00,232.843,233.69609,0.8530906982421982,0.8530906982421982
2013-06-21 18:00:00,237.33,243.64738,6.317384643554675,6.317384643554675
2013-06-21 18:30:00,244.779,241.51572,-3.2632834472656214,3.2632834472656214
2013-06-21 19:00:00,242.235,227.9501,-14.284896240234389,14.284896240234389
2013-06-21 19:30:00,226.869,224.66928,-2.1997189941406248,2.1997189941406248
2013-06-21 20:00:00,219.173,222.0238,2.850803710937498,2.850803710937498
2013-06-21 20:30:00,222.849,209.5552,-13.293793701171865,13.293793701171865
2013-06-21 21:00:00,210.455,203.70949,-6.74551208496095,6.74551208496095
2013-06-21 21:30:00,186.28,193.77498,7.494978637695311,7.494978637695311
2013-06-21 22:00:00,187.329,186.0574,-1.2715964355468827,1.2715964355468827
2013-06-21 22:30:00,171.825,168.55513,-3.269869995117176,3.269869995117176
2013-06-21 23:00:00,181.954,163.1541,-18.79990148925782,18.79990148925782
2013-06-21 23:30:00,191.996,182.54767,-9.44833154296876,9.44833154296876
2013-06-22 00:00:00,198.392,198.45692,0.06492443847656659,0.06492443847656659
2013-06-22 00:30:00,182.08,174.29683,-7.7831707763672,7.7831707763672
2013-06-22 01:00:00,161.467,167.31978,5.8527784423827995,5.8527784423827995
2013-06-22 01:30:00,132.45,141.35312,8.903118896484386,8.903118896484386
2013-06-22 02:00:00,110.246,111.305504,1.0595038452148486,1.0595038452148486
2013-06-22 02:30:00,84.571,90.74104,6.1700430908203145,6.1700430908203145
2013-06-22 03:00:00,86.955,79.45807,-7.496931152343748,7.496931152343748
2013-06-22 03:30:00,82.49,79.7473,-2.7427008056640574,2.7427008056640574
2013-06-22 04:00:00,78.057,80.995224,2.9382239990234353,2.9382239990234353
2013-06-22 04:30:00,87.667,81.37943,-6.287567321777345,6.287567321777345
2013-06-22 05:00:00,80.797,89.08145,8.284451416015628,8.284451416015628
2013-06-22 05:30:00,86.14,89.771706,3.6317056274414057,3.6317056274414057
2013-06-22 06:00:00,100.905,97.26509,-3.6399090576171886,3.6399090576171886
2013-06-22 06:30:00,129.329,118.90279,-10.426213745117195,10.426213745117195
2013-06-22 07:00:00,142.816,144.20438,1.3883762207031225,1.3883762207031225
2013-06-22 07:30:00,162.667,163.65364,0.9866407470703109,0.9866407470703109
2013-06-22 08:00:00,173.379,166.42278,-6.956224731445303,6.956224731445303
2013-06-22 08:30:00,190.716,166.839,-23.876995483398446,23.876995483398446
2013-06-22 09:00:00,174.888,177.11385,2.2258458251953073,2.2258458251953073
2013-06-22 09:30:00,184.261,158.36443,-25.896574340820308,25.896574340820308
2013-06-22 10:00:00,182.866,165.17024,-17.6957576904297,17.6957576904297
2013-06-22 10:30:00,173.647,165.90074,-7.746258422851554,7.746258422851554
2013-06-22 11:00:00,175.775,154.49763,-21.277365112304693,21.277365112304693
2013-06-22 11:30:00,167.713,160.0182,-7.694796264648431,7.694796264648431
2013-06-22 12:00:00,157.166,171.12413,13.95813024902344,13.95813024902344
2013-06-22 12:30:00,140.068,163.69896,23.630959350585925,23.630959350585925
2013-06-22 13:00:00,136.238,147.25674,11.018744384765625,11.018744384765625
2013-06-22 13:30:00,132.984,139.35191,6.367913452148429,6.367913452148429
2013-06-22 14:00:00,136.358,136.86124,0.5032365722656209,0.5032365722656209
2013-06-22 14:30:00,149.779,135.97244,-13.806557373046871,13.806557373046871
2013-06-22 15:00:00,156.002,152.12302,-3.8789836425781345,3.8789836425781345
2013-06-22 15:30:00,165.952,165.91336,-0.03863940429687318,0.03863940429687318
2013-06-22 16:00:00,178.021,188.62079,10.599788574218763,10.599788574218763
2013-06-22 16:30:00,215.18,202.09358,-13.086417846679694,13.086417846679694
2013-06-22 17:00:00,236.022,222.85812,-13.163876220703116,13.163876220703116
2013-06-22 17:30:00,244.289,254.73184,10.442842041015638,10.442842041015638
2013-06-22 18:00:00,235.397,246.97241,11.575412109375009,11.575412109375009
2013-06-22 18:30:00,243.575,240.31325,-3.261752319335926,3.261752319335926
2013-06-22 19:00:00,235.428,226.64381,-8.784185913085935,8.784185913085935
2013-06-22 19:30:00,216.729,224.6425,7.913501831054674,7.913501831054674
2013-06-22 20:00:00,214.017,207.6627,-6.354295532226558,6.354295532226558
2013-06-22 20:30:00,195.112,201.3299,6.217895019531255,6.217895019531255
2013-06-22 21:00:00,178.715,185.06783,6.352825317382809,6.352825317382809
2013-06-22 21:30:00,180.597,179.19603,-1.400970336914071,1.400970336914071
2013-06-22 22:00:00,180.79,181.44049,0.650490722656258,0.650490722656258
2013-06-22 22:30:00,167.325,163.2209,-4.104098510742176,4.104098510742176
2013-06-22 23:00:00,171.117,162.55374,-8.563258544921865,8.563258544921865
2013-06-22 23:30:00,195.903,179.16351,-16.73948681640624,16.73948681640624
2013-06-23 00:00:00,204.529,196.68468,-7.844322875976559,7.844322875976559
2013-06-23 00:30:00,177.111,178.85527,1.7442703857421975,1.7442703857421975
2013-06-23 01:00:00,155.325,164.14404,8.819042968750011,8.819042968750011
2013-06-23 01:30:00,126.793,131.91635,5.123351318359369,5.123351318359369
2013-06-23 02:00:00,109.061,108.10856,-0.9524413452148508,0.9524413452148508
2013-06-23 02:30:00,89.685,92.00737,2.3223699951171852,2.3223699951171852
2013-06-23 03:00:00,77.94500000000001,78.00363,0.05863159179686761,0.05863159179686761
2013-06-23 03:30:00,79.429,73.11467,-6.3143302001953145,6.3143302001953145
2013-06-23 04:00:00,73.764,78.12266,4.3586577758789105,4.3586577758789105
2013-06-23 04:30:00,78.803,77.45072,-1.352278259277341,1.352278259277341
2013-06-23 05:00:00,83.913,83.105286,-0.8077143554687467,0.8077143554687467
2013-06-23 05:30:00,83.081,91.361145,8.280145019531247,8.280145019531247
2013-06-23 06:00:00,88.663,93.10631,4.443307983398441,4.443307983398441
2013-06-23 06:30:00,101.004,104.336525,3.3325249633789014,3.3325249633789014
2013-06-23 07:00:00,118.436,112.914406,-5.521594177246101,5.521594177246101
2013-06-23 07:30:00,126.719,131.9385,5.219507080078131,5.219507080078131
2013-06-23 08:00:00,142.708,140.47731,-2.230689819335936,2.230689819335936
2013-06-23 08:30:00,157.264,152.53346,-4.7305374755859475,4.7305374755859475
2013-06-23 09:00:00,176.616,167.32712,-9.288882080078139,9.288882080078139
2013-06-23 09:30:00,172.016,172.18202,0.16602209472657137,0.16602209472657137
2013-06-23 10:00:00,166.173,161.50687,-4.666133544921877,4.666133544921877
2013-06-23 10:30:00,160.269,158.42223,-1.846774047851568,1.846774047851568
2013-06-23 11:00:00,152.9,152.46371,-0.4362854003906307,0.4362854003906307
2013-06-23 11:30:00,166.884,151.2051,-15.678906616210924,15.678906616210924
2013-06-23 12:00:00,168.917,174.3355,5.418494995117186,5.418494995117186
2013-06-23 12:30:00,165.167,173.89047,8.723472412109373,8.723472412109373
2013-06-23 13:00:00,159.715,168.40926,8.694255981445309,8.694255981445309
2013-06-23 13:30:00,160.061,161.3561,1.2950943603515555,1.2950943603515555
2013-06-23 14:00:00,165.692,163.52512,-2.1668840332031323,2.1668840332031323
2013-06-23 14:30:00,169.173,174.51772,5.344715454101561,5.344715454101561
2013-06-23 15:00:00,180.325,173.20288,-7.122119140624989,7.122119140624989
2013-06-23 15:30:00,190.689,188.70363,-1.9853714599609305,1.9853714599609305
2013-06-23 16:00:00,198.645,203.96355,5.318546752929677,5.318546752929677
2013-06-23 16:30:00,219.257,209.14172,-10.115276367187505,10.115276367187505
2013-06-23 17:00:00,237.166,231.26332,-5.902679077148434,5.902679077148434
2013-06-23 17:30:00,269.356,249.64455,-19.711453491210932,19.711453491210932
2013-06-23 18:00:00,262.791,251.89828,-10.892715087890622,10.892715087890622
2013-06-23 18:30:00,258.723,252.12134,-6.601662109375013,6.601662109375013
2013-06-23 19:00:00,233.117,246.48358,13.36658154296876,13.36658154296876
2013-06-23 19:30:00,228.121,221.07213,-7.048871704101572,7.048871704101572
2013-06-23 20:00:00,232.548,221.71152,-10.836482666015627,10.836482666015627
2013-06-23 20:30:00,217.988,213.61995,-4.368050659179687,4.368050659179687
2013-06-23 21:00:00,207.477,205.28532,-2.1916759033203164,2.1916759033203164
2013-06-23 21:30:00,199.955,194.89427,-5.060728149414075,5.060728149414075
2013-06-23 22:00:00,193.676,193.34756,-0.3284353027343627,0.3284353027343627
2013-06-23 22:30:00,170.698,172.58882,1.890821411132805,1.890821411132805
2013-06-23 23:00:00,182.065,166.68,-15.385007324218748,15.385007324218748
2013-06-23 23:30:00,198.378,180.91747,-17.46053479003905,17.46053479003905
2013-06-24 00:00:00,197.62,196.73564,-0.884358520507817,0.884358520507817
2013-06-24 00:30:00,178.346,171.43375,-6.912253662109379,6.912253662109379
2013-06-24 01:00:00,157.687,166.73389,9.046886718749988,9.046886718749988
2013-06-24 01:30:00,138.166,135.64662,-2.5193782958984343,2.5193782958984343
2013-06-24 02:00:00,110.556,115.725365,5.169364685058596,5.169364685058596
2013-06-24 02:30:00,91.462,93.48378,2.021779907226559,2.021779907226559
2013-06-24 03:00:00,75.212,80.49904,5.287038696289059,5.287038696289059
2013-06-24 03:30:00,71.086,71.63732,0.5513214721679702,0.5513214721679702
2013-06-24 04:00:00,75.783,72.505875,-3.2771253662109388,3.2771253662109388
2013-06-24 04:30:00,74.076,78.925354,4.849354003906257,4.849354003906257
2013-06-24 05:00:00,80.036,80.06827,0.032267822265623636,0.032267822265623636
2013-06-24 05:30:00,100.165,91.37396,-8.791037597656256,8.791037597656256
2013-06-24 06:00:00,139.374,114.747284,-24.62671606445312,24.62671606445312
2013-06-24 06:30:00,166.474,167.12222,0.6482229003906355,0.6482229003906355
2013-06-24 07:00:00,151.345,173.25826,21.913255004882814,21.913255004882814
2013-06-24 07:30:00,168.812,157.16386,-11.648135864257824,11.648135864257824
2013-06-24 08:00:00,161.524,162.184,0.6600057373046866,0.6600057373046866
2013-06-24 08:30:00,147.04,146.70558,-0.33441833496092954,0.33441833496092954
2013-06-24 09:00:00,146.987,129.68121,-17.305786621093745,17.305786621093745
2013-06-24 09:30:00,132.88,137.06485,4.1848498535156295,4.1848498535156295
2013-06-24 10:00:00,125.499,124.7627,-0.736297058105464,0.736297058105464
2013-06-24 10:30:00,115.669,117.449745,1.7807451782226593,1.7807451782226593
2013-06-24 11:00:00,102.904,117.243095,14.339095397949222,14.339095397949222
2013-06-24 11:30:00,97.124,108.50555,11.381546569824224,11.381546569824224
2013-06-24 12:00:00,101.134,101.75053,0.6165264282226559,0.6165264282226559
2013-06-24 12:30:00,105.597,104.282234,-1.314765808105463,1.314765808105463
2013-06-24 13:00:00,98.61,109.02956,10.419556274414063,10.419556274414063
2013-06-24 13:30:00,92.275,99.12996,6.854959106445307,6.854959106445307
2013-06-24 14:00:00,93.658,92.208176,-1.4498243408203138,1.4498243408203138
2013-06-24 14:30:00,99.001,92.065254,-6.9357457885742235,6.9357457885742235
2013-06-24 15:00:00,102.379,101.27138,-1.1076224365234424,1.1076224365234424
2013-06-24 15:30:00,127.371,114.46807,-12.902929016113276,12.902929016113276
2013-06-24 16:00:00,153.251,150.1775,-3.0734945068359423,3.0734945068359423
2013-06-24 16:30:00,171.814,184.93645,13.122447143554695,13.122447143554695
2013-06-24 17:00:00,203.115,200.58813,-2.526865234375009,2.526865234375009
2013-06-24 17:30:00,234.362,230.59802,-3.7639775390624948,3.7639775390624948
2013-06-24 18:00:00,247.463,242.13637,-5.326632202148431,5.326632202148431
2013-06-24 18:30:00,243.734,240.41919,-3.314810546875009,3.314810546875009
2013-06-24 19:00:00,223.732,227.12428,3.392282836914063,3.392282836914063
2013-06-24 19:30:00,220.555,214.55688,-5.998115234375007,5.998115234375007
2013-06-24 20:00:00,226.789,216.88153,-9.907469238281237,9.907469238281237
2013-06-24 20:30:00,217.305,215.26924,-2.0357586669921943,2.0357586669921943
2013-06-24 21:00:00,209.481,205.2733,-4.207699829101557,4.207699829101557
2013-06-24 21:30:00,199.713,195.47043,-4.242571533203119,4.242571533203119
2013-06-24 22:00:00,188.332,192.66902,4.337021606445319,4.337021606445319
2013-06-24 22:30:00,168.546,170.10786,1.5618643798828202,1.5618643798828202
2013-06-24 23:00:00,180.627,166.89539,-13.73161425781251,13.73161425781251
2013-06-24 23:30:00,194.968,185.98141,-8.986585205078114,8.986585205078114
2013-06-25 00:00:00,212.134,193.02898,-19.1050235595703,19.1050235595703
2013-06-25 00:30:00,186.983,181.99774,-4.985258300781254,4.985258300781254
2013-06-25 01:00:00,165.516,166.3293,0.8132999267578214,0.8132999267578214
2013-06-25 01:30:00,144.246,144.98526,0.7392600097656157,0.7392600097656157
2013-06-25 02:00:00,115.714,122.676605,6.962605224609376,6.962605224609376
2013-06-25 02:30:00,86.521,97.25122,10.730220703125,10.730220703125
2013-06-25 03:00:00,78.48,79.063126,0.5831256103515585,0.5831256103515585
2013-06-25 03:30:00,72.007,73.27132,1.2643165283203075,1.2643165283203075
2013-06-25 04:00:00,72.531,73.8207,1.2897015991210878,1.2897015991210878
2013-06-25 04:30:00,79.894,77.4705,-2.423502868652349,2.423502868652349
2013-06-25 05:00:00,82.7,84.72578,2.0257766723632784,2.0257766723632784
2013-06-25 05:30:00,101.082,96.702675,-4.379325134277337,4.379325134277337
2013-06-25 06:00:00,125.037,116.44024,-8.596761047363287,8.596761047363287
2013-06-25 06:30:00,171.553,158.02664,-13.526358154296872,13.526358154296872
2013-06-25 07:00:00,180.773,169.30608,-11.466923950195309,11.466923950195309
2013-06-25 07:30:00,175.579,179.51854,3.9395394287109298,3.9395394287109298
2013-06-25 08:00:00,159.28,157.56963,-1.7103741455078136,1.7103741455078136
2013-06-25 08:30:00,148.606,146.55858,-2.047421508789057,2.047421508789057
2013-06-25 09:00:00,131.44,129.3767,-2.0633062744140602,2.0633062744140602
2013-06-25 09:30:00,130.877,118.9658,-11.911202575683603,11.911202575683603
2013-06-25 10:00:00,140.487,120.11392,-20.37307788085937,20.37307788085937
2013-06-25 10:30:00,137.455,136.2728,-1.1822033691406375,1.1822033691406375
2013-06-25 11:00:00,128.225,137.81549,9.590490722656256,9.590490722656256
2013-06-25 11:30:00,122.743,127.11224,4.369243652343755,4.369243652343755
2013-06-25 12:00:00,122.696,122.27618,-0.4198235473632792,0.4198235473632792
2013-06-25 12:30:00,117.733,121.976135,4.243135253906246,4.243135253906246
2013-06-25 13:00:00,109.633,117.00726,7.374263183593754,7.374263183593754
2013-06-25 13:30:00,106.69,109.182304,2.492304382324221,2.492304382324221
2013-06-25 14:00:00,104.729,102.11501,-2.6139868774414055,2.6139868774414055
2013-06-25 14:30:00,101.068,102.279495,1.2114952392578147,1.2114952392578147
2013-06-25 15:00:00,100.833,102.4387,1.6056978149414078,1.6056978149414078
2013-06-25 15:30:00,116.711,108.62478,-8.086221252441405,8.086221252441405
2013-06-25 16:00:00,133.091,136.35916,3.268161376953117,3.268161376953117
2013-06-25 16:30:00,171.575,154.25397,-17.32103271484374,17.32103271484374
2013-06-25 17:00:00,209.337,202.92496,-6.412042724609364,6.412042724609364
2013-06-25 17:30:00,250.533,233.0615,-17.471507080078112,17.471507080078112
2013-06-25 18:00:00,260.846,246.2125,-14.633506103515629,14.633506103515629
2013-06-25 18:30:00,241.29,253.68823,12.398232421875008,12.398232421875008
2013-06-25 19:00:00,232.812,231.33955,-1.4724461669921993,1.4724461669921993
2013-06-25 19:30:00,241.656,215.54031,-26.11568627929688,26.11568627929688
2013-06-25 20:00:00,244.642,226.89014,-17.751863281249996,17.751863281249996
2013-06-25 20:30:00,224.576,221.4919,-3.084102416992181,3.084102416992181
2013-06-25 21:00:00,211.334,208.50563,-2.8283695068359407,2.8283695068359407
2013-06-25 21:30:00,196.063,195.18324,-0.8797572021484257,0.8797572021484257
2013-06-25 22:00:00,196.375,190.70528,-5.6697235107421875,5.6697235107421875
2013-06-25 22:30:00,172.249,170.94429,-1.3047098388671827,1.3047098388671827
2013-06-25 23:00:00,179.434,166.02554,-13.408456787109372,13.408456787109372
2013-06-25 23:30:00,197.685,182.63423,-15.05076843261719,15.05076843261719
2013-06-26 00:00:00,202.902,197.75238,-5.149619628906237,5.149619628906237
2013-06-26 00:30:00,180.798,177.96217,-2.8358265380859393,2.8358265380859393
2013-06-26 01:00:00,160.477,167.72037,7.243367431640621,7.243367431640621
2013-06-26 01:30:00,131.909,140.42941,8.520412841796883,8.520412841796883
2013-06-26 02:00:00,110.425,114.13719,3.7121917724609403,3.7121917724609403
2013-06-26 02:30:00,92.474,94.47919,2.0051870117187462,2.0051870117187462
2013-06-26 03:00:00,77.968,79.56629,1.5982918090820277,1.5982918090820277
2013-06-26 03:30:00,74.353,72.30144,-2.051562622070307,2.051562622070307
2013-06-26 04:00:00,74.616,73.26509,-1.3509090576171872,1.3509090576171872
2013-06-26 04:30:00,79.759,77.43144,-2.327557739257813,2.327557739257813
2013-06-26 05:00:00,82.65,83.65469,1.0046936035156193,1.0046936035156193
2013-06-26 05:30:00,94.178,95.872345,1.6943449707031277,1.6943449707031277
2013-06-26 06:00:00,118.237,115.12724,-3.1097569580078073,3.1097569580078073
2013-06-26 06:30:00,141.906,148.29759,6.391592163085932,6.391592163085932
2013-06-26 07:00:00,157.406,164.27455,6.868551391601557,6.868551391601557
2013-06-26 07:30:00,166.268,168.6371,2.369100219726562,2.369100219726562
2013-06-26 08:00:00,143.796,163.33832,19.542317871093758,19.542317871093758
2013-06-26 08:30:00,130.52,130.9564,0.43640563964842727,0.43640563964842727
2013-06-26 09:00:00,118.911,121.92931,3.0183136596679674,3.0183136596679674
2013-06-26 09:30:00,109.857,109.47483,-0.38216937255859307,0.38216937255859307
2013-06-26 10:00:00,110.944,106.81178,-4.13221716308594,4.13221716308594
2013-06-26 10:30:00,107.641,107.49471,-0.1462871704101616,0.1462871704101616
2013-06-26 11:00:00,99.228,105.90174,6.673741027832037,6.673741027832037
2013-06-26 11:30:00,98.668,103.07657,4.408568603515619,4.408568603515619
2013-06-26 12:00:00,94.893,102.61682,7.723821289062499,7.723821289062499
2013-06-26 12:30:00,96.601,96.94582,0.34482366943359466,0.34482366943359466
2013-06-26 13:00:00,96.964,98.62034,1.6563384399414076,1.6563384399414076
2013-06-26 13:30:00,93.985,98.159805,4.174805297851563,4.174805297851563
2013-06-26 14:00:00,88.78,93.06098,4.28098175048828,4.28098175048828
2013-06-26 14:30:00,89.386,91.032936,1.6469360961914106,1.6469360961914106
2013-06-26 15:00:00,96.466,94.3991,-2.0668987426757752,2.0668987426757752
2013-06-26 15:30:00,97.393,106.978195,9.585195190429687,9.585195190429687
2013-06-26 16:00:00,116.396,118.70447,2.308467773437499,2.308467773437499
2013-06-26 16:30:00,146.244,145.26283,-0.9811673583984373,0.9811673583984373
2013-06-26 17:00:00,180.249,197.42345,17.174446655273442,17.174446655273442
2013-06-26 17:30:00,210.797,212.69424,1.897244384765628,1.897244384765628
2013-06-26 18:00:00,212.023,211.05493,-0.9680683593749961,0.9680683593749961
2013-06-26 18:30:00,213.313,207.38458,-5.928417480468738,5.928417480468738
2013-06-26 19:00:00,203.334,202.78653,-0.5474704589843782,0.5474704589843782
2013-06-26 19:30:00,196.031,191.32426,-4.706735473632818,4.706735473632818
2013-06-26 20:00:00,189.875,195.05865,5.18365478515625,5.18365478515625
2013-06-26 20:30:00,175.214,185.97055,10.756550537109376,10.756550537109376
2013-06-26 21:00:00,169.803,171.33798,1.5349821777343777,1.5349821777343777
2013-06-26 21:30:00,163.838,170.86632,7.028317749023444,7.028317749023444
2013-06-26 22:00:00,171.101,167.4707,-3.630296874999999,3.630296874999999
2013-06-26 22:30:00,157.586,160.52165,2.9356522216796748,2.9356522216796748
2013-06-26 23:00:00,170.981,153.8171,-17.163907104492182,17.163907104492182
2013-06-26 23:30:00,195.532,180.36949,-15.162508422851573,15.162508422851573
2013-06-27 00:00:00,210.537,193.07529,-17.46171313476563,17.46171313476563
2013-06-27 00:30:00,185.036,181.59354,-3.4424636230468764,3.4424636230468764
2013-06-27 01:00:00,154.555,165.07066,10.51566345214843,10.51566345214843
2013-06-27 01:30:00,131.132,131.28458,0.15257641601562,0.15257641601562
2013-06-27 02:00:00,109.571,107.98625,-1.5847481689453105,1.5847481689453105
2013-06-27 02:30:00,88.319,88.18806,-0.13094305419922136,0.13094305419922136
2013-06-27 03:00:00,82.321,76.105255,-6.215744873046873,6.215744873046873
2013-06-27 03:30:00,72.61,72.06434,-0.5456613159179682,0.5456613159179682
2013-06-27 04:00:00,76.252,71.78668,-4.465317871093745,4.465317871093745
2013-06-27 04:30:00,71.454,76.78452,5.330523010253913,5.330523010253913
2013-06-27 05:00:00,83.285,75.80813,-7.476871643066403,7.476871643066403
2013-06-27 05:30:00,86.562,93.55302,6.991016662597659,6.991016662597659
2013-06-27 06:00:00,109.036,103.656,-5.380001770019533,5.380001770019533
2013-06-27 06:30:00,148.623,133.3872,-15.23579296874999,15.23579296874999
2013-06-27 07:00:00,151.799,160.7925,8.993495727539056,8.993495727539056
2013-06-27 07:30:00,150.514,160.90497,10.39096826171874,10.39096826171874
2013-06-27 08:00:00,143.701,142.63226,-1.0687368164062434,1.0687368164062434
2013-06-27 08:30:00,139.398,132.19382,-7.204182861328121,7.204182861328121
2013-06-27 09:00:00,131.159,122.26696,-8.892039855957023,8.892039855957023
2013-06-27 09:30:00,109.249,121.829475,12.580475402832036,12.580475402832036
2013-06-27 10:00:00,106.356,102.73968,-3.616322570800776,3.616322570800776
2013-06-27 10:30:00,103.832,102.83228,-0.9997169799804624,0.9997169799804624
2013-06-27 11:00:00,108.527,101.9575,-6.569503356933595,6.569503356933595
2013-06-27 11:30:00,105.984,107.11681,1.132813659667974,1.132813659667974
2013-06-27 12:00:00,100.861,105.14759,4.286590637207027,4.286590637207027
2013-06-27 12:30:00,105.638,101.5445,-4.093497741699224,4.093497741699224
2013-06-27 13:00:00,107.658,106.18931,-1.468691833496095,1.468691833496095
2013-06-27 13:30:00,96.615,105.00668,8.39168334960938,8.39168334960938
2013-06-27 14:00:00,89.975,97.7473,7.772299194335943,7.772299194335943
2013-06-27 14:30:00,96.455,90.57348,-5.8815213012695295,5.8815213012695295
2013-06-27 15:00:00,102.041,98.71594,-3.325057617187497,3.325057617187497
2013-06-27 15:30:00,108.901,109.84876,0.947762512207035,0.947762512207035
2013-06-27 16:00:00,106.807,127.81401,21.007010620117185,21.007010620117185
2013-06-27 16:30:00,139.29,128.70866,-10.581336059570305,10.581336059570305
2013-06-27 17:00:00,187.58,184.9717,-2.60830505371095,2.60830505371095
2013-06-27 17:30:00,204.828,212.08456,7.256564208984372,7.256564208984372
2013-06-27 18:00:00,203.816,203.65118,-0.1648159179687525,0.1648159179687525
2013-06-27 18:30:00,195.882,198.71603,2.83403393554687,2.83403393554687
2013-06-27 19:00:00,196.146,193.40465,-2.741352172851549,2.741352172851549
2013-06-27 19:30:00,185.327,189.95209,4.625087402343752,4.625087402343752
2013-06-27 20:00:00,195.498,186.16956,-9.32844433593749,9.32844433593749
2013-06-27 20:30:00,191.438,181.78062,-9.65737561035155,9.65737561035155
2013-06-27 21:00:00,167.633,179.09552,11.46252001953124,11.46252001953124
2013-06-27 21:30:00,164.0,170.06683,6.06683349609375,6.06683349609375
2013-06-27 22:00:00,177.232,165.76817,-11.463826782226562,11.463826782226562
2013-06-27 22:30:00,155.692,161.90346,6.211457641601555,6.211457641601555
2013-06-27 23:00:00,164.81,154.30074,-10.50926452636719,10.50926452636719
2013-06-27 23:30:00,207.771,179.26346,-28.50754174804686,28.50754174804686
2013-06-28 00:00:00,207.909,196.14923,-11.759769042968742,11.759769042968742
2013-06-28 00:30:00,183.918,176.22704,-7.690964477539069,7.690964477539069
2013-06-28 01:00:00,162.452,166.74664,4.294643066406252,4.294643066406252
2013-06-28 01:30:00,137.518,135.23676,-2.2812446289062507,2.2812446289062507
2013-06-28 02:00:00,107.246,114.42053,7.174532226562505,7.174532226562505
2013-06-28 02:30:00,83.405,87.766685,4.361685485839843,4.361685485839843
2013-06-28 03:00:00,75.944,73.81767,-2.126327270507815,2.126327270507815
2013-06-28 03:30:00,67.869,70.32641,2.457408386230469,2.457408386230469
2013-06-28 04:00:00,71.724,70.28012,-1.4438791503906288,1.4438791503906288
2013-06-28 04:30:00,71.12,75.872986,4.7529858398437455,4.7529858398437455
2013-06-28 05:00:00,82.68,75.86709,-6.812911682128913,6.812911682128913
2013-06-28 05:30:00,92.473,93.4298,0.9568019409179698,0.9568019409179698
2013-06-28 06:00:00,108.396,109.65291,1.2569083251953117,1.2569083251953117
2013-06-28 06:30:00,139.337,129.45776,-9.879236328124989,9.879236328124989
2013-06-28 07:00:00,148.337,153.25758,4.920583618164073,4.920583618164073
2013-06-28 07:30:00,157.811,155.48131,-2.3296920166015695,2.3296920166015695
2013-06-28 08:00:00,142.682,153.6146,10.932593505859387,10.932593505859387
2013-06-28 08:30:00,132.629,131.48164,-1.1473563232421782,1.1473563232421782
2013-06-28 09:00:00,117.203,120.87216,3.669161865234372,3.669161865234372
2013-06-28 09:30:00,120.409,109.53045,-10.878551086425787,10.878551086425787
2013-06-28 10:00:00,115.916,108.43079,-7.485206237792966,7.485206237792966
2013-06-28 10:30:00,123.055,108.55194,-14.503059082031257,14.503059082031257
2013-06-28 11:00:00,118.049,119.29962,1.2506215820312434,1.2506215820312434
2013-06-28 11:30:00,109.043,117.58756,8.54456256103515,8.54456256103515
2013-06-28 12:00:00,118.243,110.06251,-8.180492370605464,8.180492370605464
2013-06-28 12:30:00,113.503,117.31458,3.811582824707031,3.811582824707031
2013-06-28 13:00:00,102.961,112.87345,9.912451232910158,9.912451232910158
2013-06-28 13:30:00,112.629,102.25176,-10.377237609863286,10.377237609863286
2013-06-28 14:00:00,104.854,110.472534,5.618534179687501,5.618534179687501
2013-06-28 14:30:00,102.25,103.71546,1.4654617309570312,1.4654617309570312
2013-06-28 15:00:00,108.666,103.10468,-5.561317077636716,5.561317077636716
2013-06-28 15:30:00,119.43,115.50835,-3.9216534423828193,3.9216534423828193
2013-06-28 16:00:00,137.765,130.4549,-7.310104980468736,7.310104980468736
2013-06-28 16:30:00,168.745,159.41599,-9.32901489257813,9.32901489257813
2013-06-28 17:00:00,186.188,192.56331,6.375308715820324,6.375308715820324
2013-06-28 17:30:00,213.623,211.95132,-1.6716755371093655,1.6716755371093655
2013-06-28 18:00:00,219.956,211.01782,-8.938177734374989,8.938177734374989
2013-06-28 18:30:00,212.74,216.3093,3.569295654296866,3.569295654296866
2013-06-28 19:00:00,204.424,204.43849,0.014491821289055906,0.014491821289055906
2013-06-28 19:30:00,192.473,195.2092,2.736197998046862,2.736197998046862
2013-06-28 20:00:00,201.709,199.52295,-2.186050781250003,2.186050781250003
2013-06-28 20:30:00,194.966,193.79652,-1.1694759521484457,1.1694759521484457
2013-06-28 21:00:00,175.185,182.61877,7.433774414062498,7.433774414062498
2013-06-28 21:30:00,173.767,172.64615,-1.120851318359371,1.120851318359371
2013-06-28 22:00:00,176.966,174.62408,-2.341915527343758,2.341915527343758
2013-06-28 22:30:00,165.8,162.08253,-3.717465209960949,3.717465209960949
2013-06-28 23:00:00,175.479,160.67914,-14.799861816406263,14.799861816406263
2013-06-28 23:30:00,194.208,178.85776,-15.350242431640623,15.350242431640623
2013-06-29 00:00:00,211.027,191.48085,-19.546149780273424,19.546149780273424
2013-06-29 00:30:00,180.597,181.6332,1.036193969726554,1.036193969726554
2013-06-29 01:00:00,164.514,164.43648,-0.0775223388671975,0.0775223388671975
2013-06-29 01:30:00,132.632,136.9233,4.2912940673828075,4.2912940673828075
2013-06-29 02:00:00,117.641,110.97199,-6.669007507324224,6.669007507324224
2013-06-29 02:30:00,99.278,94.20626,-5.071739318847662,5.071739318847662
2013-06-29 03:00:00,90.884,82.59845,-8.28555029296875,8.28555029296875
2013-06-29 03:30:00,79.022,82.278564,3.2565644531249944,3.2565644531249944
2013-06-29 04:00:00,80.977,78.692635,-2.2843654174804726,2.2843654174804726
2013-06-29 04:30:00,76.535,82.39024,5.855243530273441,5.855243530273441
2013-06-29 05:00:00,86.73,79.22306,-7.506939392089848,7.506939392089848
2013-06-29 05:30:00,88.445,92.04007,3.595069580078132,3.595069580078132
2013-06-29 06:00:00,91.077,99.45188,8.374881408691408,8.374881408691408
2013-06-29 06:30:00,94.95,111.76851,16.81850891113281,16.81850891113281
2013-06-29 07:00:00,107.836,111.06,3.2239975585937515,3.2239975585937515
2013-06-29 07:30:00,127.452,119.31314,-8.138859130859373,8.138859130859373
2013-06-29 08:00:00,145.75,137.42355,-8.326446533203125,8.326446533203125
2013-06-29 08:30:00,153.162,157.7579,4.595904052734369,4.595904052734369
2013-06-29 09:00:00,159.94,155.39032,-4.549680175781248,4.549680175781248
2013-06-29 09:30:00,162.40800000000002,153.94028,-8.46772290039064,8.46772290039064
2013-06-29 10:00:00,161.925,147.62079,-14.304211425781261,14.304211425781261
2013-06-29 10:30:00,164.627,147.93912,-16.687882568359385,16.687882568359385
2013-06-29 11:00:00,173.074,150.81746,-22.2565408935547,22.2565408935547
2013-06-29 11:30:00,159.079,160.54033,1.4613289794921798,1.4613289794921798
2013-06-29 12:00:00,147.147,160.85658,13.709582641601571,13.709582641601571
2013-06-29 12:30:00,146.431,155.90971,9.478713745117176,9.478713745117176
2013-06-29 13:00:00,144.087,149.22128,5.134282958984386,5.134282958984386
2013-06-29 13:30:00,143.584,150.34601,6.762008300781247,6.762008300781247
2013-06-29 14:00:00,151.315,150.80629,-0.5087103271484352,0.5087103271484352
2013-06-29 14:30:00,150.93,160.408,9.47800476074218,9.47800476074218
2013-06-29 15:00:00,141.944,156.16095,14.216949707031262,14.216949707031262
2013-06-29 15:30:00,152.643,150.05533,-2.5876716308593757,2.5876716308593757
2013-06-29 16:00:00,162.85399999999998,168.10278,5.248783203125015,5.248783203125015
2013-06-29 16:30:00,174.571,176.14024,1.5692435302734395,1.5692435302734395
2013-06-29 17:00:00,195.926,194.8982,-1.0278066406249877,1.0278066406249877
2013-06-29 17:30:00,221.779,220.36505,-1.4139487304687464,1.4139487304687464
2013-06-29 18:00:00,212.698,227.00255,14.30454821777343,14.30454821777343
2013-06-29 18:30:00,200.346,214.6092,14.263207153320309,14.263207153320309
2013-06-29 19:00:00,195.749,196.6358,0.8868032226562548,0.8868032226562548
2013-06-29 19:30:00,182.357,193.47882,11.12182080078125,11.12182080078125
2013-06-29 20:00:00,191.326,185.9342,-5.391795898437493,5.391795898437493
2013-06-29 20:30:00,177.772,180.28502,2.513018920898446,2.513018920898446
2013-06-29 21:00:00,156.279,173.3452,17.06619958496094,17.06619958496094
2013-06-29 21:30:00,167.207,159.44997,-7.757033569335931,7.757033569335931
2013-06-29 22:00:00,167.654,174.62486,6.970862670898441,6.970862670898441
2013-06-29 22:30:00,159.73,158.7213,-1.0087017822265523,1.0087017822265523
2013-06-29 23:00:00,175.535,159.0962,-16.438793334960934,16.438793334960934
2013-06-29 23:30:00,190.992,179.27544,-11.716563598632803,11.716563598632803
2013-06-30 00:00:00,198.279,197.67766,-0.6013419189453089,0.6013419189453089
2013-06-30 00:30:00,178.362,176.41776,-1.9442448730468698,1.9442448730468698
2013-06-30 01:00:00,155.478,164.89847,9.420468017578116,9.420468017578116
2013-06-30 01:30:00,130.727,134.8093,4.082295654296871,4.082295654296871
2013-06-30 02:00:00,105.037,110.23851,5.201510131835931,5.201510131835931
2013-06-30 02:30:00,88.61,91.68067,3.070671691894532,3.070671691894532
2013-06-30 03:00:00,74.123,79.296196,5.173195983886714,5.173195983886714
2013-06-30 03:30:00,68.509,72.23389,3.7248867187499997,3.7248867187499997
2013-06-30 04:00:00,68.828,70.508995,1.6809950561523408,1.6809950561523408
2013-06-30 04:30:00,78.931,72.86601,-6.06498742675781,6.06498742675781
2013-06-30 05:00:00,88.943,83.25754,-5.685462158203123,5.685462158203123
2013-06-30 05:30:00,75.54599999999999,99.74056,24.19456243896485,24.19456243896485
2013-06-30 06:00:00,80.981,86.775826,5.794825500488287,5.794825500488287
2013-06-30 06:30:00,94.906,95.646225,0.7402249755859316,0.7402249755859316
2013-06-30 07:00:00,106.222,106.9534,0.7313996582031308,0.7313996582031308
2013-06-30 07:30:00,113.084,115.41422,2.330222717285153,2.330222717285153
2013-06-30 08:00:00,142.591,121.094215,-21.496784606933602,21.496784606933602
2013-06-30 08:30:00,158.293,160.92014,2.6271354980468686,2.6271354980468686
2013-06-30 09:00:00,164.398,165.0559,0.6578929443359414,0.6578929443359414
2013-06-30 09:30:00,154.791,154.48653,-0.3044735107421843,0.3044735107421843
2013-06-30 10:00:00,156.828,150.86203,-5.965969970703128,5.965969970703128
2013-06-30 10:30:00,155.198,150.41386,-4.78413586425782,4.78413586425782
2013-06-30 11:00:00,162.924,150.56624,-12.357761596679694,12.357761596679694
2013-06-30 11:30:00,149.432,152.66699,3.234992187500012,3.234992187500012
2013-06-30 12:00:00,152.721,153.6744,0.9533927001953089,0.9533927001953089
2013-06-30 12:30:00,149.542,159.17554,9.633537109374998,9.633537109374998
2013-06-30 13:00:00,140.542,150.50473,9.962730224609373,9.962730224609373
2013-06-30 13:30:00,139.502,145.35674,5.854735229492178,5.854735229492178
2013-06-30 14:00:00,147.03,143.4166,-3.613404541015626,3.613404541015626
2013-06-30 14:30:00,141.814,151.96352,10.14951623535157,10.14951623535157
2013-06-30 15:00:00,154.996,147.62415,-7.371854492187509,7.371854492187509
2013-06-30 15:30:00,158.496,162.12402,3.6280234374999907,3.6280234374999907
2013-06-30 16:00:00,168.283,169.20293,0.9199266357422005,0.9199266357422005
2013-06-30 16:30:00,180.158,187.4458,7.287800781250013,7.287800781250013
2013-06-30 17:00:00,203.602,198.23111,-5.370890380859379,5.370890380859379
2013-06-30 17:30:00,225.902,221.34813,-4.553870727539049,4.553870727539049
2013-06-30 18:00:00,224.735,235.04341,10.308411254882799,10.308411254882799
2013-06-30 18:30:00,211.351,230.17722,18.826215576171876,18.826215576171876
2013-06-30 19:00:00,194.972,202.71782,7.745819213867179,7.745819213867179
2013-06-30 19:30:00,195.357,193.69139,-1.6656090087890618,1.6656090087890618
2013-06-30 20:00:00,190.454,195.30736,4.85335778808593,4.85335778808593
2013-06-30 20:30:00,185.096,183.53033,-1.5656655273437536,1.5656655273437536
2013-06-30 21:00:00,165.139,175.30571,10.166709838867177,10.166709838867177
2013-06-30 21:30:00,170.895,167.3505,-3.5445056152343852,3.5445056152343852
2013-06-30 22:00:00,169.309,172.66434,3.3553371582031275,3.3553371582031275
2013-06-30 22:30:00,163.463,156.4878,-6.975207031249994,6.975207031249994
2013-06-30 23:00:00,169.782,159.17157,-10.61043017578126,10.61043017578126
