Timestamp,Actual_Solar_kWh,Predicted_Solar_kWh,Error,Absolute_Error
2013-05-08 07:00:00,0.601,0.6521323,0.051132272720336935,0.051132272720336935
2013-05-08 07:30:00,11.012,6.2857423,-4.726257717132569,4.726257717132569
2013-05-08 08:00:00,26.113,26.272186,0.15918627929687545,0.15918627929687545
2013-05-08 08:30:00,35.49,43.897854,8.407853851318357,8.407853851318357
2013-05-08 09:00:00,50.488,55.558186,5.070185577392579,5.070185577392579
2013-05-08 09:30:00,54.04,70.54184,16.501839599609376,16.501839599609376
2013-05-08 10:00:00,62.899,72.985985,10.086984802246093,10.086984802246093
2013-05-08 10:30:00,86.889,80.502815,-6.3861847534179645,6.3861847534179645
2013-05-08 11:00:00,94.528,100.373215,5.845214721679682,5.845214721679682
2013-05-08 11:30:00,106.262,109.876045,3.614045227050781,3.614045227050781
2013-05-08 12:00:00,107.656,111.285255,3.6292554321289003,3.6292554321289003
2013-05-08 12:30:00,110.865,109.90461,-0.9603903198242136,0.9603903198242136
2013-05-08 13:00:00,109.136,115.55948,6.423478759765629,6.423478759765629
2013-05-08 13:30:00,100.223,113.39609,13.173087646484376,13.173087646484376
2013-05-08 14:00:00,84.885,96.54593,11.66092895507812,11.66092895507812
2013-05-08 14:30:00,77.281,75.272575,-2.008424621582037,2.008424621582037
2013-05-08 15:00:00,62.355,58.63483,-3.7201695251464812,3.7201695251464812
2013-05-08 15:30:00,45.491,43.980064,-1.510935607910156,1.510935607910156
2013-05-08 16:00:00,28.458,30.402557,1.9445573730468766,1.9445573730468766
2013-05-08 16:30:00,10.903,13.08897,2.1859701843261714,2.1859701843261714
2013-05-08 17:00:00,2.355,2.5080984,0.1530983638763428,0.1530983638763428
2013-05-08 17:30:00,0.014,0.13268797,0.11868797099590302,0.11868797099590302
2013-05-08 18:00:00,0.018,-0.12546995,-0.14346995282173156,0.14346995282173156
2013-05-08 18:30:00,0.031,-0.1380159,-0.16901589608192444,0.16901589608192444
2013-05-08 19:00:00,0.038,0.011162604,-0.026837395794689654,0.026837395794689654
2013-05-08 19:30:00,0.019,0.014149665,-0.004850335098803043,0.004850335098803043
2013-05-08 20:00:00,0.036,0.019062461,-0.016937538668513295,0.016937538668513295
2013-05-08 20:30:00,0.031,0.018421179,-0.012578821316361427,0.012578821316361427
2013-05-08 21:00:00,0.048,0.10955978,0.06155978184938431,0.06155978184938431
2013-05-08 21:30:00,0.013,0.10933771,0.0963377098441124,0.0963377098441124
2013-05-08 22:00:00,0.03,0.06939574,0.03939574331045151,0.03939574331045151
2013-05-08 22:30:00,0.0,0.06939574,0.06939574331045151,0.06939574331045151
2013-05-08 23:00:00,0.012,0.077607594,0.06560759443044663,0.06560759443044663
2013-05-08 23:30:00,0.018,0.077607594,0.05960759443044662,0.05960759443044662
2013-05-09 00:00:00,0.0,0.077607594,0.07760759443044662,0.07760759443044662
2013-05-09 00:30:00,0.012,0.077607594,0.06560759443044663,0.06560759443044663
2013-05-09 01:00:00,0.019,0.077607594,0.05860759443044662,0.05860759443044662
2013-05-09 01:30:00,0.025,0.077607594,0.05260759443044662,0.05260759443044662
2013-05-09 02:00:00,0.026,0.049252994,0.023252994358539582,0.023252994358539582
2013-05-09 02:30:00,0.006,0.051510833,0.045510833203792574,0.045510833203792574
2013-05-09 03:00:00,0.006,0.062386297,0.05638629668951035,0.05638629668951035
2013-05-09 03:30:00,0.036,0.062386297,0.026386296689510348,0.026386296689510348
2013-05-09 04:00:00,0.03,0.055151492,0.02515149235725403,0.02515149235725403
2013-05-09 04:30:00,0.006,0.055151492,0.04915149235725403,0.04915149235725403
2013-05-09 05:00:00,0.024,0.055151492,0.031151492357254028,0.031151492357254028
2013-05-09 05:30:00,0.018,0.055151492,0.037151492357254026,0.037151492357254026
2013-05-09 06:00:00,0.024,0.055625085,0.03162508478760719,0.03162508478760719
2013-05-09 06:30:00,0.007,0.28166986,0.27466985511779785,0.27466985511779785
2013-05-09 07:00:00,0.877,0.8908299,0.013829920768737791,0.013829920768737791
2013-05-09 07:30:00,10.577,8.631461,-1.9455388565063476,1.9455388565063476
2013-05-09 08:00:00,27.209,25.128363,-2.080637344360351,2.080637344360351
2013-05-09 08:30:00,50.138,46.899376,-3.2386240844726544,3.2386240844726544
2013-05-09 09:00:00,73.244,74.27275,1.0287508544921877,1.0287508544921877
2013-05-09 09:30:00,95.309,96.85668,1.5476818237304713,1.5476818237304713
2013-05-09 10:00:00,113.061,118.20216,5.1411636962890555,5.1411636962890555
2013-05-09 10:30:00,125.664,130.62405,4.9600539550781235,4.9600539550781235
2013-05-09 11:00:00,135.09,138.13719,3.047191772460934,3.047191772460934
2013-05-09 11:30:00,141.226,143.48592,2.2599161376953134,2.2599161376953134
2013-05-09 12:00:00,144.046,148.67665,4.63065100097657,4.63065100097657
2013-05-09 12:30:00,144.965,148.5242,3.5592004394531216,3.5592004394531216
2013-05-09 13:00:00,141.432,147.35414,5.9221412353515746,5.9221412353515746
2013-05-09 13:30:00,131.618,137.77547,6.1574669189453175,6.1574669189453175
2013-05-09 14:00:00,122.696,118.371925,-4.324074645996092,4.324074645996092
2013-05-09 14:30:00,107.733,107.205635,-0.5273649291992228,0.5273649291992228
2013-05-09 15:00:00,87.355,90.634895,3.2798953247070273,3.2798953247070273
2013-05-09 15:30:00,61.611,64.05167,2.440666259765628,2.440666259765628
2013-05-09 16:00:00,36.481,38.200314,1.7193135681152327,1.7193135681152327
2013-05-09 16:30:00,14.838,16.457119,1.6191189880371102,1.6191189880371102
2013-05-09 17:00:00,2.449,3.1198952,0.6708952198028566,0.6708952198028566
2013-05-09 17:30:00,0.018,0.084016785,0.06601678502559662,0.06601678502559662
2013-05-09 18:00:00,0.036,0.13818419,0.10218418979644775,0.10218418979644775
2013-05-09 18:30:00,0.018,0.120627604,0.10262760442495346,0.10262760442495346
2013-05-09 19:00:00,0.019,-0.009374949,-0.028374949149787426,0.028374949149787426
2013-05-09 19:30:00,0.006,-0.0063878954,-0.012387895438820124,0.012387895438820124
2013-05-09 20:00:00,0.012,0.017280323,0.005280323430895805,0.005280323430895805
2013-05-09 20:30:00,0.001,0.01663904,0.015639040783047675,0.015639040783047675
2013-05-09 21:00:00,0.006,0.0501246,0.04412460052967072,0.04412460052967072
2013-05-09 21:30:00,0.018,0.0501246,0.03212460052967071,0.03212460052967071
2013-05-09 22:00:00,0.031,0.042494487,0.011494487017393112,0.011494487017393112
2013-05-09 22:30:00,0.042,0.042494487,0.0004944870173931096,0.0004944870173931096
2013-05-09 23:00:00,0.014,0.05070634,0.03670633813738823,0.03670633813738823
2013-05-09 23:30:00,0.037,0.05070634,0.013706338137388231,0.013706338137388231
2013-05-10 00:00:00,0.012,0.022351835,0.010351834923028946,0.010351834923028946
2013-05-10 00:30:00,0.012,0.022351835,0.010351834923028946,0.010351834923028946
2013-05-10 01:00:00,0.024,0.022351835,-0.0016481650769710546,0.0016481650769710546
2013-05-10 01:30:00,0.012,0.022351835,0.010351834923028946,0.010351834923028946
2013-05-10 02:00:00,0.012,0.024166126,0.012166125804185867,0.012166125804185867
2013-05-10 02:30:00,0.019,0.026423967,0.007423966512084008,0.007423966512084008
2013-05-10 03:00:00,0.013,0.06578776,0.05278776240348816,0.05278776240348816
2013-05-10 03:30:00,0.012,0.06578776,0.05378776240348816,0.05378776240348816
2013-05-10 04:00:00,0.024,0.08097442,0.05697442239522934,0.05697442239522934
2013-05-10 04:30:00,0.019,0.08097442,0.06197442239522934,0.06197442239522934
2013-05-10 05:00:00,0.048,0.08097442,0.03297442239522934,0.03297442239522934
2013-05-10 05:30:00,0.018,0.08097442,0.06297442239522934,0.06297442239522934
2013-05-10 06:00:00,0.012,0.08097442,0.06897442239522934,0.06897442239522934
2013-05-10 06:30:00,0.012,0.18854126,0.17654126334190368,0.17654126334190368
2013-05-10 07:00:00,0.752,0.94554,0.19354001092910766,0.19354001092910766
2013-05-10 07:30:00,10.196,8.687102,-1.5088976821899411,1.5088976821899411
2013-05-10 08:00:00,26.594,24.966192,-1.6278077545166028,1.6278077545166028
2013-05-10 08:30:00,43.366,45.877117,2.511117156982422,2.511117156982422
2013-05-10 09:00:00,54.214,67.78409,13.570088134765626,13.570088134765626
2013-05-10 09:30:00,73.3,76.265526,2.9655258178710966,2.9655258178710966
2013-05-10 10:00:00,101.891,97.2416,-4.649399963378912,4.649399963378912
2013-05-10 10:30:00,124.477,120.003235,-4.473765136718754,4.473765136718754
2013-05-10 11:00:00,134.913,137.1235,2.210504638671864,2.210504638671864
2013-05-10 11:30:00,140.281,144.5188,4.237798828124994,4.237798828124994
2013-05-10 12:00:00,140.691,147.00932,6.318323120117185,6.318323120117185
2013-05-10 12:30:00,141.315,144.50848,3.1934838867187523,3.1934838867187523
2013-05-10 13:00:00,139.037,142.84099,3.8039881591796814,3.8039881591796814
2013-05-10 13:30:00,131.379,137.53357,6.154569335937509,6.154569335937509
2013-05-10 14:00:00,119.495,119.66382,0.16881835937499545,0.16881835937499545
2013-05-10 14:30:00,103.485,105.17006,1.685059204101563,1.685059204101563
2013-05-10 15:00:00,83.642,84.03144,0.38944073486328534,0.38944073486328534
2013-05-10 15:30:00,58.87,58.938328,0.06832778930664318,0.06832778930664318
2013-05-10 16:00:00,34.777,36.475918,1.6989178161621084,1.6989178161621084
2013-05-10 16:30:00,13.501,15.658235,2.157234596252442,2.157234596252442
2013-05-10 17:00:00,2.162,3.1018825,0.9398824577331544,0.9398824577331544
2013-05-10 17:30:00,0.012,-0.006363249,-0.0183632489182055,0.0183632489182055
2013-05-10 18:00:00,0.036,-0.006521396,-0.04252139587327838,0.04252139587327838
2013-05-10 18:30:00,0.006,-0.0063417754,-0.01234177541360259,0.01234177541360259
2013-05-10 19:00:00,0.026,-0.065080404,-0.0910804042816162,0.0910804042816162
2013-05-10 19:30:00,0.025,-0.062093336,-0.087093336135149,0.087093336135149
2013-05-10 20:00:00,0.025,0.004314085,-0.020685914997011424,0.020685914997011424
2013-05-10 20:30:00,0.013,0.003672806,-0.009327193919569253,0.009327193919569253
2013-05-10 21:00:00,0.007,0.014273844,0.007273843728005886,0.007273843728005886
2013-05-10 21:30:00,0.013,0.014273844,0.0012738437280058867,0.0012738437280058867
2013-05-10 22:00:00,0.013,0.032995317,0.0199953171312809,0.0199953171312809
2013-05-10 22:30:00,0.048,0.032995317,-0.015004682868719102,0.015004682868719102
2013-05-10 23:00:00,0.012,0.050840195,0.038840195268392566,0.038840195268392566
2013-05-10 23:30:00,0.019,0.050840195,0.03184019526839256,0.03184019526839256
2013-05-11 00:00:00,0.018,0.050840195,0.03284019526839256,0.03284019526839256
2013-05-11 00:30:00,0.025,0.050840195,0.02584019526839256,0.02584019526839256
2013-05-11 01:00:00,0.019,0.047467664,0.028467663884162903,0.028467663884162903
2013-05-11 01:30:00,0.019,0.047467664,0.028467663884162903,0.028467663884162903
2013-05-11 02:00:00,0.006,-0.008173802,-0.014173801936209202,0.014173801936209202
2013-05-11 02:30:00,0.031,-0.0059159603,-0.03691596029698849,0.03691596029698849
2013-05-11 03:00:00,0.018,-0.019599607,-0.03759960721433163,0.03759960721433163
2013-05-11 03:30:00,0.006,-0.019599607,-0.025599607214331625,0.025599607214331625
2013-05-11 04:00:00,0.018,-0.008901584,-0.026901583962142466,0.026901583962142466
2013-05-11 04:30:00,0.012,-0.008901584,-0.020901583962142468,0.020901583962142468
2013-05-11 05:00:00,0.03,-0.008901584,-0.038901583962142466,0.038901583962142466
2013-05-11 05:30:00,0.012,-0.008901584,-0.020901583962142468,0.020901583962142468
2013-05-11 06:00:00,0.006,0.009235174,0.0032351743951439856,0.0032351743951439856
2013-05-11 06:30:00,0.015,0.051864617,0.036864616572856904,0.036864616572856904
2013-05-11 07:00:00,0.107,0.73823434,0.6312343411445618,0.6312343411445618
2013-05-11 07:30:00,3.795,5.6387925,1.8437925148010255,1.8437925148010255
2013-05-11 08:00:00,13.557,11.607411,-1.9495886154174809,1.9495886154174809
2013-05-11 08:30:00,30.433,25.835382,-4.597617538452148,4.597617538452148
2013-05-11 09:00:00,52.147,48.969414,-3.1775862426757797,3.1775862426757797
2013-05-11 09:30:00,64.251,73.89122,9.640220092773433,9.640220092773433
2013-05-11 10:00:00,68.683,77.332,8.649000732421868,8.649000732421868
2013-05-11 10:30:00,69.801,85.027565,15.226565002441404,15.226565002441404
2013-05-11 11:00:00,68.348,80.87899,12.530990173339845,12.530990173339845
2013-05-11 11:30:00,70.916,75.430046,4.514046081542972,4.514046081542972
2013-05-11 12:00:00,62.974,79.35996,16.38596246337891,16.38596246337891
2013-05-11 12:30:00,46.744,64.50531,17.76131005859375,17.76131005859375
2013-05-11 13:00:00,55.029,50.774418,-4.254582122802738,4.254582122802738
2013-05-11 13:30:00,67.303,55.54414,-11.75886013793945,11.75886013793945
2013-05-11 14:00:00,52.189,67.46818,15.279177795410156,15.279177795410156
2013-05-11 14:30:00,40.453,50.2096,9.756598541259763,9.756598541259763
2013-05-11 15:00:00,41.833,38.091496,-3.741504486083983,3.741504486083983
2013-05-11 15:30:00,29.827,37.93756,8.110561035156248,8.110561035156248
2013-05-11 16:00:00,15.557,23.05988,7.502879302978515,7.502879302978515
2013-05-11 16:30:00,5.746,10.797427,5.051427177429199,5.051427177429199
2013-05-11 17:00:00,0.519,2.082511,1.5635109481811522,1.5635109481811522
2013-05-11 17:30:00,0.018,0.18201923,0.1640192337036133,0.1640192337036133
2013-05-11 18:00:00,0.012,0.031261623,0.0192616229057312,0.0192616229057312
2013-05-11 18:30:00,0.025,0.008355642,-0.016644358262419702,0.016644358262419702
2013-05-11 19:00:00,0.048,-0.10699604,-0.1549960370659828,0.1549960370659828
2013-05-11 19:30:00,0.012,-0.104008965,-0.11600896519422531,0.11600896519422531
2013-05-11 20:00:00,0.018,0.038226627,0.020226626813411714,0.020226626813411714
2013-05-11 20:30:00,0.006,0.037585348,0.03158534789085388,0.03158534789085388
2013-05-11 21:00:00,0.025,0.06579869,0.040798692405223845,0.040798692405223845
2013-05-11 21:30:00,0.044,0.06579869,0.02179869240522385,0.02179869240522385
2013-05-11 22:00:00,0.036,0.17231546,0.13631546342372894,0.13631546342372894
2013-05-11 22:30:00,0.025,0.17720084,0.1522008389234543,0.1522008389234543
2013-05-11 23:00:00,0.026,0.07231886,0.046318859398365025,0.046318859398365025
2013-05-11 23:30:00,0.013,0.07231886,0.05931885939836502,0.05931885939836502
2013-05-12 00:00:00,0.032,0.060277663,0.02827766317129135,0.02827766317129135
2013-05-12 00:30:00,0.012,0.060277663,0.048277663171291355,0.048277663171291355
2013-05-12 01:00:00,0.025,0.067273535,0.04227353483438492,0.04227353483438492
2013-05-12 01:30:00,0.018,0.067273535,0.049273534834384916,0.049273534834384916
2013-05-12 02:00:00,0.012,0.055193745,0.04319374459981919,0.04319374459981919
2013-05-12 02:30:00,0.03,0.057451583,0.027451583445072175,0.027451583445072175
2013-05-12 03:00:00,0.0,0.065250225,0.0652502253651619,0.0652502253651619
2013-05-12 03:30:00,0.012,0.065250225,0.0532502253651619,0.0532502253651619
2013-05-12 04:00:00,0.006,0.108724125,0.10272412472963333,0.10272412472963333
2013-05-12 04:30:00,0.025,0.108724125,0.08372412472963334,0.08372412472963334
2013-05-12 05:00:00,0.006,0.108724125,0.10272412472963333,0.10272412472963333
2013-05-12 05:30:00,0.042,0.108724125,0.06672412472963332,0.06672412472963332
2013-05-12 06:00:00,0.024,0.108724125,0.08472412472963334,0.08472412472963334
2013-05-12 06:30:00,0.018,0.33476892,0.31676892113685606,0.31676892113685606
2013-05-12 07:00:00,0.434,0.6519084,0.21790839767456055,0.21790839767456055
2013-05-12 07:30:00,8.594,5.535159,-3.05884088897705,3.05884088897705
2013-05-12 08:00:00,23.286,22.539125,-0.7468745574951186,0.7468745574951186
2013-05-12 08:30:00,41.916,40.51738,-1.3986202392578093,1.3986202392578093
2013-05-12 09:00:00,60.953,66.256386,5.303385803222653,5.303385803222653
2013-05-12 09:30:00,79.493,85.4881,5.995098144531255,5.995098144531255
2013-05-12 10:00:00,97.625,101.11663,3.4916305541992188,3.4916305541992188
2013-05-12 10:30:00,115.434,120.85671,5.422712341308596,5.422712341308596
2013-05-12 11:00:00,129.886,133.37111,3.485109008789067,3.485109008789067
2013-05-12 11:30:00,138.53,141.58334,3.053343505859374,3.053343505859374
2013-05-12 12:00:00,138.267,145.63089,7.363889892578129,7.363889892578129
2013-05-12 12:30:00,134.994,141.67975,6.68574853515625,6.68574853515625
2013-05-12 13:00:00,128.636,134.24907,5.613069213867192,5.613069213867192
2013-05-12 13:30:00,126.211,124.478355,-1.7326445922851548,1.7326445922851548
2013-05-12 14:00:00,116.606,115.63899,-0.967007690429682,0.967007690429682
2013-05-12 14:30:00,98.103,104.405525,6.302525207519537,6.302525207519537
2013-05-12 15:00:00,81.794,80.32467,-1.4693311157226532,1.4693311157226532
2013-05-12 15:30:00,58.383,57.997547,-0.38545285034179955,0.38545285034179955
2013-05-12 16:00:00,33.64,36.149403,2.5094026184082026,2.5094026184082026
2013-05-12 16:30:00,13.078,15.577278,2.499278137207032,2.499278137207032
2013-05-12 17:00:00,1.625,2.19663,0.5716300010681152,0.5716300010681152
2013-05-12 17:30:00,0.006,-0.029985769,-0.03598576872050762,0.03598576872050762
2013-05-12 18:00:00,0.012,-0.06641297,-0.07841297042369842,0.07841297042369842
2013-05-12 18:30:00,0.036,-0.078691,-0.11469099825620652,0.11469099825620652
2013-05-12 19:00:00,0.024,-0.075781934,-0.09978193396329879,0.09978193396329879
2013-05-12 19:30:00,0.025,-0.07279488,-0.09779487699270248,0.09779487699270248
2013-05-12 20:00:00,0.019,-0.06354509,-0.08254509294033051,0.08254509294033051
2013-05-12 20:30:00,0.031,-0.06418639,-0.09518638676404953,0.09518638676404953
2013-05-12 21:00:00,0.019,-0.059907887,-0.07890788713097573,0.07890788713097573
2013-05-12 21:30:00,0.019,-0.059907887,-0.07890788713097573,0.07890788713097573
2013-05-12 22:00:00,0.012,-0.038404733,-0.050404732942581174,0.050404732942581174
2013-05-12 22:30:00,0.012,-0.038404733,-0.050404732942581174,0.050404732942581174
2013-05-12 23:00:00,0.008,-0.030108055,-0.03810805509984493,0.03810805509984493
2013-05-12 23:30:00,0.018,-0.030108055,-0.048108055099844935,0.048108055099844935
2013-05-13 00:00:00,0.015,0.008443336,-0.006556663997471332,0.006556663997471332
2013-05-13 00:30:00,0.018,0.008443336,-0.009556663997471331,0.009556663997471331
2013-05-13 01:00:00,0.03,0.011563166,-0.018436833955347537,0.018436833955347537
2013-05-13 01:30:00,0.018,0.011563166,-0.006436833955347537,0.006436833955347537
2013-05-13 02:00:00,0.013,0.022246249,0.00924624902009964,0.00924624902009964
2013-05-13 02:30:00,0.031,0.02450409,-0.00649591027200222,0.00649591027200222
2013-05-13 03:00:00,0.03,0.020714879,-0.009285120964050292,0.009285120964050292
2013-05-13 03:30:00,0.006,0.020714879,0.014714879035949707,0.014714879035949707
2013-05-13 04:00:00,0.0,0.03590149,0.03590149059891701,0.03590149059891701
2013-05-13 04:30:00,0.024,0.03590149,0.011901490598917007,0.011901490598917007
2013-05-13 05:00:00,0.0,0.06444582,0.06444582343101501,0.06444582343101501
2013-05-13 05:30:00,0.0,0.06444582,0.06444582343101501,0.06444582343101501
2013-05-13 06:00:00,0.024,0.06155621,0.03755620887875557,0.03755620887875557
2013-05-13 06:30:00,0.03,0.10226326,0.07226325690746307,0.07226325690746307
2013-05-13 07:00:00,0.124,0.43503225,0.3110322484970093,0.3110322484970093
2013-05-13 07:30:00,5.704,5.5603538,-0.143646244049072,0.143646244049072
2013-05-13 08:00:00,16.584,13.8917885,-2.692211517333984,2.692211517333984
2013-05-13 08:30:00,27.396,27.485,0.0890006103515617,0.0890006103515617
2013-05-13 09:00:00,29.855,34.769947,4.914947052001953,4.914947052001953
2013-05-13 09:30:00,41.121,39.97496,-1.1460396728515647,1.1460396728515647
2013-05-13 10:00:00,50.008,55.28252,5.2745202941894505,5.2745202941894505
2013-05-13 10:30:00,71.969,59.038357,-12.930643218994135,12.930643218994135
2013-05-13 11:00:00,110.456,90.66889,-19.787108093261722,19.787108093261722
2013-05-13 11:30:00,92.358,126.139946,33.781945983886715,33.781945983886715
2013-05-13 12:00:00,102.705,95.41905,-7.285947875976561,7.285947875976561
2013-05-13 12:30:00,90.864,100.64114,9.77714379882812,9.77714379882812
2013-05-13 13:00:00,68.253,84.62289,16.369886657714844,16.369886657714844
2013-05-13 13:30:00,44.044,68.727005,24.683005004882816,24.683005004882816
2013-05-13 14:00:00,32.173,42.498863,10.325863220214842,10.325863220214842
2013-05-13 14:30:00,28.08,30.10492,2.0249194335937517,2.0249194335937517
2013-05-13 15:00:00,32.343,26.220108,-6.122891967773441,6.122891967773441
2013-05-13 15:30:00,25.34,29.527863,4.187862548828125,4.187862548828125
2013-05-13 16:00:00,14.755,20.576408,5.821408386230468,5.821408386230468
2013-05-13 16:30:00,5.272,10.394512,5.122512176513672,5.122512176513672
2013-05-13 17:00:00,0.643,2.3693967,1.726396686553955,1.726396686553955
2013-05-13 17:30:00,0.018,-0.078920566,-0.09692056554555893,0.09692056554555893
2013-05-13 18:00:00,0.012,-0.16691922,-0.17891921651363374,0.17891921651363374
2013-05-13 18:30:00,0.031,-0.18453565,-0.2155356523990631,0.2155356523990631
2013-05-13 19:00:00,0.018,-0.1804699,-0.19846990036964415,0.19846990036964415
2013-05-13 19:30:00,0.03,-0.17748284,-0.20748284339904785,0.20748284339904785
2013-05-13 20:00:00,0.018,-0.18552727,-0.20352726507186888,0.20352726507186888
2013-05-13 20:30:00,0.048,-0.18616855,-0.2341685514450073,0.2341685514450073
2013-05-13 21:00:00,0.012,-0.18077603,-0.19277602982521058,0.19277602982521058
2013-05-13 21:30:00,0.012,-0.18077603,-0.19277602982521058,0.19277602982521058
2013-05-13 22:00:00,0.007,-0.1886083,-0.1956083036661148,0.1956083036661148
2013-05-13 22:30:00,0.014,-0.1886083,-0.20260830366611482,0.20260830366611482
2013-05-13 23:00:00,0.031,0.011645461,-0.019354538567364216,0.019354538567364216
2013-05-13 23:30:00,0.03,0.011645461,-0.018354538567364215,0.018354538567364215
2013-05-14 00:00:00,0.019,0.003195341,-0.015804659022018313,0.015804659022018313
2013-05-14 00:30:00,0.012,0.003195341,-0.008804659022018314,0.008804659022018314
2013-05-14 01:00:00,0.024,-0.07536044,-0.09936043971776962,0.09936043971776962
2013-05-14 01:30:00,0.044,-0.07536044,-0.11936043971776962,0.11936043971776962
2013-05-14 02:00:00,0.013,-0.07536044,-0.08836043971776962,0.08836043971776962
2013-05-14 02:30:00,0.013,-0.07709562,-0.0900956203341484,0.0900956203341484
2013-05-14 03:00:00,0.001,-0.070369944,-0.07136994397640228,0.07136994397640228
2013-05-14 03:30:00,0.007,-0.070369944,-0.07736994397640229,0.07736994397640229
2013-05-14 04:00:00,0.0,-0.055183277,-0.055183276534080505,0.055183276534080505
2013-05-14 04:30:00,0.006,-0.055183277,-0.061183276534080504,0.061183276534080504
2013-05-14 05:00:00,0.012,-0.061908964,-0.07390896406769752,0.07390896406769752
2013-05-14 05:30:00,0.019,-0.061908964,-0.08090896406769753,0.08090896406769753
2013-05-14 06:00:00,0.006,-0.061908964,-0.06790896406769753,0.06790896406769753
2013-05-14 06:30:00,0.018,-0.09265069,-0.11065068918466568,0.11065068918466568
2013-05-14 07:00:00,0.027,0.053337336,0.026337335586547852,0.026337335586547852
2013-05-14 07:30:00,0.533,2.4186144,1.8856143875122071,1.8856143875122071
2013-05-14 08:00:00,3.529,3.3198903,-0.20910973930358878,0.20910973930358878
2013-05-14 08:30:00,7.251,7.7109723,0.4599723091125485,0.4599723091125485
2013-05-14 09:00:00,7.582,10.524836,2.9428355865478517,2.9428355865478517
2013-05-14 09:30:00,14.426,10.284404,-4.141596199035645,4.141596199035645
2013-05-14 10:00:00,33.341,20.606062,-12.734938064575196,12.734938064575196
2013-05-14 10:30:00,58.177,43.161045,-15.015954925537109,15.015954925537109
2013-05-14 11:00:00,75.747,82.45649,6.709489562988281,6.709489562988281
2013-05-14 11:30:00,90.794,91.23636,0.44235864257812807,0.44235864257812807
2013-05-14 12:00:00,95.938,108.444275,12.506274902343748,12.506274902343748
2013-05-14 12:30:00,114.881,112.70472,-2.176280456542969,2.176280456542969
2013-05-14 13:00:00,120.875,126.481674,5.6066741943359375,5.6066741943359375
2013-05-14 13:30:00,121.872,125.66706,3.7950608520507814,3.7950608520507814
2013-05-14 14:00:00,110.821,118.04593,7.224928955078127,7.224928955078127
2013-05-14 14:30:00,92.742,104.56533,11.82333050537109,11.82333050537109
2013-05-14 15:00:00,73.465,76.72632,3.2613183593749966,3.2613183593749966
2013-05-14 15:30:00,53.868,51.161335,-2.706665008544924,2.706665008544924
2013-05-14 16:00:00,28.596,34.14874,5.552738861083984,5.552738861083984
2013-05-14 16:30:00,10.171,13.351493,3.180492881774903,3.180492881774903
2013-05-14 17:00:00,1.494,1.7254782,0.2314781723022461,0.2314781723022461
2013-05-14 17:30:00,0.048,0.29064906,0.24264905643463136,0.24264905643463136
2013-05-14 18:00:00,0.026,0.17101988,0.14501988196372986,0.14501988196372986
2013-05-14 18:30:00,0.027,0.14100577,0.11400576937198639,0.11400576937198639
2013-05-14 19:00:00,0.03,0.052743424,0.022743423730134965,0.022743423730134965
2013-05-14 19:30:00,0.012,0.05550844,0.04350843849778176,0.04350843849778176
2013-05-14 20:00:00,0.013,0.05648927,0.04348927018046379,0.04348927018046379
2013-05-14 20:30:00,0.013,0.055847984,0.042847983807325365,0.042847983807325365
2013-05-14 21:00:00,0.012,0.095809944,0.0838099439740181,0.0838099439740181
2013-05-14 21:30:00,0.03,0.095809944,0.0658099439740181,0.0658099439740181
2013-05-14 22:00:00,0.013,0.07910224,0.06610224050283432,0.06610224050283432
2013-05-14 22:30:00,0.03,0.07910224,0.04910224050283432,0.04910224050283432
2013-05-14 23:00:00,0.007,0.00810116,0.001101159706711769,0.001101159706711769
2013-05-14 23:30:00,0.014,0.00810116,-0.005898840293288231,0.005898840293288231
2013-05-15 00:00:00,0.006,-0.0039216504,-0.009921650350093842,0.009921650350093842
2013-05-15 00:30:00,0.013,-0.0039216504,-0.01692165035009384,0.01692165035009384
2013-05-15 01:00:00,0.001,-0.0039216504,-0.004921650350093842,0.004921650350093842
2013-05-15 01:30:00,0.007,-0.0039216504,-0.01092165035009384,0.01092165035009384
2013-05-15 02:00:00,0.042,-0.0017576285,-0.04375762851722539,0.04375762851722539
2013-05-15 02:30:00,0.024,0.00050021254,-0.02349978746008128,0.02349978746008128
2013-05-15 03:00:00,0.006,0.034984477,0.028984476864337923,0.028984476864337923
2013-05-15 03:30:00,0.018,0.034984477,0.016984476864337923,0.016984476864337923
2013-05-15 04:00:00,0.012,0.050037242,0.03803724247217179,0.03803724247217179
2013-05-15 04:30:00,0.042,0.050037242,0.00803724247217178,0.00803724247217178
2013-05-15 05:00:00,0.012,0.050037242,0.03803724247217179,0.03803724247217179
2013-05-15 05:30:00,0.025,0.050037242,0.025037242472171782,0.025037242472171782
2013-05-15 06:00:00,0.036,0.050037242,0.014037242472171786,0.014037242472171786
2013-05-15 06:30:00,0.006,0.08583952,0.07983951741456985,0.07983951741456985
2013-05-15 07:00:00,0.484,0.5042033,0.02020331954956056,0.02020331954956056
2013-05-15 07:30:00,8.475999999999999,5.268432,-3.2075678596496573,3.2075678596496573
2013-05-15 08:00:00,24.539,21.735003,-2.803997482299806,2.803997482299806
2013-05-15 08:30:00,46.822,43.800175,-3.021825286865237,3.021825286865237
2013-05-15 09:00:00,70.665,69.70819,-0.9568090820312563,0.9568090820312563
2013-05-15 09:30:00,92.982,93.74119,0.7591880493164069,0.7591880493164069
2013-05-15 10:00:00,111.937,113.3362,1.3991968994140649,1.3991968994140649
2013-05-15 10:30:00,126.124,132.40755,6.283546997070317,6.283546997070317
2013-05-15 11:00:00,137.055,139.58832,2.533317871093743,2.533317871093743
2013-05-15 11:30:00,144.819,147.1169,2.297897583007824,2.297897583007824
2013-05-15 12:00:00,147.61,150.54353,2.933533325195299,2.933533325195299
2013-05-15 12:30:00,147.883,149.90024,2.0172380371093652,2.0172380371093652
2013-05-15 13:00:00,144.172,147.4093,3.237301757812503,3.237301757812503
2013-05-15 13:30:00,133.767,138.2095,4.442503173828129,4.442503173828129
2013-05-15 14:00:00,122.594,113.59231,-9.0016919555664,9.0016919555664
2013-05-15 14:30:00,101.009,101.35114,0.3421428833007809,0.3421428833007809
2013-05-15 15:00:00,77.318,76.871574,-0.4464255981445291,0.4464255981445291
2013-05-15 15:30:00,50.057,52.76047,2.7034713439941385,2.7034713439941385
2013-05-15 16:00:00,26.833,28.758371,1.9253713531494157,1.9253713531494157
2013-05-15 16:30:00,9.688,10.154691,0.46669074249267517,0.46669074249267517
2013-05-15 17:00:00,0.6900000000000001,1.5908573,0.9008572673797607,0.9008572673797607
2013-05-15 17:30:00,0.018,0.243454,0.2254539943933487,0.2254539943933487
2013-05-15 18:00:00,0.032,0.13667202,0.1046720199584961,0.1046720199584961
2013-05-15 18:30:00,0.018,0.13034385,0.11234385442733764,0.11234385442733764
2013-05-15 19:00:00,0.018,0.061320864,0.043320863664150236,0.043320863664150236
2013-05-15 19:30:00,0.042,0.058989376,0.016989375829696653,0.016989375829696653
2013-05-15 20:00:00,0.019,-0.01569518,-0.03469518074393273,0.03469518074393273
2013-05-15 20:30:00,0.018,-0.016336465,-0.034336465254426005,0.034336465254426005
2013-05-15 21:00:00,0.037,0.042458624,0.005458623647689821,0.005458623647689821
2013-05-15 21:30:00,0.018,0.042458624,0.02445862364768982,0.02445862364768982
2013-05-15 22:00:00,0.014,-0.037247166,-0.05124716603755951,0.05124716603755951
2013-05-15 22:30:00,0.026,-0.037247166,-0.0632471660375595,0.0632471660375595
2013-05-15 23:00:00,0.018,-0.012123612,-0.030123611755669116,0.030123611755669116
2013-05-15 23:30:00,0.0,-0.012123612,-0.012123611755669117,0.012123611755669117
2013-05-16 00:00:00,0.013,-0.02483542,-0.03783542077243328,0.03783542077243328
2013-05-16 00:30:00,0.013,-0.02483542,-0.03783542077243328,0.03783542077243328
2013-05-16 01:00:00,0.024,0.07962186,0.05562185889482498,0.05562185889482498
2013-05-16 01:30:00,0.006,0.07962186,0.07362185889482498,0.07362185889482498
2013-05-16 02:00:00,0.006,0.042027775,0.03602777519822121,0.03602777519822121
2013-05-16 02:30:00,0.024,0.044285614,0.020285614043474197,0.020285614043474197
2013-05-16 03:00:00,0.006,0.035235837,0.029235837101936342,0.029235837101936342
2013-05-16 03:30:00,0.03,0.035235837,0.0052358371019363414,0.0052358371019363414
2013-05-16 04:00:00,0.018,0.044823922,0.026823922216892244,0.026823922216892244
2013-05-16 04:30:00,0.024,0.044823922,0.020823922216892242,0.020823922216892242
2013-05-16 05:00:00,0.006,0.059905834,0.05390583449602127,0.05390583449602127
2013-05-16 05:30:00,0.036,0.059905834,0.023905834496021273,0.023905834496021273
2013-05-16 06:00:00,0.012,0.046707865,0.03470786485075951,0.03470786485075951
2013-05-16 06:30:00,0.006,0.094343565,0.08834356540441513,0.08834356540441513
2013-05-16 07:00:00,0.239,0.7015583,0.46255829191207887,0.46255829191207887
2013-05-16 07:30:00,4.942,5.1923666,0.2503666000366209,0.2503666000366209
2013-05-16 08:00:00,21.323,17.986559,-3.33644108581543,3.33644108581543
2013-05-16 08:30:00,43.228,40.100502,-3.1274979858398453,3.1274979858398453
2013-05-16 09:00:00,67.364,68.2848,0.9207976684570269,0.9207976684570269
2013-05-16 09:30:00,90.416,92.7855,2.3694995727539094,2.3694995727539094
2013-05-16 10:00:00,109.359,111.30756,1.9485637817382866,1.9485637817382866
2013-05-16 10:30:00,121.106,126.90047,5.794466918945318,5.794466918945318
2013-05-16 11:00:00,133.265,136.33769,3.072692260742201,3.072692260742201
2013-05-16 11:30:00,121.082,143.8798,22.797806518554694,22.797806518554694
2013-05-16 12:00:00,108.196,117.60009,9.40409002685547,9.40409002685547
2013-05-16 12:30:00,106.881,109.062355,2.181355041503906,2.181355041503906
2013-05-16 13:00:00,98.157,103.991325,5.834325378417972,5.834325378417972
2013-05-16 13:30:00,95.269,101.44122,6.1722231445312445,6.1722231445312445
2013-05-16 14:00:00,78.821,94.56742,15.746420959472658,15.746420959472658
2013-05-16 14:30:00,53.405,65.464386,12.059385986328124,12.059385986328124
2013-05-16 15:00:00,49.29,45.21245,-4.077551879882812,4.077551879882812
2013-05-16 15:30:00,42.13,39.449482,-2.6805180358886744,2.6805180358886744
2013-05-16 16:00:00,23.652,27.597506,3.945505569458007,3.945505569458007
2013-05-16 16:30:00,10.321,11.33953,1.0185299911499026,1.0185299911499026
2013-05-16 17:00:00,1.633,2.4799395,0.8469394607543945,0.8469394607543945
2013-05-16 17:30:00,0.018,0.57820004,0.5602000422477722,0.5602000422477722
2013-05-16 18:00:00,0.036,0.35918164,0.32318164253234866,0.32318164253234866
2013-05-16 18:30:00,0.0,0.32495707,0.32495707273483276,0.32495707273483276
2013-05-16 19:00:00,0.0,0.32409468,0.3240946829319,0.3240946829319
2013-05-16 19:30:00,0.019,0.32176322,0.3027632174491882,0.3027632174491882
2013-05-16 20:00:00,0.012,0.08030734,0.06830734211206436,0.06830734211206436
2013-05-16 20:30:00,0.019,0.07980909,0.060809091985225674,0.060809091985225674
2013-05-16 21:00:00,0.018,0.124973685,0.10697368454933166,0.10697368454933166
2013-05-16 21:30:00,0.012,0.124973685,0.11297368454933167,0.11297368454933167
2013-05-16 22:00:00,0.031,0.07303102,0.042031023144721985,0.042031023144721985
2013-05-16 22:30:00,0.03,0.071228415,0.04122841477394104,0.04122841477394104
2013-05-16 23:00:00,0.007,0.0313436,0.024343601644039155,0.024343601644039155
2013-05-16 23:30:00,0.037,0.029540991,-0.007459008589386938,0.007459008589386938
2013-05-17 00:00:00,0.012,0.032982163,0.02098216313123703,0.02098216313123703
2013-05-17 00:30:00,0.018,0.034383073,0.016383073449134828,0.016383073449134828
2013-05-17 01:00:00,0.001,0.15161403,0.15061402523517609,0.15061402523517609
2013-05-17 01:30:00,0.024,0.15161403,0.1276140252351761,0.1276140252351761
2013-05-17 02:00:00,0.024,0.11913472,0.09513471668958665,0.09513471668958665
2013-05-17 02:30:00,0.031,0.12139256,0.09039256298542023,0.09039256298542023
2013-05-17 03:00:00,0.043,0.14232585,0.09932584834098816,0.09932584834098816
2013-05-17 03:30:00,0.007,0.14232585,0.13532584834098815,0.13532584834098815
2013-05-17 04:00:00,0.012,0.06816396,0.056163961172103885,0.056163961172103885
2013-05-17 04:30:00,0.012,0.06636134,0.054361337900161746,0.054361337900161746
2013-05-17 05:00:00,0.018,0.058106065,0.04010606479644775,0.04010606479644775
2013-05-17 05:30:00,0.006,0.056303456,0.05030345642566681,0.05030345642566681
2013-05-17 06:00:00,0.024,0.036705732,0.012705732345581054,0.012705732345581054
2013-05-17 06:30:00,0.013,0.070705414,0.05770541381835938,0.05770541381835938
2013-05-17 07:00:00,0.306,0.60966337,0.30366336727142335,0.30366336727142335
2013-05-17 07:30:00,7.536,5.1564283,-2.3795716629028316,2.3795716629028316
2013-05-17 08:00:00,23.245,24.400742,1.1557415771484365,1.1557415771484365
2013-05-17 08:30:00,45.224,42.535984,-2.688015960693356,2.688015960693356
2013-05-17 09:00:00,69.607,71.01605,1.4090522460937507,1.4090522460937507
2013-05-17 09:30:00,92.207,95.03662,2.8296210937500064,2.8296210937500064
2013-05-17 10:00:00,111.616,113.54771,1.9317066040039066,1.9317066040039066
2013-05-17 10:30:00,126.133,130.73967,4.606669799804692,4.606669799804692
2013-05-17 11:00:00,136.978,137.78993,0.8119322509765539,0.8119322509765539
2013-05-17 11:30:00,144.741,145.32312,0.5821201171874861,0.5821201171874861
2013-05-17 12:00:00,147.801,153.65747,5.856470703125012,5.856470703125012
2013-05-17 12:30:00,147.09,151.00667,3.916668090820309,3.916668090820309
2013-05-17 13:00:00,143.099,147.51727,4.4182729492187605,4.4182729492187605
2013-05-17 13:30:00,133.929,138.83823,4.909226318359373,4.909226318359373
2013-05-17 14:00:00,122.372,116.45802,-5.913976928710937,5.913976928710937
2013-05-17 14:30:00,104.679,102.90818,-1.7708197631835958,1.7708197631835958
2013-05-17 15:00:00,82.596,82.599724,0.003723815917965112,0.003723815917965112
2013-05-17 15:30:00,56.496,55.417484,-1.0785157165527366,1.0785157165527366
2013-05-17 16:00:00,32.577,32.011215,-0.5657847900390607,0.5657847900390607
2013-05-17 16:30:00,11.92,14.161778,2.241778450012207,2.241778450012207
2013-05-17 17:00:00,1.331,2.1063218,0.7753218116760254,0.7753218116760254
2013-05-17 17:30:00,0.006,0.14863059,0.14263058924674987,0.14263058924674987
2013-05-17 18:00:00,0.03,0.01935528,-0.010644719675183295,0.010644719675183295
2013-05-17 18:30:00,0.018,-0.016671853,-0.03467185313999653,0.03467185313999653
2013-05-17 19:00:00,0.007,-0.012438622,-0.019438622303307056,0.019438622303307056
2013-05-17 19:30:00,0.019,-0.016572684,-0.035572684049606326,0.035572684049606326
2013-05-17 20:00:00,0.018,0.022211244,0.004211244329810144,0.004211244329810144
2013-05-17 20:30:00,0.012,0.019767353,0.007767353311181068,0.007767353311181068
2013-05-17 21:00:00,0.024,0.076500155,0.05250015503168106,0.05250015503168106
2013-05-17 21:30:00,0.024,0.07469755,0.050697546660900115,0.050697546660900115
2013-05-17 22:00:00,0.007,0.058669616,0.05166961553692818,0.05166961553692818
2013-05-17 22:30:00,0.033,0.05686701,0.02386701089143753,0.02386701089143753
2013-05-17 23:00:00,0.024,0.06504676,0.0410467574596405,0.0410467574596405
2013-05-17 23:30:00,0.012,0.06504676,0.053046757459640506,0.053046757459640506
2013-05-18 00:00:00,0.007,0.07037486,0.06337486135959625,0.06337486135959625
2013-05-18 00:30:00,0.012,0.07357839,0.061578387498855594,0.061578387498855594
2013-05-18 01:00:00,0.03,0.089600265,0.05960026502609253,0.05960026502609253
2013-05-18 01:30:00,0.03,0.089600265,0.05960026502609253,0.05960026502609253
2013-05-18 02:00:00,0.018,0.038903624,0.020903623819351198,0.020903623819351198
2013-05-18 02:30:00,0.012,0.041161463,0.029161462664604187,0.029161462664604187
2013-05-18 03:00:00,0.0,0.052036833,0.0520368330180645,0.0520368330180645
2013-05-18 03:30:00,0.036,0.052036833,0.0160368330180645,0.0160368330180645
2013-05-18 04:00:00,0.024,0.06722356,0.04322355633974075,0.04322355633974075
2013-05-18 04:30:00,0.012,0.06722356,0.055223556339740756,0.055223556339740756
2013-05-18 05:00:00,0.03,0.05800058,0.028000579476356507,0.028000579476356507
2013-05-18 05:30:00,0.019,0.05800058,0.0390005794763565,0.0390005794763565
2013-05-18 06:00:00,0.03,0.056772564,0.026772563606500627,0.026772563606500627
2013-05-18 06:30:00,0.013,0.18839845,0.17539845061302184,0.17539845061302184
2013-05-18 07:00:00,0.334,0.6421372,0.3081372294425964,0.3081372294425964
2013-05-18 07:30:00,7.297,5.3578367,-1.939163276672363,1.939163276672363
2013-05-18 08:00:00,23.179,23.694548,0.5155476531982437,0.5155476531982437
2013-05-18 08:30:00,44.716,42.57023,-2.145771423339845,2.145771423339845
2013-05-18 09:00:00,68.394,69.85055,1.4565477905273383,1.4565477905273383
2013-05-18 09:30:00,91.047,93.63178,2.584782531738284,2.584782531738284
2013-05-18 10:00:00,110.581,112.81577,2.234773010253903,2.234773010253903
2013-05-18 10:30:00,125.296,129.12741,3.8314108886718685,3.8314108886718685
2013-05-18 11:00:00,135.785,137.51192,1.726917114257816,1.726917114257816
2013-05-18 11:30:00,142.597,142.68347,0.08647167968749159,0.08647167968749159
2013-05-18 12:00:00,145.485,149.28433,3.7993322753906114,3.7993322753906114
2013-05-18 12:30:00,145.744,147.47514,1.7311434326171877,1.7311434326171877
2013-05-18 13:00:00,140.986,146.36969,5.38368994140626,5.38368994140626
2013-05-18 13:30:00,132.019,135.99709,3.978085571289057,3.978085571289057
2013-05-18 14:00:00,117.747,117.399635,-0.34736468505859364,0.34736468505859364
2013-05-18 14:30:00,99.53,99.4676,-0.06240203857421989,0.06240203857421989
2013-05-18 15:00:00,78.812,76.952545,-1.8594548339843726,1.8594548339843726
2013-05-18 15:30:00,54.217,54.25581,0.038809783935548126,0.038809783935548126
2013-05-18 16:00:00,30.304,31.530838,1.226838012695314,1.226838012695314
2013-05-18 16:30:00,11.434,12.287362,0.8533620986938484,0.8533620986938484
2013-05-18 17:00:00,1.267,1.6110469,0.3440469102859498,0.3440469102859498
2013-05-18 17:30:00,0.025,0.20089333,0.1758933275938034,0.1758933275938034
2013-05-18 18:00:00,0.019,0.028390521,0.009390521183609963,0.009390521183609963
2013-05-18 18:30:00,0.018,0.0093829455,-0.008617054514586924,0.008617054514586924
2013-05-18 19:00:00,0.019,0.05869813,0.0396981289088726,0.0396981289088726
2013-05-18 19:30:00,0.024,0.06168523,0.0376852305829525,0.0376852305829525
2013-05-18 20:00:00,0.031,0.021463081,-0.009536918759346008,0.009536918759346008
2013-05-18 20:30:00,0.024,0.020821795,-0.0031782051324844365,0.0031782051324844365
2013-05-18 21:00:00,0.018,0.05757543,0.03957543072104454,0.03957543072104454
2013-05-18 21:30:00,0.027,0.05757543,0.03057543072104454,0.03057543072104454
2013-05-18 22:00:00,0.012,0.06649785,0.054497847437858585,0.054497847437858585
2013-05-18 22:30:00,0.024,0.06649785,0.04249784743785858,0.04249784743785858
2013-05-18 23:00:00,0.03,0.051185243,0.021185242831707002,0.021185242831707002
2013-05-18 23:30:00,0.0,0.051185243,0.051185242831707,0.051185242831707
2013-05-19 00:00:00,0.014,0.04375619,0.029756190687417985,0.029756190687417985
2013-05-19 00:30:00,0.006,0.04695971,0.04095970937609673,0.04095970937609673
2013-05-19 01:00:00,0.007,0.033885952,0.026885952085256577,0.026885952085256577
2013-05-19 01:30:00,0.03,0.036406096,0.006406096071004869,0.006406096071004869
2013-05-19 02:00:00,0.015,0.03627222,0.021272220313549042,0.021272220313549042
2013-05-19 02:30:00,0.013,0.03853006,0.025530059158802035,0.025530059158802035
2013-05-19 03:00:00,0.012,0.047864445,0.035864444553852085,0.035864444553852085
2013-05-19 03:30:00,0.006,0.047864445,0.04186444455385208,0.04186444455385208
2013-05-19 04:00:00,0.031,0.06305107,0.03205106729269028,0.03205106729269028
2013-05-19 04:30:00,0.006,0.054690097,0.04869009652733803,0.04869009652733803
2013-05-19 05:00:00,0.048,0.054690097,0.006690096527338027,0.006690096527338027
2013-05-19 05:30:00,0.012,0.054690097,0.04269009652733803,0.04269009652733803
2013-05-19 06:00:00,0.013,0.054448936,0.0414489361345768,0.0414489361345768
2013-05-19 06:30:00,0.006,0.10208463,0.09608462923765182,0.09608462923765182
2013-05-19 07:00:00,0.296,0.63615155,0.3401515522003174,0.3401515522003174
2013-05-19 07:30:00,6.977,5.4644847,-1.5125153083801273,1.5125153083801273
2013-05-19 08:00:00,20.705,21.802277,1.0972766113281267,1.0972766113281267
2013-05-19 08:30:00,42.064,41.454475,-0.6095245971679688,0.6095245971679688
2013-05-19 09:00:00,66.323,67.599556,1.276555969238288,1.276555969238288
2013-05-19 09:30:00,89.827,91.09792,1.2709232788085956,1.2709232788085956
2013-05-19 10:00:00,109.743,110.950584,1.2075844116210988,1.2075844116210988
2013-05-19 10:30:00,124.523,128.6882,4.165201904296879,4.165201904296879
2013-05-19 11:00:00,135.501,137.35854,1.8575357666015577,1.8575357666015577
2013-05-19 11:30:00,142.815,145.83008,3.0150781250000023,3.0150781250000023
2013-05-19 12:00:00,145.18,150.72803,5.548027343749993,5.548027343749993
2013-05-19 12:30:00,145.102,147.42531,2.3233082275390586,2.3233082275390586
2013-05-19 13:00:00,141.613,146.62645,5.013449584960938,5.013449584960938
2013-05-19 13:30:00,132.952,137.35977,4.407771728515627,4.407771728515627
2013-05-19 14:00:00,121.179,117.06287,-4.116133789062502,4.116133789062502
2013-05-19 14:30:00,103.228,102.10072,-1.127276733398432,1.127276733398432
2013-05-19 15:00:00,81.617,81.68309,0.06609020996093307,0.06609020996093307
2013-05-19 15:30:00,55.748,55.201042,-0.5469578247070288,0.5469578247070288
2013-05-19 16:00:00,31.685,32.75623,1.071229400634767,1.071229400634767
2013-05-19 16:30:00,11.511,13.263004,1.7520043029785164,1.7520043029785164
2013-05-19 17:00:00,1.055,1.7983341,0.7433341217041016,0.7433341217041016
2013-05-19 17:30:00,0.012,0.10889398,0.096893983066082,0.096893983066082
2013-05-19 18:00:00,0.044,0.007748506,-0.03625149396806955,0.03625149396806955
2013-05-19 18:30:00,0.031,-0.011259041,-0.04225904079526663,0.04225904079526663
2013-05-19 19:00:00,0.024,0.15893646,0.13493645584583283,0.13493645584583283
2013-05-19 19:30:00,0.013,0.156605,0.14360500526428222,0.14360500526428222
2013-05-19 20:00:00,0.024,0.038155872,0.014155872374773025,0.014155872374773025
2013-05-19 20:30:00,0.018,0.037514586,0.0195145860016346,0.0195145860016346
2013-05-19 21:00:00,0.038,0.048128154,0.010128154128789903,0.010128154128789903
2013-05-19 21:30:00,0.0,0.048128154,0.0481281541287899,0.0481281541287899
2013-05-19 22:00:00,0.018,0.06844759,0.050447589874267576,0.050447589874267576
2013-05-19 22:30:00,0.051,0.06844759,0.01744758987426758,0.01744758987426758
2013-05-19 23:00:00,0.036,0.05177311,0.015773108541965487,0.015773108541965487
2013-05-19 23:30:00,0.025,0.05665847,0.03165846914052963,0.03165846914052963
2013-05-20 00:00:00,0.012,0.08215879,0.07015878903865815,0.07015878903865815
2013-05-20 00:30:00,0.006,0.08558437,0.07958437228202819,0.07958437228202819
2013-05-20 01:00:00,0.025,0.074943945,0.04994394481182098,0.04994394481182098
2013-05-20 01:30:00,0.012,0.07746409,0.06546408879756928,0.06546408879756928
2013-05-20 02:00:00,0.013,0.045939256,0.03293925550580025,0.03293925550580025
2013-05-20 02:30:00,0.012,0.048197094,0.03619709435105324,0.03619709435105324
2013-05-20 03:00:00,0.006,0.059753325,0.05375332483649254,0.05375332483649254
2013-05-20 03:30:00,0.006,0.059753325,0.05375332483649254,0.05375332483649254
2013-05-20 04:00:00,0.018,0.07674881,0.058748810708522795,0.058748810708522795
2013-05-20 04:30:00,0.012,0.06838785,0.056387851119041446,0.056387851119041446
2013-05-20 05:00:00,0.024,0.06838785,0.04438785111904144,0.04438785111904144
2013-05-20 05:30:00,0.012,0.06838785,0.056387851119041446,0.056387851119041446
2013-05-20 06:00:00,0.006,0.0439734,0.037973401188850404,0.037973401188850404
2013-05-20 06:30:00,0.03,0.091608934,0.0616089341044426,0.0616089341044426
2013-05-20 07:00:00,0.2029999999999999,0.6407919,0.4377918930053712,0.4377918930053712
2013-05-20 07:30:00,6.574,5.2346134,-1.3393865814208983,1.3393865814208983
2013-05-20 08:00:00,19.197,21.346453,2.149452713012696,2.149452713012696
2013-05-20 08:30:00,38.873,38.840366,-0.03263363647460693,0.03263363647460693
2013-05-20 09:00:00,57.857,63.04272,5.185720794677735,5.185720794677735
2013-05-20 09:30:00,78.32,84.079155,5.759154968261726,5.759154968261726
2013-05-20 10:00:00,102.855,100.348694,-2.506306152343754,2.506306152343754
2013-05-20 10:30:00,119.715,122.08236,2.3673593139648403,2.3673593139648403
2013-05-20 11:00:00,130.745,135.90775,5.1627453613281205,5.1627453613281205
2013-05-20 11:30:00,140.212,140.53459,0.3225916748046984,0.3225916748046984
2013-05-20 12:00:00,143.384,147.77441,4.390414062500014,4.390414062500014
2013-05-20 12:30:00,143.246,146.61111,3.3651145019531157,3.3651145019531157
2013-05-20 13:00:00,137.785,144.54169,6.756687011718753,6.756687011718753
2013-05-20 13:30:00,121.821,133.8517,12.030699829101565,12.030699829101565
2013-05-20 14:00:00,103.411,104.19196,0.7809631958007799,0.7809631958007799
2013-05-20 14:30:00,93.29,87.67507,-5.6149282836914125,5.6149282836914125
2013-05-20 15:00:00,70.94200000000001,78.51911,7.577111633300774,7.577111633300774
2013-05-20 15:30:00,46.274,50.2659,3.991899658203124,3.991899658203124
2013-05-20 16:00:00,26.026,28.87439,2.8483896484375,2.8483896484375
2013-05-20 16:30:00,9.767,10.163067,0.3960668640136724,0.3960668640136724
2013-05-20 17:00:00,0.794,1.8777413,1.0837413368225097,1.0837413368225097
2013-05-20 17:30:00,0.025,0.19052704,0.1655270367860794,0.1655270367860794
2013-05-20 18:00:00,0.012,0.032094557,0.020094556838274002,0.020094556838274002
2013-05-20 18:30:00,0.012,0.013086994,0.0010869941785931585,0.0010869941785931585
2013-05-20 19:00:00,0.03,0.012673407,-0.01732659313827753,0.01732659313827753
2013-05-20 19:30:00,0.006,0.01566048,0.009660479664802551,0.009660479664802551
2013-05-20 20:00:00,0.024,0.008167955,-0.015832044906914235,0.015832044906914235
2013-05-20 20:30:00,0.03,0.007526674,-0.0224733261577785,0.0224733261577785
2013-05-20 21:00:00,0.03,0.03440174,0.00440174087882042,0.00440174087882042
2013-05-20 21:30:00,0.014,0.03440174,0.02040174087882042,0.02040174087882042
2013-05-20 22:00:00,0.036,0.036417656,0.0004176556468009976,0.0004176556468009976
2013-05-20 22:30:00,0.014,0.036417656,0.022417655646800996,0.022417655646800996
2013-05-20 23:00:00,0.012,0.036417656,0.024417655646800995,0.024417655646800995
2013-05-20 23:30:00,0.037,0.036417656,-0.0005823443531990033,0.0005823443531990033
2013-05-21 00:00:00,0.006,0.016666137,0.010666136682033539,0.010666136682033539
2013-05-21 00:30:00,0.012,0.019869644,0.007869644194841385,0.007869644194841385
2013-05-21 01:00:00,0.025,0.02179252,-0.0032074801623821272,0.0032074801623821272
2013-05-21 01:30:00,0.012,0.024312664,0.012312663823366165,0.012312663823366165
2013-05-21 02:00:00,0.024,0.02444654,0.00044653958082199047,0.00044653958082199047
2013-05-21 02:30:00,0.012,0.02670438,0.01470438028872013,0.01470438028872013
2013-05-21 03:00:00,0.018,0.035415776,0.01741577607393265,0.01741577607393265
2013-05-21 03:30:00,0.03,0.035415776,0.005415776073932649,0.005415776073932649
2013-05-21 04:00:00,0.036,0.05060242,0.014602421164512637,0.014602421164512637
2013-05-21 04:30:00,0.006,0.04224147,0.03624146902561188,0.03624146902561188
2013-05-21 05:00:00,0.0,0.04224147,0.04224146902561188,0.04224146902561188
2013-05-21 05:30:00,0.012,0.04224147,0.030241469025611877,0.030241469025611877
2013-05-21 06:00:00,0.019,0.017213091,-0.0017869087457656856,0.0017869087457656856
2013-05-21 06:30:00,0.037,0.06484862,0.027848616719245912,0.027848616719245912
2013-05-21 07:00:00,0.173,0.5452591,0.3722591180801392,0.3722591180801392
2013-05-21 07:30:00,7.084,4.7725616,-2.3114384498596188,2.3114384498596188
2013-05-21 08:00:00,21.474,20.650429,-0.823571228027344,0.823571228027344
2013-05-21 08:30:00,41.391,40.95283,-0.43816873168945136,0.43816873168945136
2013-05-21 09:00:00,63.485,65.2015,1.7164999389648443,1.7164999389648443
2013-05-21 09:30:00,82.732,85.12047,2.388468139648438,2.388468139648438
2013-05-21 10:00:00,91.605,102.55519,10.950191040039059,10.950191040039059
2013-05-21 10:30:00,110.239,114.273705,4.034704528808589,4.034704528808589
2013-05-21 11:00:00,121.692,127.64274,5.950738342285163,5.950738342285163
2013-05-21 11:30:00,124.161,128.56715,4.406153930664061,4.406153930664061
2013-05-21 12:00:00,131.047,120.94606,-10.100939819335935,10.100939819335935
2013-05-21 12:30:00,132.695,128.89662,-3.7983782958984307,3.7983782958984307
2013-05-21 13:00:00,127.11,125.008224,-2.101775512695312,2.101775512695312
2013-05-21 13:30:00,97.938,116.957184,19.019183837890623,19.019183837890623
2013-05-21 14:00:00,68.194,83.64463,15.450630432128904,15.450630432128904
2013-05-21 14:30:00,67.366,57.338886,-10.027113739013672,10.027113739013672
2013-05-21 15:00:00,59.077,54.585274,-4.491726257324217,4.491726257324217
2013-05-21 15:30:00,42.555,45.188908,2.633907623291016,2.633907623291016
2013-05-21 16:00:00,22.519,26.375383,3.856383377075197,3.856383377075197
2013-05-21 16:30:00,6.467,10.984461,4.517460830688477,4.517460830688477
2013-05-21 17:00:00,0.324,1.8705219,1.5465219030380248,1.5465219030380248
2013-05-21 17:30:00,0.018,0.27926102,0.2612610228061676,0.2612610228061676
2013-05-21 18:00:00,0.024,0.25797823,0.23397823071479798,0.23397823071479798
2013-05-21 18:30:00,0.019,0.24492034,0.22592034316062928,0.22592034316062928
2013-05-21 19:00:00,0.012,0.3085537,0.2965536956787109,0.2965536956787109
2013-05-21 19:30:00,0.0,0.31154075,0.31154075264930725,0.31154075264930725
2013-05-21 20:00:00,0.038,0.045072287,0.007072287321090699,0.007072287321090699
2013-05-21 20:30:00,0.036,0.04443101,0.00843100839853287,0.00843100839853287
2013-05-21 21:00:00,0.013,0.004741704,-0.008258295908570289,0.008258295908570289
2013-05-21 21:30:00,0.018,0.004741704,-0.013258295908570288,0.013258295908570288
2013-05-21 22:00:00,0.0,0.07280818,0.072808176279068,0.072808176279068
2013-05-21 22:30:00,0.031,0.07280818,0.04180817627906799,0.04180817627906799
2013-05-21 23:00:00,0.006,0.08175816,0.07575815641880035,0.07575815641880035
2013-05-21 23:30:00,0.012,0.08175816,0.06975815641880036,0.06975815641880036
2013-05-22 00:00:00,0.001,0.05216807,0.05116807126998901,0.05116807126998901
2013-05-22 00:30:00,0.019,0.05216807,0.03316807126998901,0.03316807126998901
2013-05-22 01:00:00,0.012,0.078302264,0.06630226421356201,0.06630226421356201
2013-05-22 01:30:00,0.018,0.0808224,0.0628224007487297,0.0628224007487297
2013-05-22 02:00:00,0.018,0.0779896,0.0599896005988121,0.0599896005988121
2013-05-22 02:30:00,0.024,0.08024745,0.05624744689464569,0.05624744689464569
2013-05-22 03:00:00,0.013,0.08288729,0.06988729190826416,0.06988729190826416
2013-05-22 03:30:00,0.001,0.08288729,0.08188729190826416,0.08188729190826416
2013-05-22 04:00:00,0.019,0.0954341,0.07643409943580627,0.07643409943580627
2013-05-22 04:30:00,0.006,0.08707315,0.08107314729690551,0.08107314729690551
2013-05-22 05:00:00,0.006,0.0876499,0.08164989674091339,0.08164989674091339
2013-05-22 05:30:00,0.012,0.0876499,0.0756498967409134,0.0756498967409134
2013-05-22 06:00:00,0.018,0.08714241,0.06914240789413452,0.06914240789413452
2013-05-22 06:30:00,0.025,0.14477174,0.11977173984050751,0.11977173984050751
2013-05-22 07:00:00,0.037,0.4950888,0.45808878588676455,0.45808878588676455
2013-05-22 07:30:00,1.643,4.1724243,2.52942431640625,2.52942431640625
2013-05-22 08:00:00,7.67,8.984014,1.314013557434082,1.314013557434082
2013-05-22 08:30:00,17.543,17.283552,-0.2594478302001946,0.2594478302001946
2013-05-22 09:00:00,32.145,24.684473,-7.460526962280277,7.460526962280277
2013-05-22 09:30:00,49.878,42.454067,-7.423932769775391,7.423932769775391
2013-05-22 10:00:00,59.084,62.24139,3.157390228271481,3.157390228271481
2013-05-22 10:30:00,63.959,66.1534,2.1943966064453093,2.1943966064453093
2013-05-22 11:00:00,47.832,69.8229,21.990898864746093,21.990898864746093
2013-05-22 11:30:00,42.181,52.660385,10.47938513183594,10.47938513183594
2013-05-22 12:00:00,38.241,49.33082,11.089818176269532,11.089818176269532
2013-05-22 12:30:00,35.941,44.656635,8.715635284423826,8.715635284423826
2013-05-22 13:00:00,24.895,42.308197,17.413197021484375,17.413197021484375
2013-05-22 13:30:00,22.495,27.444,4.949000244140624,4.949000244140624
2013-05-22 14:00:00,18.618,22.731188,4.113187820434572,4.113187820434572
2013-05-22 14:30:00,15.454,17.932102,2.47810220336914,2.47810220336914
2013-05-22 15:00:00,11.007,11.548943,0.5419425659179691,0.5419425659179691
2013-05-22 15:30:00,5.189,10.671023,5.482023368835449,5.482023368835449
2013-05-22 16:00:00,1.331,6.2432985,4.912298530578614,4.912298530578614
2013-05-22 16:30:00,0.148,3.3356223,3.1876223106384276,3.1876223106384276
2013-05-22 17:00:00,0.018,-0.07215642,-0.09015642184019089,0.09015642184019089
2013-05-22 17:30:00,0.018,-0.042610027,-0.06061002689599991,0.06061002689599991
2013-05-22 18:00:00,0.03,-0.070263855,-0.10026385515928268,0.10026385515928268
2013-05-22 18:30:00,0.012,-0.070263855,-0.08226385515928268,0.08226385515928268
2013-05-22 19:00:00,0.031,-0.07040755,-0.10140754705667496,0.10140754705667496
2013-05-22 19:30:00,0.018,-0.06532466,-0.08332465666532517,0.08332465666532517
2013-05-22 20:00:00,0.006,-0.07842336,-0.08442335850000382,0.08442335850000382
2013-05-22 20:30:00,0.019,-0.08072171,-0.09972171360254288,0.09972171360254288
2013-05-22 21:00:00,0.025,-0.061253686,-0.08625368550419807,0.08625368550419807
2013-05-22 21:30:00,0.019,-0.06291071,-0.08191071325540543,0.08191071325540543
2013-05-22 22:00:00,0.001,-0.058647152,-0.05964715203642845,0.05964715203642845
2013-05-22 22:30:00,0.018,-0.056990076,-0.07499007585644722,0.07499007585644722
2013-05-22 23:00:00,0.012,-0.067454405,-0.07945440512895584,0.07945440512895584
2013-05-22 23:30:00,0.025,-0.067454405,-0.09245440512895584,0.09245440512895584
2013-05-23 00:00:00,0.032,-0.053635713,-0.08563571271300316,0.08563571271300316
2013-05-23 00:30:00,0.012,-0.053635713,-0.06563571271300316,0.06563571271300316
2013-05-23 01:00:00,0.018,-0.054914985,-0.07291498485207558,0.07291498485207558
2013-05-23 01:30:00,0.012,-0.05325794,-0.06525793847441673,0.06525793847441673
2013-05-23 02:00:00,0.031,-0.067454405,-0.09845440512895584,0.09845440512895584
2013-05-23 02:30:00,0.024,-0.070846654,-0.09484665447473525,0.09484665447473525
2013-05-23 03:00:00,0.006,-0.055370897,-0.06137089705467224,0.06137089705467224
2013-05-23 03:30:00,0.0199999999999999,-0.055370897,-0.07537089705467215,0.07537089705467215
2013-05-23 04:00:00,0.018,-0.03813305,-0.05613305124640465,0.05613305124640465
2013-05-23 04:30:00,0.024,-0.048337635,-0.072337634652853,0.072337634652853
2013-05-23 05:00:00,0.036,-0.065864615,-0.10186461514234543,0.10186461514234543
2013-05-23 05:30:00,0.018,-0.064207554,-0.08220755386352539,0.08220755386352539
2013-05-23 06:00:00,0.0,-0.05283631,-0.05283631011843681,0.05283631011843681
2013-05-23 06:30:00,0.012,-0.06806383,-0.08006383281946182,0.08006383281946182
2013-05-23 07:00:00,0.03,0.03177916,0.0017791588604450237,0.0017791588604450237
2013-05-23 07:30:00,0.408,1.6773908,1.2693908138275147,1.2693908138275147
2013-05-23 08:00:00,3.761,3.123061,-0.6379390583038331,0.6379390583038331
2013-05-23 08:30:00,9.486,8.33001,-1.1559895858764655,1.1559895858764655
2013-05-23 09:00:00,18.805,14.015356,-4.789643936157226,4.789643936157226
2013-05-23 09:30:00,21.571,24.951767,3.380766967773436,3.380766967773436
2013-05-23 10:00:00,28.526,28.782022,0.25602247619628926,0.25602247619628926
2013-05-23 10:30:00,31.375,37.14616,5.771160125732422,5.771160125732422
2013-05-23 11:00:00,33.572,36.417377,2.8453774719238254,2.8453774719238254
2013-05-23 11:30:00,36.517,39.97344,3.45643826293945,3.45643826293945
2013-05-23 12:00:00,53.251,44.97276,-8.278240753173826,8.278240753173826
2013-05-23 12:30:00,32.431,60.854877,28.42387747192383,28.42387747192383
2013-05-23 13:00:00,25.109,36.388557,11.27955743408203,11.27955743408203
2013-05-23 13:30:00,26.65,29.9742,3.3241992950439467,3.3241992950439467
2013-05-23 14:00:00,23.545,24.146938,0.6019383239746077,0.6019383239746077
2013-05-23 14:30:00,22.258,18.76844,-3.489559753417968,3.489559753417968
2013-05-23 15:00:00,21.554,19.129223,-2.4247771301269516,2.4247771301269516
2013-05-23 15:30:00,14.733,17.95856,3.225560943603515,3.225560943603515
2013-05-23 16:00:00,6.136,10.149129,4.013128913879394,4.013128913879394
2013-05-23 16:30:00,1.214,4.4650407,3.251040683746338,3.251040683746338
2013-05-23 17:00:00,0.073,-0.09666467,-0.1696646671295166,0.1696646671295166
2013-05-23 17:30:00,0.013,-0.071454115,-0.08445411521196365,0.08445411521196365
2013-05-23 18:00:00,0.013,-0.09348487,-0.10648487108945846,0.10648487108945846
2013-05-23 18:30:00,0.006,-0.0746704,-0.08067039674520493,0.08067039674520493
2013-05-23 19:00:00,0.026,-0.09253376,-0.11853375977277755,0.11853375977277755
2013-05-23 19:30:00,0.006,-0.10582005,-0.11182005232572556,0.11182005232572556
2013-05-23 20:00:00,0.036,-0.04654213,-0.08254213041067124,0.08254213041067124
2013-05-23 20:30:00,0.002,-0.047183424,-0.04918342423439026,0.04918342423439026
2013-05-23 21:00:00,0.036,-0.08630141,-0.12230140870809555,0.12230140870809555
2013-05-23 21:30:00,0.03,-0.08630141,-0.11630140870809555,0.11630140870809555
2013-05-23 22:00:00,0.03,-0.08335651,-0.11335650712251663,0.11335650712251663
2013-05-23 22:30:00,0.025,-0.08335651,-0.10835650712251663,0.10835650712251663
2013-05-23 23:00:00,0.012,-0.08538667,-0.09738667112588882,0.09738667112588882
2013-05-23 23:30:00,0.006,-0.08538667,-0.09138667112588883,0.09138667112588883
2013-05-24 00:00:00,0.006,-0.102755375,-0.1087553752064705,0.1087553752064705
2013-05-24 00:30:00,0.0,-0.10455798,-0.10455798357725143,0.10455798357725143
2013-05-24 01:00:00,0.018,-0.13178426,-0.14978426027297972,0.14978426027297972
2013-05-24 01:30:00,0.031,-0.13358688,-0.16458688354492187,0.16458688354492187
2013-05-24 02:00:00,0.02,-0.039766394,-0.05976639360189438,0.05976639360189438
2013-05-24 02:30:00,0.012,-0.04136377,-0.053363768279552456,0.053363768279552456
2013-05-24 03:00:00,0.012,-0.14230774,-0.15430774343013764,0.15430774343013764
2013-05-24 03:30:00,0.024,-0.14411034,-0.16811033689975738,0.16811033689975738
2013-05-24 04:00:00,0.018,-0.041056223,-0.05905622321367264,0.05905622321367264
2013-05-24 04:30:00,0.006,-0.053063408,-0.05906340754032135,0.05906340754032135
2013-05-24 05:00:00,0.012,-0.02216162,-0.03416161973774433,0.03416161973774433
2013-05-24 05:30:00,0.018,-0.02396422,-0.04196422065794468,0.04196422065794468
2013-05-24 06:00:00,0.018,-0.02822006,-0.046220059350132944,0.046220059350132944
2013-05-24 06:30:00,0.018,-0.0004155888,-0.018415588787291198,0.018415588787291198
2013-05-24 07:00:00,0.024,0.2206874,0.1966874042749405,0.1966874042749405
2013-05-24 07:30:00,1.483,1.9260559,0.4430559082031249,0.4430559082031249
2013-05-24 08:00:00,8.651,7.568117,-1.082882858276367,1.082882858276367
2013-05-24 08:30:00,22.167,19.618944,-2.5480558319091813,2.5480558319091813
2013-05-24 09:00:00,45.763,36.65471,-9.10829113769531,9.10829113769531
2013-05-24 09:30:00,64.532,60.09443,-4.437570983886715,4.437570983886715
2013-05-24 10:00:00,81.102,78.42721,-2.67479205322266,2.67479205322266
2013-05-24 10:30:00,93.844,91.73093,-2.113073486328119,2.113073486328119
2013-05-24 11:00:00,90.787,100.140465,9.353464782714838,9.353464782714838
2013-05-24 11:30:00,82.029,85.68957,3.6605675659179724,3.6605675659179724
2013-05-24 12:00:00,75.432,75.9847,0.5527030639648416,0.5527030639648416
2013-05-24 12:30:00,69.829,73.59761,3.768610473632819,3.768610473632819
2013-05-24 13:00:00,61.87,68.725525,6.855524902343753,6.855524902343753
2013-05-24 13:30:00,59.408,60.410934,1.0029344482421862,1.0029344482421862
2013-05-24 14:00:00,56.694,54.508045,-2.1859548034667995,2.1859548034667995
2013-05-24 14:30:00,56.077,47.598083,-8.478916503906248,8.478916503906248
2013-05-24 15:00:00,51.333,50.33547,-0.9975317077636703,0.9975317077636703
2013-05-24 15:30:00,35.206,41.183823,5.977822631835934,5.977822631835934
2013-05-24 16:00:00,17.892,24.006592,6.1145917968750005,6.1145917968750005
2013-05-24 16:30:00,6.96,8.447668,1.4876680755615235,1.4876680755615235
2013-05-24 17:00:00,0.77,0.64065695,-0.1293430519104004,0.1293430519104004
2013-05-24 17:30:00,0.007,0.007662661,0.0006626609079539774,0.0006626609079539774
2013-05-24 18:00:00,0.0,-0.107898474,-0.10789847373962402,0.10789847373962402
2013-05-24 18:30:00,0.03,-0.105967484,-0.13596748441457748,0.13596748441457748
2013-05-24 19:00:00,0.012,-0.07827981,-0.09027980816364288,0.09027980816364288
2013-05-24 19:30:00,0.018,-0.08009596,-0.09809596168994904,0.09809596168994904
2013-05-24 20:00:00,0.037,-0.06953078,-0.10653077763319016,0.10653077763319016
2013-05-24 20:30:00,0.0,-0.07017206,-0.07017205655574799,0.07017205655574799
2013-05-24 21:00:00,0.024,-0.052795,-0.07679500037431716,0.07679500037431716
2013-05-24 21:30:00,0.026,-0.052795,-0.07879500037431716,0.07879500037431716
2013-05-24 22:00:00,0.001,-0.052674264,-0.05367426371574402,0.05367426371574402
2013-05-24 22:30:00,0.036,-0.052674264,-0.08867426371574402,0.08867426371574402
2013-05-24 23:00:00,0.006,-0.057188347,-0.06318834698200226,0.06318834698200226
2013-05-24 23:30:00,0.001,-0.057188347,-0.05818834698200226,0.05818834698200226
2013-05-25 00:00:00,0.031,-0.053315207,-0.08431520736217499,0.08431520736217499
2013-05-25 00:30:00,0.012,-0.053315207,-0.06531520736217498,0.06531520736217498
2013-05-25 01:00:00,0.012,-0.017490339,-0.029490338534116745,0.029490338534116745
2013-05-25 01:30:00,0.03,-0.017490339,-0.047490338534116744,0.047490338534116744
2013-05-25 02:00:00,0.006,-0.020858929,-0.02685892856121063,0.02685892856121063
2013-05-25 02:30:00,0.024,-0.020653693,-0.04465369300544262,0.04465369300544262
2013-05-25 03:00:00,0.012,-0.0205482,-0.03254820023477077,0.03254820023477077
2013-05-25 03:30:00,0.024,-0.0205482,-0.044548200234770775,0.044548200234770775
2013-05-25 04:00:00,0.007,-0.0012757452,-0.008275745220482349,0.008275745220482349
2013-05-25 04:30:00,0.031,-0.0114803305,-0.04248033048957586,0.04248033048957586
2013-05-25 05:00:00,0.012,-0.020523923,-0.032523922517895695,0.032523922517895695
2013-05-25 05:30:00,0.012,-0.020523923,-0.032523922517895695,0.032523922517895695
2013-05-25 06:00:00,0.03,0.010541088,-0.019458912052214145,0.019458912052214145
2013-05-25 06:30:00,0.03,0.005329037,-0.024670962914824485,0.024670962914824485
2013-05-25 07:00:00,0.036,0.21741898,0.18141898357868194,0.18141898357868194
2013-05-25 07:30:00,1.824,2.1919723,0.36797225570678704,0.36797225570678704
2013-05-25 08:00:00,13.068,9.472231,-3.595769088745117,3.595769088745117
2013-05-25 08:30:00,31.372,27.07993,-4.292070648193359,4.292070648193359
2013-05-25 09:00:00,53.328,48.596558,-4.731442382812503,4.731442382812503
2013-05-25 09:30:00,68.539,68.822586,0.283586059570311,0.283586059570311
2013-05-25 10:00:00,84.963,87.31612,2.3531163330078186,2.3531163330078186
2013-05-25 10:30:00,110.723,105.65104,-5.071960876464843,5.071960876464843
2013-05-25 11:00:00,115.784,125.07585,9.291851440429681,9.291851440429681
2013-05-25 11:30:00,121.979,122.73415,0.7551537475585945,0.7551537475585945
2013-05-25 12:00:00,120.167,120.01442,-0.1525804443359391,0.1525804443359391
2013-05-25 12:30:00,122.842,122.17323,-0.6687669677734362,0.6687669677734362
2013-05-25 13:00:00,121.387,122.81374,1.4267435913085933,1.4267435913085933
2013-05-25 13:30:00,112.744,121.42006,8.676059204101563,8.676059204101563
2013-05-25 14:00:00,104.079,110.264656,6.185656066894538,6.185656066894538
2013-05-25 14:30:00,89.258,91.32622,2.068217651367192,2.068217651367192
2013-05-25 15:00:00,71.624,73.4729,1.8489003906250048,1.8489003906250048
2013-05-25 15:30:00,50.04,51.68546,1.6454591369628915,1.6454591369628915
2013-05-25 16:00:00,27.137,28.995995,1.8589945678710933,1.8589945678710933
2013-05-25 16:30:00,8.975,9.986933,1.011932754516602,1.011932754516602
2013-05-25 17:00:00,0.642,1.4459755,0.8039755420684814,0.8039755420684814
2013-05-25 17:30:00,0.013,0.19413024,0.18113024187088012,0.18113024187088012
2013-05-25 18:00:00,0.026,0.045527346,0.019527346432209016,0.019527346432209016
2013-05-25 18:30:00,0.008,0.008783714,0.0007837139144539831,0.0007837139144539831
2013-05-25 19:00:00,0.012,-0.012070793,-0.024070792727172375,0.024070792727172375
2013-05-25 19:30:00,0.024,-0.009083734,-0.03308373389393091,0.03308373389393091
2013-05-25 20:00:00,0.03,-0.0032171027,-0.03321710272692144,0.03321710272692144
2013-05-25 20:30:00,0.018,-0.0037153487,-0.021715348662808536,0.021715348662808536
2013-05-25 21:00:00,0.018,0.021845713,0.003845713257789613,0.003845713257789613
2013-05-25 21:30:00,0.013,0.021845713,0.008845713257789612,0.008845713257789612
2013-05-25 22:00:00,0.012,0.034160953,0.022160953015089035,0.022160953015089035
2013-05-25 22:30:00,0.013,0.034160953,0.021160953015089037,0.021160953015089037
2013-05-25 23:00:00,0.006,0.04668286,0.04068286070227623,0.04068286070227623
2013-05-25 23:30:00,0.012,0.04668286,0.03468286070227623,0.03468286070227623
2013-05-26 00:00:00,0.014,0.04668286,0.03268286070227623,0.03268286070227623
2013-05-26 00:30:00,0.012,0.04668286,0.03468286070227623,0.03468286070227623
2013-05-26 01:00:00,0.031,0.04668286,0.01568286070227623,0.01568286070227623
2013-05-26 01:30:00,0.018,0.049203005,0.031203004688024522,0.031203004688024522
2013-05-26 02:00:00,0.03,0.049203005,0.019203004688024522,0.019203004688024522
2013-05-26 02:30:00,0.024,0.051460844,0.02746084353327751,0.02746084353327751
2013-05-26 03:00:00,0.036,0.06247009,0.026470089644193652,0.026470089644193652
2013-05-26 03:30:00,0.012,0.06247009,0.05047008964419365,0.05047008964419365
2013-05-26 04:00:00,0.012,0.071032636,0.059032635867595676,0.059032635867595676
2013-05-26 04:30:00,0.012,0.06267166,0.05067166137695313,0.05067166137695313
2013-05-26 05:00:00,0.018,0.0625378,0.04453779679536819,0.04453779679536819
2013-05-26 05:30:00,0.024,0.0625378,0.038537796795368194,0.038537796795368194
2013-05-26 06:00:00,0.024,0.06222246,0.03822245842218399,0.03822245842218399
2013-05-26 06:30:00,0.001,0.098024786,0.09702478551864624,0.09702478551864624
2013-05-26 07:00:00,0.113,0.4775394,0.3645393903255463,0.3645393903255463
2013-05-26 07:30:00,5.39,4.702478,-0.6875220680236813,0.6875220680236813
2013-05-26 08:00:00,20.286,18.72665,-1.559349761962892,1.559349761962892
2013-05-26 08:30:00,40.885,39.431717,-1.4532830810546855,1.4532830810546855
2013-05-26 09:00:00,64.421,64.686935,0.265935424804681,0.265935424804681
2013-05-26 09:30:00,85.898,85.67519,-0.22280621337890238,0.22280621337890238
2013-05-26 10:00:00,104.747,108.72278,3.9757783203125,3.9757783203125
2013-05-26 10:30:00,119.84,119.223816,-0.6161840820312534,0.6161840820312534
2013-05-26 11:00:00,129.587,134.6471,5.060094726562511,5.060094726562511
2013-05-26 11:30:00,136.295,138.1431,1.8480969238281375,1.8480969238281375
2013-05-26 12:00:00,139.031,138.71515,-0.3158510742187559,0.3158510742187559
2013-05-26 12:30:00,139.084,144.65808,5.574081054687497,5.574081054687497
2013-05-26 13:00:00,135.204,141.04642,5.842417236328117,5.842417236328117
2013-05-26 13:30:00,126.368,131.33105,4.963054687500005,4.963054687500005
2013-05-26 14:00:00,114.223,112.84535,-1.3776478271484365,1.3776478271484365
2013-05-26 14:30:00,97.118,99.975204,2.8572044677734425,2.8572044677734425
2013-05-26 15:00:00,75.299,77.69642,2.3974187622070247,2.3974187622070247
2013-05-26 15:30:00,51.495,52.516693,1.0216931152343776,1.0216931152343776
2013-05-26 16:00:00,28.377,29.904799,1.5277985076904308,1.5277985076904308
2013-05-26 16:30:00,9.557,11.364935,1.807934921264648,1.807934921264648
2013-05-26 17:00:00,0.737,1.4231257,0.6861257438659668,0.6861257438659668
2013-05-26 17:30:00,0.012,0.0883037,0.07630370008945465,0.07630370008945465
2013-05-26 18:00:00,0.02,0.033240374,0.01324037417769432,0.01324037417769432
2013-05-26 18:30:00,0.018,-0.0035032823,-0.021503282321617006,0.021503282321617006
2013-05-26 19:00:00,0.012,-0.20269178,-0.21469177854061128,0.21469177854061128
2013-05-26 19:30:00,0.013,-0.1997047,-0.21270470666885377,0.21270470666885377
2013-05-26 20:00:00,0.024,-0.19829671,-0.22229671084880828,0.22229671084880828
2013-05-26 20:30:00,0.03,-0.19879495,-0.22879494607448578,0.22879494607448578
2013-05-26 21:00:00,0.018,-0.1768625,-0.19486249315738677,0.19486249315738677
2013-05-26 21:30:00,0.013,-0.1768625,-0.1898624931573868,0.1898624931573868
2013-05-26 22:00:00,0.043,-0.17097557,-0.21397556591033934,0.21397556591033934
2013-05-26 22:30:00,0.018,-0.17097557,-0.18897556591033934,0.18897556591033934
2013-05-26 23:00:00,0.018,-0.17097557,-0.18897556591033934,0.18897556591033934
2013-05-26 23:30:00,0.032,-0.17097557,-0.20297556591033936,0.20297556591033936
2013-05-27 00:00:00,0.024,0.03810958,0.014109578192234039,0.014109578192234039
2013-05-27 00:30:00,0.037,0.03810958,0.0011095781922340411,0.0011095781922340411
2013-05-27 01:00:00,0.036,0.0339465,-0.0020535007715225193,0.0020535007715225193
2013-05-27 01:30:00,0.024,0.036466643,0.012466643214225769,0.012466643214225769
2013-05-27 02:00:00,0.012,0.03344912,0.021449120819568634,0.021449120819568634
2013-05-27 02:30:00,0.018,0.03570696,0.017706959664821626,0.017706959664821626
2013-05-27 03:00:00,0.006,0.042413704,0.03641370409727097,0.03641370409727097
2013-05-27 03:30:00,0.012,0.042413704,0.030413704097270965,0.030413704097270965
2013-05-27 04:00:00,0.0,0.05769349,0.0576934888958931,0.0576934888958931
2013-05-27 04:30:00,0.036,0.049332537,0.013332536756992343,0.013332536756992343
2013-05-27 05:00:00,0.031,0.049332537,0.01833253675699234,0.01833253675699234
2013-05-27 05:30:00,0.018,0.049332537,0.03133253675699234,0.03133253675699234
2013-05-27 06:00:00,0.006,0.049332537,0.04333253675699234,0.04333253675699234
2013-05-27 06:30:00,0.018,0.09696813,0.07896812927722931,0.07896812927722931
2013-05-27 07:00:00,0.03,0.494062,0.46406200647354123,0.46406200647354123
2013-05-27 07:30:00,1.362,3.9977596,2.6357595806121825,2.6357595806121825
2013-05-27 08:00:00,4.323,9.636692,5.31369204711914,5.31369204711914
2013-05-27 08:30:00,9.843,15.122943,5.279942924499512,5.279942924499512
2013-05-27 09:00:00,21.793,17.1812,-4.611799972534179,4.611799972534179
2013-05-27 09:30:00,28.278,29.799198,1.521198150634767,1.521198150634767
2013-05-27 10:00:00,45.64,39.444416,-6.195583953857422,6.195583953857422
2013-05-27 10:30:00,60.924,57.23549,-3.688511108398437,3.688511108398437
2013-05-27 11:00:00,70.89,70.60583,-0.2841726684570318,0.2841726684570318
2013-05-27 11:30:00,74.41,79.09309,4.683086242675785,4.683086242675785
2013-05-27 12:00:00,70.761,80.44524,9.684236206054692,9.684236206054692
2013-05-27 12:30:00,73.294,75.36465,2.070646911621097,2.070646911621097
2013-05-27 13:00:00,73.137,77.89844,4.7614374999999995,4.7614374999999995
2013-05-27 13:30:00,68.498,77.35348,8.855477478027339,8.855477478027339
2013-05-27 14:00:00,71.13,66.51134,-4.618662719726558,4.618662719726558
2013-05-27 14:30:00,65.162,62.525406,-2.6365941162109436,2.6365941162109436
2013-05-27 15:00:00,53.487,54.307995,0.820994842529295,0.820994842529295
2013-05-27 15:30:00,35.301,42.407818,7.10681784057617,7.10681784057617
2013-05-27 16:00:00,21.6,23.543304,1.9433044433593736,1.9433044433593736
2013-05-27 16:30:00,7.961,9.82829,1.867289985656738,1.867289985656738
2013-05-27 17:00:00,0.503,1.5144876,1.0114876241683959,1.0114876241683959
2013-05-27 17:30:00,0.013,0.14438406,0.13138405632972716,0.13138405632972716
2013-05-27 18:00:00,0.006,-0.014716121,-0.02071612136811018,0.02071612136811018
2013-05-27 18:30:00,0.031,-0.027773801,-0.05877380123734474,0.05877380123734474
2013-05-27 19:00:00,0.024,-0.042983472,-0.06698347234725952,0.06698347234725952
2013-05-27 19:30:00,0.018,-0.039996415,-0.05799641537666321,0.05799641537666321
2013-05-27 20:00:00,0.015,-0.019247368,-0.03424736797809601,0.03424736797809601
2013-05-27 20:30:00,0.018,-0.019888654,-0.03788865435123444,0.03788865435123444
2013-05-27 21:00:00,0.037,-0.005933561,-0.042933560896664856,0.042933560896664856
2013-05-27 21:30:00,0.03,-0.005933561,-0.03593356089666486,0.03593356089666486
2013-05-27 22:00:00,0.012,-0.015161474,-0.027161474235355854,0.027161474235355854
2013-05-27 22:30:00,0.006,-0.015161474,-0.021161474235355852,0.021161474235355852
2013-05-27 23:00:00,0.018,0.00841735,-0.009582649759948252,0.009582649759948252
2013-05-27 23:30:00,0.006,0.00841735,0.0024173502400517462,0.0024173502400517462
2013-05-28 00:00:00,0.019,0.0048422283,-0.014157771743834018,0.014157771743834018
2013-05-28 00:30:00,0.012,0.0048422283,-0.007157771743834019,0.007157771743834019
2013-05-28 01:00:00,0.012,-0.032722883,-0.04472288292646408,0.04472288292646408
2013-05-28 01:30:00,0.03,-0.032722883,-0.06272288292646408,0.06272288292646408
2013-05-28 02:00:00,0.013,-0.026698997,-0.03969899724423885,0.03969899724423885
2013-05-28 02:30:00,0.0,-0.028434182,-0.028434181585907936,0.028434181585907936
2013-05-28 03:00:00,0.018,-0.05472926,-0.07272926050424576,0.07272926050424576
2013-05-28 03:30:00,0.024,-0.05472926,-0.07872926050424575,0.07872926050424575
2013-05-28 04:00:00,0.025,-0.019164791,-0.044164791330695154,0.044164791330695154
2013-05-28 04:30:00,0.018,-0.029369375,-0.04736937473714352,0.04736937473714352
2013-05-28 05:00:00,0.018,0.069373414,0.051373413920402525,0.051373413920402525
2013-05-28 05:30:00,0.024,0.069373414,0.045373413920402526,0.045373413920402526
2013-05-28 06:00:00,0.007,0.013844605,0.006844604603946209,0.006844604603946209
2013-05-28 06:30:00,0.024,0.012248554,-0.01175144573301077,0.01175144573301077
2013-05-28 07:00:00,0.035,0.36624667,0.3312466704845428,0.3312466704845428
2013-05-28 07:30:00,1.974,2.7361047,0.7621047267913819,0.7621047267913819
2013-05-28 08:00:00,6.503,9.768156,3.265156051635742,3.265156051635742
2013-05-28 08:30:00,12.927,15.502525,2.575525329589844,2.575525329589844
2013-05-28 09:00:00,23.261,21.97357,-1.287430130004882,1.287430130004882
2013-05-28 09:30:00,34.769,30.381971,-4.387028640747069,4.387028640747069
2013-05-28 10:00:00,40.532,46.067413,5.5354133300781285,5.5354133300781285
2013-05-28 10:30:00,57.462,52.48833,-4.97366915893555,4.97366915893555
2013-05-28 11:00:00,73.966,72.840294,-1.1257061157226502,1.1257061157226502
2013-05-28 11:30:00,72.356,85.99265,13.636652893066412,13.636652893066412
2013-05-28 12:00:00,77.561,86.81531,9.254307617187493,9.254307617187493
2013-05-28 12:30:00,88.414,86.242874,-2.171125854492189,2.171125854492189
2013-05-28 13:00:00,86.684,91.50519,4.8211879882812525,4.8211879882812525
2013-05-28 13:30:00,73.279,85.08499,11.805991455078129,11.805991455078129
2013-05-28 14:00:00,52.781,67.52212,14.741117614746095,14.741117614746095
2013-05-28 14:30:00,50.644,47.636765,-3.007235473632811,3.007235473632811
2013-05-28 15:00:00,32.613,43.0215,10.408499633789063,10.408499633789063
2013-05-28 15:30:00,22.099,27.63091,5.531910873413086,5.531910873413086
2013-05-28 16:00:00,11.5,15.651525,4.151524543762207,4.151524543762207
2013-05-28 16:30:00,4.039,8.240142,4.201141868591309,4.201141868591309
2013-05-28 17:00:00,0.354,1.0759642,0.7219642124176026,0.7219642124176026
2013-05-28 17:30:00,0.018,0.04650759,0.028507589519023897,0.028507589519023897
2013-05-28 18:00:00,0.025,-0.01734528,-0.04234527945518494,0.04234527945518494
2013-05-28 18:30:00,0.006,-0.03253107,-0.038531071454286574,0.038531071454286574
2013-05-28 19:00:00,0.03,-0.013614328,-0.043614327646791934,0.043614327646791934
2013-05-28 19:30:00,0.012,-0.010627265,-0.022627265088260174,0.022627265088260174
2013-05-28 20:00:00,0.013,0.027924765,0.014924764901399613,0.014924764901399613
2013-05-28 20:30:00,0.018,0.027283493,0.00928349342942238,0.00928349342942238
2013-05-28 21:00:00,0.012,-0.026339326,-0.0383393260538578,0.0383393260538578
2013-05-28 21:30:00,0.036,-0.026339326,-0.0623393260538578,0.0623393260538578
2013-05-28 22:00:00,0.007,0.04122579,0.03422579097747803,0.03422579097747803
2013-05-28 22:30:00,0.018,0.04122579,0.02322579097747803,0.02322579097747803
2013-05-28 23:00:00,0.025,0.07782121,0.052821210026741026,0.052821210026741026
2013-05-28 23:30:00,0.024,0.07782121,0.05382121002674103,0.05382121002674103
2013-05-29 00:00:00,0.021,0.6710555,0.6500554957389831,0.6500554957389831
2013-05-29 00:30:00,0.012,0.6710555,0.6590554957389831,0.6590554957389831
2013-05-29 01:00:00,0.012,0.08292526,0.07092526006698609,0.07092526006698609
2013-05-29 01:30:00,0.013,0.0854454,0.07244539660215378,0.07244539660215378
2013-05-29 02:00:00,0.018,0.0854454,0.06744539660215378,0.06744539660215378
2013-05-29 02:30:00,0.012,0.08770324,0.07570324289798737,0.07570324289798737
2013-05-29 03:00:00,0.006,0.08770324,0.08170324289798736,0.08170324289798736
2013-05-29 03:30:00,0.03,0.08770324,0.05770324289798737,0.05770324289798737
2013-05-29 04:00:00,0.012,0.69102013,0.679020131111145,0.679020131111145
2013-05-29 04:30:00,0.036,0.68265915,0.6466591491699218,0.6466591491699218
2013-05-29 05:00:00,0.006,0.09814483,0.09214482927322387,0.09214482927322387
2013-05-29 05:30:00,0.018,0.09814483,0.08014482927322387,0.08014482927322387
2013-05-29 06:00:00,0.013,0.11772087,0.10472087216377259,0.10472087216377259
2013-05-29 06:30:00,0.036,0.15352303,0.1175230278968811,0.1175230278968811
2013-05-29 07:00:00,0.014,0.6082347,0.594234703540802,0.594234703540802
2013-05-29 07:30:00,2.101,3.3463385,1.2453385105133057,1.2453385105133057
2013-05-29 08:00:00,12.426,10.48488,-1.9411195526123048,1.9411195526123048
2013-05-29 08:30:00,25.902,25.618305,-0.2836947937011729,0.2836947937011729
2013-05-29 09:00:00,43.749,40.073734,-3.6752657165527367,3.6752657165527367
2013-05-29 09:30:00,59.728,61.757877,2.029877349853514,2.029877349853514
2013-05-29 10:00:00,75.324,82.91788,7.593877197265627,7.593877197265627
2013-05-29 10:30:00,91.634,95.7006,4.066599670410156,4.066599670410156
2013-05-29 11:00:00,104.684,108.66823,3.984228149414065,3.984228149414065
2013-05-29 11:30:00,117.415,113.043175,-4.3718252563476625,4.3718252563476625
2013-05-29 12:00:00,125.125,122.35,-2.7750015258789062,2.7750015258789062
2013-05-29 12:30:00,123.819,125.796425,1.9774248657226536,1.9774248657226536
2013-05-29 13:00:00,118.342,118.99037,0.6483717041015638,0.6483717041015638
2013-05-29 13:30:00,110.922,115.65729,4.735287597656253,4.735287597656253
2013-05-29 14:00:00,101.387,105.632225,4.245225036621093,4.245225036621093
2013-05-29 14:30:00,85.644,88.03305,2.3890505371093695,2.3890505371093695
2013-05-29 15:00:00,61.077,65.109955,4.032954833984377,4.032954833984377
2013-05-29 15:30:00,39.107,42.727097,3.620096557617188,3.620096557617188
2013-05-29 16:00:00,22.741,22.270487,-0.4705131683349606,0.4705131683349606
2013-05-29 16:30:00,6.667,9.555935,2.8889349060058596,2.8889349060058596
2013-05-29 17:00:00,0.444,1.3346753,0.8906753120422364,0.8906753120422364
2013-05-29 17:30:00,0.006,-0.060429923,-0.06642992323637009,0.06642992323637009
2013-05-29 18:00:00,0.049,0.056971792,0.007971792131662367,0.007971792131662367
2013-05-29 18:30:00,0.03,0.037964206,0.007964206188917161,0.007964206188917161
2013-05-29 19:00:00,0.006,0.03400415,0.028004151821136476,0.028004151821136476
2013-05-29 19:30:00,0.006,0.036991213,0.030991212517023088,0.030991212517023088
2013-05-29 20:00:00,0.018,0.03765531,0.019655308842658998,0.019655308842658998
2013-05-29 20:30:00,0.045,0.03701403,-0.007985970079898833,0.007985970079898833
2013-05-29 21:00:00,0.019,0.0689566,0.04995659863948822,0.04995659863948822
2013-05-29 21:30:00,0.024,0.0689566,0.04495659863948822,0.04495659863948822
2013-05-29 22:00:00,0.012,0.07479928,0.06279927688837052,0.06279927688837052
2013-05-29 22:30:00,0.012,0.07479928,0.06279927688837052,0.06279927688837052
2013-05-29 23:00:00,0.012,0.07495224,0.06295223730802536,0.06295223730802536
2013-05-29 23:30:00,0.0,0.07495224,0.07495223730802536,0.07495223730802536
2013-05-30 00:00:00,0.021,0.06169776,0.04069775873422622,0.04069775873422622
2013-05-30 00:30:00,0.012,0.06169776,0.04969775873422623,0.04969775873422623
2013-05-30 01:00:00,0.018,0.061304294,0.04330429357290268,0.04330429357290268
2013-05-30 01:30:00,0.018,0.063824445,0.045824445009231565,0.045824445009231565
2013-05-30 02:00:00,0.018,0.07449491,0.056494913220405577,0.056494913220405577
2013-05-30 02:30:00,0.018,0.07675276,0.058752759516239164,0.058752759516239164
2013-05-30 03:00:00,0.026,0.08403755,0.05803754979372025,0.05803754979372025
2013-05-30 03:30:00,0.024,0.08403755,0.060037549793720245,0.060037549793720245
2013-05-30 04:00:00,0.006,0.0992242,0.09322420233488082,0.09322420233488082
2013-05-30 04:30:00,0.024,0.09086325,0.06686325019598008,0.06686325019598008
2013-05-30 05:00:00,0.018,0.11699741,0.09899741333723068,0.09899741333723068
2013-05-30 05:30:00,0.013,0.11699741,0.10399741333723068,0.10399741333723068
2013-05-30 06:00:00,0.024,0.09901368,0.07501367872953416,0.07501367872953416
2013-05-30 06:30:00,0.006,0.15255198,0.14655197882652282,0.14655197882652282
2013-05-30 07:00:00,0.039,0.4797864,0.44078639602661135,0.44078639602661135
2013-05-30 07:30:00,2.049,3.4480672,1.3990671882629395,1.3990671882629395
2013-05-30 08:00:00,13.312,11.124511,-2.187489234924316,2.187489234924316
2013-05-30 08:30:00,33.322,27.440348,-5.881652328491214,5.881652328491214
2013-05-30 09:00:00,56.237,50.823013,-5.413986694335939,5.413986694335939
2013-05-30 09:30:00,75.748,76.71129,0.9632884521484328,0.9632884521484328
2013-05-30 10:00:00,94.948,93.483604,-1.4643955688476495,1.4643955688476495
2013-05-30 10:30:00,111.595,110.83677,-0.7582308959960926,0.7582308959960926
2013-05-30 11:00:00,118.613,124.260124,5.647124206542969,5.647124206542969
2013-05-30 11:30:00,126.423,123.812996,-2.6100040893554706,2.6100040893554706
2013-05-30 12:00:00,124.428,126.71574,2.287736389160159,2.287736389160159
2013-05-30 12:30:00,122.39,123.81147,1.4214700317382807,1.4214700317382807
2013-05-30 13:00:00,124.625,115.454865,-9.170135498046875,9.170135498046875
2013-05-30 13:30:00,119.545,116.32368,-3.2213229370117205,3.2213229370117205
2013-05-30 14:00:00,97.813,108.65465,10.841647827148435,10.841647827148435
2013-05-30 14:30:00,75.381,80.07229,4.6912885131835935,4.6912885131835935
2013-05-30 15:00:00,61.137,57.849438,-3.2875622863769536,3.2875622863769536
2013-05-30 15:30:00,38.071,44.830875,6.759875396728518,6.759875396728518
2013-05-30 16:00:00,20.808,21.903475,1.095474807739258,1.095474807739258
2013-05-30 16:30:00,7.643,9.091119,1.4481188125610354,1.4481188125610354
2013-05-30 17:00:00,0.463,0.9671429,0.5041428799629211,0.5041428799629211
2013-05-30 17:30:00,0.018,-0.1446591,-0.1626591019630432,0.1626591019630432
2013-05-30 18:00:00,0.042,-0.07068513,-0.11268513333797456,0.11268513333797456
2013-05-30 18:30:00,0.025,-0.08374282,-0.10874281972646713,0.10874281972646713
2013-05-30 19:00:00,0.013,-0.081312194,-0.09431219446659088,0.09431219446659088
2013-05-30 19:30:00,0.013,-0.07832514,-0.09132513749599457,0.09132513749599457
2013-05-30 20:00:00,0.012,-0.03657787,-0.04857786920666694,0.04857786920666694
2013-05-30 20:30:00,0.019,-0.037219156,-0.05621915557980538,0.05621915557980538
2013-05-30 21:00:00,0.049,0.021731695,-0.027268304839730265,0.027268304839730265
2013-05-30 21:30:00,0.006,0.021731695,0.01573169516026974,0.01573169516026974
2013-05-30 22:00:00,0.012,0.008781384,-0.003218616254627705,0.003218616254627705
2013-05-30 22:30:00,0.03,0.008781384,-0.021218616254627704,0.021218616254627704
2013-05-30 23:00:00,0.02,0.046536848,0.026536847949028015,0.026536847949028015
2013-05-30 23:30:00,0.006,0.046536848,0.04053684794902802,0.04053684794902802
2013-05-31 00:00:00,0.007,0.09430132,0.08730132061243057,0.08730132061243057
2013-05-31 00:30:00,0.006,0.09430132,0.08830132061243057,0.08830132061243057
2013-05-31 01:00:00,0.03,0.08635299,0.056352989077568055,0.056352989077568055
2013-05-31 01:30:00,0.006,0.08887313,0.08287313306331634,0.08287313306331634
2013-05-31 02:00:00,0.012,0.07803411,0.06603411036729813,0.06603411036729813
2013-05-31 02:30:00,0.036,0.08029196,0.04429195666313172,0.04429195666313172
2013-05-31 03:00:00,0.018,0.09116736,0.07316736054420471,0.07316736054420471
2013-05-31 03:30:00,0.018,0.09116736,0.07316736054420471,0.07316736054420471
2013-05-31 04:00:00,0.031,0.10219094,0.07119094157218933,0.07119094157218933
2013-05-31 04:30:00,0.018,0.09382999,0.07582998943328857,0.07582998943328857
2013-05-31 05:00:00,0.018,0.09382999,0.07582998943328857,0.07582998943328857
2013-05-31 05:30:00,0.018,0.09382999,0.07582998943328857,0.07582998943328857
2013-05-31 06:00:00,0.006,0.097993076,0.09199307584762573,0.09199307584762573
2013-05-31 06:30:00,0.024,0.15153141,0.1275314131975174,0.1275314131975174
2013-05-31 07:00:00,0.0209999999999999,0.51837903,0.497379032611847,0.497379032611847
2013-05-31 07:30:00,3.742,3.6389308,-0.1030692024230957,0.1030692024230957
2013-05-31 08:00:00,17.094,16.631296,-0.46270384216308713,0.46270384216308713
2013-05-31 08:30:00,35.981,34.87275,-1.1082506713867204,1.1082506713867204
2013-05-31 09:00:00,57.384,57.319714,-0.06428640747070347,0.06428640747070347
2013-05-31 09:30:00,78.398,82.63093,4.232928039550785,4.232928039550785
2013-05-31 10:00:00,95.97,98.56383,2.5938275146484386,2.5938275146484386
2013-05-31 10:30:00,110.784,115.54086,4.756863037109369,4.756863037109369
2013-05-31 11:00:00,120.546,126.59214,6.0461401977539,6.0461401977539
2013-05-31 11:30:00,126.791,125.677055,-1.113944641113278,1.113944641113278
2013-05-31 12:00:00,129.922,129.10031,-0.821688720703122,0.821688720703122
2013-05-31 12:30:00,130.404,129.06322,-1.3407828369140589,1.3407828369140589
2013-05-31 13:00:00,126.429,129.76721,3.338211914062498,3.338211914062498
2013-05-31 13:30:00,119.019,123.98372,4.964718872070307,4.964718872070307
2013-05-31 14:00:00,107.416,108.906784,1.4907840576171907,1.4907840576171907
2013-05-31 14:30:00,90.981,96.0937,5.112696594238287,5.112696594238287
2013-05-31 15:00:00,70.14,73.112274,2.9722741699218744,2.9722741699218744
2013-05-31 15:30:00,46.308,50.9985,4.6905008239746095,4.6905008239746095
2013-05-31 16:00:00,25.189,28.815956,3.626956115722656,3.626956115722656
2013-05-31 16:30:00,8.395,10.372039,1.977038841247559,1.977038841247559
2013-05-31 17:00:00,0.568,0.90499765,0.3369976468086243,0.3369976468086243
2013-05-31 17:30:00,0.025,-0.07098266,-0.0959826573729515,0.0959826573729515
2013-05-31 18:00:00,0.012,-0.16332775,-0.17532775354385377,0.17532775354385377
2013-05-31 18:30:00,0.025,-0.1763854,-0.20138540267944335,0.20138540267944335
2013-05-31 19:00:00,0.025,-0.15807562,-0.18307561576366424,0.18307561576366424
2013-05-31 19:30:00,0.037,-0.15508851,-0.19208851408958436,0.19208851408958436
2013-05-31 20:00:00,0.006,0.0056117843,-0.00038821570947766317,0.00038821570947766317
2013-05-31 20:30:00,0.024,0.004970496,-0.01902950394526124,0.01902950394526124
2013-05-31 21:00:00,0.024,0.0027760637,-0.021223936254158617,0.021223936254158617
2013-05-31 21:30:00,0.012,0.0027760637,-0.009223936254158616,0.009223936254158616
2013-05-31 22:00:00,0.025,0.00079231465,-0.02420768535230309,0.02420768535230309
2013-05-31 22:30:00,0.031,0.00079231465,-0.030207685352303087,0.030207685352303087
2013-05-31 23:00:00,0.044,0.046068173,0.0020681729018688227,0.0020681729018688227
2013-05-31 23:30:00,0.007,0.046068173,0.03906817290186882,0.03906817290186882
2013-06-01 00:00:00,0.024,-0.0036556202,-0.027655620152130723,0.027655620152130723
2013-06-01 00:30:00,0.012,-0.0036556202,-0.015655620152130723,0.015655620152130723
2013-06-01 01:00:00,0.013,-0.039777517,-0.052777517318725584,0.052777517318725584
2013-06-01 01:30:00,0.018,-0.037257373,-0.0552573733329773,0.0552573733329773
2013-06-01 02:00:00,0.012,-0.037770342,-0.0497703420817852,0.0497703420817852
2013-06-01 02:30:00,0.018,-0.039505526,-0.05750552642345429,0.05750552642345429
2013-06-01 03:00:00,0.006,-0.038992558,-0.044992557674646376,0.044992557674646376
2013-06-01 03:30:00,0.012,-0.038992558,-0.050992557674646374,0.050992557674646374
2013-06-01 04:00:00,0.006,0.009020613,0.0030206125751137732,0.0030206125751137732
2013-06-01 04:30:00,0.0,0.00065966055,0.0006596605526283383,0.0006596605526283383
2013-06-01 05:00:00,0.018,0.012117839,-0.005882160581648348,0.005882160581648348
2013-06-01 05:30:00,0.037,0.012117839,-0.024882160581648348,0.024882160581648348
2013-06-01 06:00:00,0.018,0.012117839,-0.005882160581648348,0.005882160581648348
2013-06-01 06:30:00,0.006,0.023255534,0.01725553447008133,0.01725553447008133
2013-06-01 07:00:00,0.014,0.09575888,0.08175887769460678,0.08175887769460678
2013-06-01 07:30:00,1.354,3.2154145,1.861414524078369,1.861414524078369
2013-06-01 08:00:00,9.726,8.472244,-1.2537557373046884,1.2537557373046884
2013-06-01 08:30:00,23.925,18.483679,-5.441321182250977,5.441321182250977
2013-06-01 09:00:00,38.431,34.467773,-3.9632265624999974,3.9632265624999974
2013-06-01 09:30:00,52.084,51.354897,-0.7291034545898469,0.7291034545898469
2013-06-01 10:00:00,60.264,67.6504,7.386398254394528,7.386398254394528
2013-06-01 10:30:00,67.61,71.5454,3.9354025268554693,3.9354025268554693
2013-06-01 11:00:00,79.743,77.73987,-2.003131835937495,2.003131835937495
2013-06-01 11:30:00,81.844,89.01293,7.168931823730475,7.168931823730475
2013-06-01 12:00:00,68.131,82.57845,14.447453063964844,14.447453063964844
2013-06-01 12:30:00,52.687,70.98288,18.295879638671877,18.295879638671877
2013-06-01 13:00:00,48.899,55.87521,6.9762098083496085,6.9762098083496085
2013-06-01 13:30:00,46.075,44.306915,-1.7680847167968778,1.7680847167968778
2013-06-01 14:00:00,30.387,43.182407,12.79540737915039,12.79540737915039
2013-06-01 14:30:00,14.127,29.76179,15.634789321899413,15.634789321899413
2013-06-01 15:00:00,6.355,10.873976,4.518975753784179,4.518975753784179
2013-06-01 15:30:00,3.131,7.634243,4.503243011474609,4.503243011474609
2013-06-01 16:00:00,0.834,4.342339,3.508339038848877,3.508339038848877
2013-06-01 16:30:00,0.038,1.9279253,1.8899253482818603,1.8899253482818603
2013-06-01 17:00:00,0.006,-0.15307559,-0.15907559072971345,0.15907559072971345
2013-06-01 17:30:00,0.032,-0.25108442,-0.2830844171047211,0.2830844171047211
2013-06-01 18:00:00,0.014,-0.19830534,-0.21230533862113954,0.21230533862113954
2013-06-01 18:30:00,0.013,-0.19808327,-0.21108326661586763,0.21108326661586763
2013-06-01 19:00:00,0.024,-0.1345045,-0.158504497051239,0.158504497051239
2013-06-01 19:30:00,0.019,-0.14779083,-0.16679083430767058,0.16679083430767058
2013-06-01 20:00:00,0.013,-0.08928682,-0.10228681910037994,0.10228681910037994
2013-06-01 20:30:00,0.019,-0.08992808,-0.10892808312177658,0.10892808312177658
2013-06-01 21:00:00,0.001,-0.08652025,-0.0875202471613884,0.0875202471613884
2013-06-01 21:30:00,0.024,-0.08652025,-0.11052024716138839,0.11052024716138839
2013-06-01 22:00:00,0.031,-0.08652025,-0.1175202471613884,0.1175202471613884
2013-06-01 22:30:00,0.018,-0.08652025,-0.1045202471613884,0.1045202471613884
2013-06-01 23:00:00,0.025,-0.08652025,-0.11152024716138839,0.11152024716138839
2013-06-01 23:30:00,0.013,-0.08652025,-0.0995202471613884,0.0995202471613884
2013-06-02 00:00:00,0.012,-0.08930181,-0.10130180966854095,0.10130180966854095
2013-06-02 00:30:00,0.037,-0.08930181,-0.12630180966854096,0.12630180966854096
2013-06-02 01:00:00,0.007,-0.08830794,-0.0953079394698143,0.0953079394698143
2013-06-02 01:30:00,0.024,-0.08830794,-0.1123079394698143,0.1123079394698143
2013-06-02 02:00:00,0.012,-0.08830794,-0.1003079394698143,0.1003079394698143
2013-06-02 02:30:00,0.026,-0.09004312,-0.11604312008619308,0.11604312008619308
2013-06-02 03:00:00,0.006,-0.104392886,-0.1103928861618042,0.1103928861618042
2013-06-02 03:30:00,0.024,-0.104392886,-0.1283928861618042,0.1283928861618042
2013-06-02 04:00:00,0.0,-0.09070067,-0.0907006710767746,0.0907006710767746
2013-06-02 04:30:00,0.012,-0.09924816,-0.11124816340208053,0.11124816340208053
2013-06-02 05:00:00,0.012,-0.100905225,-0.11290522468090057,0.11290522468090057
2013-06-02 05:30:00,0.03,-0.09924816,-0.12924816340208053,0.12924816340208053
2013-06-02 06:00:00,0.036,-0.19037905,-0.2263790533542633,0.2263790533542633
2013-06-02 06:30:00,0.025,-0.2211209,-0.2461208939552307,0.2461208939552307
2013-06-02 07:00:00,0.026,-0.073740475,-0.09974047487974166,0.09974047487974166
2013-06-02 07:30:00,0.018,1.0406857,1.0226856536865234,1.0226856536865234
2013-06-02 08:00:00,0.574,1.5493671,0.9753670701980591,0.9753670701980591
2013-06-02 08:30:00,1.051,1.8681393,0.8171392669677735,0.8171392669677735
2013-06-02 09:00:00,1.23,3.7666953,2.536695261001587,2.536695261001587
2013-06-02 09:30:00,4.086,4.2902665,0.2042665138244626,0.2042665138244626
2013-06-02 10:00:00,11.087,7.21072,-3.8762799377441404,3.8762799377441404
2013-06-02 10:30:00,18.377,17.97409,-0.4029094238281239,0.4029094238281239
2013-06-02 11:00:00,16.874,22.362226,5.488226486206056,5.488226486206056
2013-06-02 11:30:00,10.34,22.414152,12.074152145385742,12.074152145385742
2013-06-02 12:00:00,3.87,15.163463,11.29346263885498,11.29346263885498
2013-06-02 12:30:00,1.988,8.622958,6.634958183288575,6.634958183288575
2013-06-02 13:00:00,3.084,6.6095443,3.525544277191162,3.525544277191162
2013-06-02 13:30:00,6.234,6.6833572,0.44935723876953126,0.44935723876953126
2013-06-02 14:00:00,10.483,10.3129,-0.17010041046142632,0.17010041046142632
2013-06-02 14:30:00,19.407,10.737135,-8.66986506652832,8.66986506652832
2013-06-02 15:00:00,28.55,22.169846,-6.380154418945313,6.380154418945313
2013-06-02 15:30:00,31.116,28.514513,-2.6014869842529293,2.6014869842529293
2013-06-02 16:00:00,22.297,24.431808,2.134808471679687,2.134808471679687
2013-06-02 16:30:00,10.89,10.258169,-0.6318308258056646,0.6318308258056646
2013-06-02 17:00:00,0.667,1.7262847,1.0592847423553466,1.0592847423553466
2013-06-02 17:30:00,0.019,0.14212605,0.12312605357170105,0.12312605357170105
2013-06-02 18:00:00,0.018,-0.09027352,-0.10827352184057236,0.10827352184057236
2013-06-02 18:30:00,0.018,-0.12371303,-0.14171303141117095,0.14171303141117095
2013-06-02 19:00:00,0.018,-0.09923207,-0.11723207014799118,0.11723207014799118
2013-06-02 19:30:00,0.007,-0.10672829,-0.11372829300165177,0.11372829300165177
2013-06-02 20:00:00,0.007,-0.10724742,-0.11424741965532303,0.11424741965532303
2013-06-02 20:30:00,0.024,-0.11241218,-0.1364121770262718,0.1364121770262718
2013-06-02 21:00:00,0.032,-0.06594001,-0.0979400075674057,0.0979400075674057
2013-06-02 21:30:00,0.013,-0.07110478,-0.08410477983951568,0.08410477983951568
2013-06-02 22:00:00,0.012,-0.06766704,-0.07966703724861145,0.07966703724861145
2013-06-02 22:30:00,0.025,-0.07283181,-0.09783180952072143,0.09783180952072143
2013-06-02 23:00:00,0.025,-0.059828166,-0.08482816591858863,0.08482816591858863
2013-06-02 23:30:00,0.038,-0.064992934,-0.10299293446540833,0.10299293446540833
2013-06-03 00:00:00,0.019,-0.05823433,-0.0772343302667141,0.0772343302667141
2013-06-03 00:30:00,0.03,-0.06003693,-0.09003693118691444,0.09003693118691444
2013-06-03 01:00:00,0.018,-0.05024528,-0.06824528130888939,0.06824528130888939
2013-06-03 01:30:00,0.019,-0.05204789,-0.07104788967967034,0.07104788967967034
2013-06-03 02:00:00,0.007,0.4841905,0.47719049382209777,0.47719049382209777
2013-06-03 02:30:00,0.018,0.48259315,0.46459314894676207,0.46459314894676207
2013-06-03 03:00:00,0.03,0.5038709,0.47387090444564817,0.47387090444564817
2013-06-03 03:30:00,0.012,0.5020682,0.49006822156906127,0.49006822156906127
2013-06-03 04:00:00,0.024,0.5190576,0.49505757188796995,0.49505757188796995
2013-06-03 04:30:00,0.019,0.50705045,0.4880504546165466,0.4880504546165466
2013-06-03 05:00:00,0.0,0.68483424,0.6848342418670654,0.6848342418670654
2013-06-03 05:30:00,0.03,0.68303156,0.6530315589904785,0.6530315589904785
2013-06-03 06:00:00,0.012,0.5811293,0.5691293125152588,0.5691293125152588
2013-06-03 06:30:00,0.025,0.61512893,0.5901289343833923,0.5901289343833923
2013-06-03 07:00:00,0.018,1.0475978,1.0295977659225464,1.0295977659225464
2013-06-03 07:30:00,2.039,2.9494095,0.9104094848632811,0.9104094848632811
2013-06-03 08:00:00,12.385,9.807659,-2.577340850830078,2.577340850830078
2013-06-03 08:30:00,28.089,21.314613,-6.774386657714842,6.774386657714842
2013-06-03 09:00:00,48.414,51.138645,2.724645172119139,2.724645172119139
2013-06-03 09:30:00,57.528,67.41223,9.884231445312501,9.884231445312501
2013-06-03 10:00:00,73.864,77.01871,3.1547072753906207,3.1547072753906207
2013-06-03 10:30:00,93.913,91.95395,-1.9590510253906217,1.9590510253906217
2013-06-03 11:00:00,106.55,110.24075,3.690753173828128,3.690753173828128
2013-06-03 11:30:00,108.929,119.00852,10.079522033691404,10.079522033691404
2013-06-03 12:00:00,105.953,112.026505,6.0735045166015595,6.0735045166015595
2013-06-03 12:30:00,111.915,113.860695,1.9456948852539,1.9456948852539
2013-06-03 13:00:00,116.754,120.20018,3.4461800537109326,3.4461800537109326
2013-06-03 13:30:00,120.728,115.438644,-5.289355590820307,5.289355590820307
2013-06-03 14:00:00,110.917,113.73934,2.822341735839842,2.822341735839842
2013-06-03 14:30:00,94.062,104.58911,10.527111328125002,10.527111328125002
2013-06-03 15:00:00,72.201,79.57462,7.373623107910163,7.373623107910163
2013-06-03 15:30:00,49.139,50.703197,1.564197479248044,1.564197479248044
2013-06-03 16:00:00,26.008,27.987318,1.9793180389404306,1.9793180389404306
2013-06-03 16:30:00,8.644,10.7891865,2.1451864776611327,2.1451864776611327
2013-06-03 17:00:00,1.045,1.5235124,0.47851236343383796,0.47851236343383796
2013-06-03 17:30:00,0.013,0.19113521,0.1781352127790451,0.1781352127790451
2013-06-03 18:00:00,0.002,0.07021408,0.06821407783031463,0.06821407783031463
2013-06-03 18:30:00,0.036,0.03125976,-0.004740239739418027,0.004740239739418027
2013-06-03 19:00:00,0.006,0.03341347,0.027413469791412355,0.027413469791412355
2013-06-03 19:30:00,0.018,0.03640053,0.018400530487298967,0.018400530487298967
2013-06-03 20:00:00,0.013,0.0107338475,-0.002266152493655681,0.002266152493655681
2013-06-03 20:30:00,0.012,0.010235607,-0.0017643933072686198,0.0017643933072686198
2013-06-03 21:00:00,0.024,0.03789139,0.013891391664743423,0.013891391664743423
2013-06-03 21:30:00,0.018,0.03789139,0.019891391664743425,0.019891391664743425
2013-06-03 22:00:00,0.019,0.0416963,0.022696298867464066,0.022696298867464066
2013-06-03 22:30:00,0.031,0.0416963,0.010696298867464066,0.010696298867464066
2013-06-03 23:00:00,0.031,0.04118333,0.010183330118656159,0.010183330118656159
2013-06-03 23:30:00,0.012,0.04118333,0.029183330118656158,0.029183330118656158
2013-06-04 00:00:00,0.001,0.041317202,0.040317202150821685,0.040317202150821685
2013-06-04 00:30:00,0.024,0.044520717,0.02052071711421013,0.02052071711421013
2013-06-04 01:00:00,0.031,0.04177099,0.010770990937948227,0.010770990937948227
2013-06-04 01:30:00,0.03,0.044291135,0.014291134923696519,0.014291134923696519
2013-06-04 02:00:00,0.03,0.044291135,0.014291134923696519,0.014291134923696519
2013-06-04 02:30:00,0.006,0.046548974,0.04054897376894951,0.04054897376894951
2013-06-04 03:00:00,0.018,0.057424378,0.039424377650022505,0.039424377650022505
2013-06-04 03:30:00,0.036,0.057424378,0.02142437765002251,0.02142437765002251
2013-06-04 04:00:00,0.03,0.07261104,0.04261104136705399,0.04261104136705399
2013-06-04 04:30:00,0.024,0.06425006,0.04025005942583084,0.04025005942583084
2013-06-04 05:00:00,0.024,0.10441412,0.08041412031650544,0.08041412031650544
2013-06-04 05:30:00,0.012,0.10441412,0.09241412031650544,0.09241412031650544
2013-06-04 06:00:00,0.019,0.06472366,0.0457236630320549,0.0457236630320549
2013-06-04 06:30:00,0.007,0.10052597,0.09352596777677535,0.09352596777677535
2013-06-04 07:00:00,0.024,0.4429845,0.41898449158668516,0.41898449158668516
2013-06-04 07:30:00,1.188,3.2246401,2.0366401309967044,2.0366401309967044
2013-06-04 08:00:00,9.828,10.436899,0.6088991851806647,0.6088991851806647
2013-06-04 08:30:00,25.24,24.96248,-0.2775194549560531,0.2775194549560531
2013-06-04 09:00:00,40.468,45.535164,5.067163879394528,5.067163879394528
2013-06-04 09:30:00,62.605,65.904884,3.2998843383789094,3.2998843383789094
2013-06-04 10:00:00,84.06,82.492775,-1.567225036621096,1.567225036621096
2013-06-04 10:30:00,94.9,104.58148,9.681481933593744,9.681481933593744
2013-06-04 11:00:00,108.121,109.74053,1.6195319213867236,1.6195319213867236
2013-06-04 11:30:00,114.213,122.63287,8.419873535156256,8.419873535156256
2013-06-04 12:00:00,119.982,117.43603,-2.5459724731445306,2.5459724731445306
2013-06-04 12:30:00,126.148,123.53817,-2.6098301391601524,2.6098301391601524
2013-06-04 13:00:00,117.599,127.7731,10.174101806640621,10.174101806640621
2013-06-04 13:30:00,109.195,115.81517,6.620170288085944,6.620170288085944
2013-06-04 14:00:00,102.629,104.90928,2.2802788696289014,2.2802788696289014
2013-06-04 14:30:00,83.937,89.364685,5.427685058593752,5.427685058593752
2013-06-04 15:00:00,59.708,62.146824,2.438823883056642,2.438823883056642
2013-06-04 15:30:00,40.288,43.294704,3.0067044372558627,3.0067044372558627
2013-06-04 16:00:00,24.594,23.894722,-0.6992780151367199,0.6992780151367199
2013-06-04 16:30:00,7.043,10.414581,3.371581298828125,3.371581298828125
2013-06-04 17:00:00,0.378,1.1431903,0.7651902647018433,0.7651902647018433
2013-06-04 17:30:00,0.019,0.02119583,0.0021958307772874837,0.0021958307772874837
2013-06-04 18:00:00,0.037,-0.00095997314,-0.03795997314201668,0.03795997314201668
2013-06-04 18:30:00,0.007,-0.03175372,-0.038753718852996825,0.038753718852996825
2013-06-04 19:00:00,0.018,-0.04308971,-0.06108971017599106,0.06108971017599106
2013-06-04 19:30:00,0.012,-0.040102653,-0.05210265320539474,0.05210265320539474
2013-06-04 20:00:00,0.025,-0.024731632,-0.049731632322072984,0.049731632322072984
2013-06-04 20:30:00,0.018,-0.025372911,-0.043372911244630816,0.043372911244630816
2013-06-04 21:00:00,0.006,-0.0021188953,-0.008118895296007395,0.008118895296007395
2013-06-04 21:30:00,0.042,-0.0021188953,-0.0441188952960074,0.0441188952960074
2013-06-04 22:00:00,0.025,-0.036278374,-0.0612783744931221,0.0612783744931221
2013-06-04 22:30:00,0.006,-0.036278374,-0.0422783744931221,0.0422783744931221
2013-06-04 23:00:00,0.03,-0.019980382,-0.04998038217425346,0.04998038217425346
2013-06-04 23:30:00,0.012,-0.019980382,-0.03198038217425346,0.03198038217425346
2013-06-05 00:00:00,0.018,-0.009267301,-0.02726730129867792,0.02726730129867792
2013-06-05 00:30:00,0.03,-0.009267301,-0.03926730129867792,0.03926730129867792
2013-06-05 01:00:00,0.025,0.043107357,0.01810735687613487,0.01810735687613487
2013-06-05 01:30:00,0.018,0.0456275,0.027627500861883165,0.027627500861883165
2013-06-05 02:00:00,0.036,0.0428665,0.00686649823188782,0.00686649823188782
2013-06-05 02:30:00,0.018,0.045124337,0.02712433707714081,0.02712433707714081
2013-06-05 03:00:00,0.006,0.04788534,0.041885339707136156,0.041885339707136156
2013-06-05 03:30:00,0.031,0.04788534,0.016885339707136154,0.016885339707136154
2013-06-05 04:00:00,0.018,0.025334291,0.00733429116010666,0.00733429116010666
2013-06-05 04:30:00,0.012,0.016973339,0.004973339021205902,0.004973339021205902
2013-06-05 05:00:00,0.012,0.031169865,0.019169865280389786,0.019169865280389786
2013-06-05 05:30:00,0.018,0.031169865,0.013169865280389787,0.013169865280389787
2013-06-05 06:00:00,0.006,0.016973339,0.010973339021205902,0.010973339021205902
2013-06-05 06:30:00,0.024,0.04696005,0.022960048377513885,0.022960048377513885
2013-06-05 07:00:00,0.007,0.078338906,0.07133890616893768,0.07133890616893768
2013-06-05 07:30:00,1.376,2.4427953,1.0667952766418458,1.0667952766418458
2013-06-05 08:00:00,7.921,9.462128,1.5411276855468747,1.5411276855468747
2013-06-05 08:30:00,17.251,20.20921,2.9582094421386707,2.9582094421386707
2013-06-05 09:00:00,21.516,28.70625,7.190249237060549,7.190249237060549
2013-06-05 09:30:00,24.644,29.628948,4.9849482116699235,4.9849482116699235
2013-06-05 10:00:00,38.793,28.699066,-10.093933837890624,10.093933837890624
2013-06-05 10:30:00,75.796,47.37914,-28.416861053466803,28.416861053466803
2013-06-05 11:00:00,96.319,91.036285,-5.282714599609378,5.282714599609378
2013-06-05 11:30:00,91.138,106.80086,15.662857543945307,15.662857543945307
2013-06-05 12:00:00,108.236,94.92025,-13.31575006103516,13.31575006103516
2013-06-05 12:30:00,102.521,104.758995,2.237995056152343,2.237995056152343
2013-06-05 13:00:00,83.027,94.2419,11.214897583007811,11.214897583007811
2013-06-05 13:30:00,67.099,79.178955,12.079955078124996,12.079955078124996
2013-06-05 14:00:00,63.227,61.240093,-1.9869067687988249,1.9869067687988249
2013-06-05 14:30:00,42.946,53.987865,11.041865447998049,11.041865447998049
2013-06-05 15:00:00,40.486,38.093338,-2.3926619873046846,2.3926619873046846
2013-06-05 15:30:00,30.166,32.19656,2.030559906005859,2.030559906005859
2013-06-05 16:00:00,14.222,19.830559,5.608558776855469,5.608558776855469
2013-06-05 16:30:00,5.598,7.776539,2.1785388488769533,2.1785388488769533
2013-06-05 17:00:00,0.257,0.9587425,0.7017424993515015,0.7017424993515015
2013-06-05 17:30:00,0.012,0.07593246,0.06393245804309845,0.06393245804309845
2013-06-05 18:00:00,0.036,0.047376417,0.01137641662359238,0.01137641662359238
2013-06-05 18:30:00,0.006,0.029759943,0.02375994348526001,0.02375994348526001
2013-06-05 19:00:00,0.006,0.010020011,0.004020011104643345,0.004020011104643345
2013-06-05 19:30:00,0.013,0.013007064,7.0643499493604905e-06,7.0643499493604905e-06
2013-06-05 20:00:00,0.03,0.029481279,-0.0005187212675809849,0.0005187212675809849
2013-06-05 20:30:00,0.019,0.028839987,0.009839986771345139,0.009839986771345139
2013-06-05 21:00:00,0.024,0.027013127,0.003013126760721206,0.003013126760721206
2013-06-05 21:30:00,0.025,0.027013127,0.0020131267607212053,0.0020131267607212053
2013-06-05 22:00:00,0.031,0.056058068,0.025058067828416825,0.025058067828416825
2013-06-05 22:30:00,0.012,0.056058068,0.04405806782841683,0.04405806782841683
2013-06-05 23:00:00,0.02,0.056058068,0.03605806782841682,0.03605806782841682
2013-06-05 23:30:00,0.022,0.056058068,0.034058067828416826,0.034058067828416826
2013-06-06 00:00:00,0.013,0.048043847,0.03504384708404541,0.03504384708404541
2013-06-06 00:30:00,0.018,0.048043847,0.03004384708404541,0.03004384708404541
2013-06-06 01:00:00,0.012,0.066976175,0.054976174712181095,0.054976174712181095
2013-06-06 01:30:00,0.012,0.06949632,0.057496318697929386,0.057496318697929386
2013-06-06 02:00:00,0.018,0.06949632,0.05149631869792938,0.05149631869792938
2013-06-06 02:30:00,0.024,0.071754165,0.04775416499376297,0.04775416499376297
2013-06-06 03:00:00,0.013,0.08005908,0.06705908131599427,0.06705908131599427
2013-06-06 03:30:00,0.024,0.08005908,0.05605908131599426,0.05605908131599426
2013-06-06 04:00:00,0.024,0.1119979,0.08799790239334107,0.08799790239334107
2013-06-06 04:30:00,0.018,0.10363694,0.08563694280385971,0.08563694280385971
2013-06-06 05:00:00,0.03,0.069159195,0.039159194827079774,0.039159194827079774
2013-06-06 05:30:00,0.025,0.069159195,0.04415919482707977,0.04415919482707977
2013-06-06 06:00:00,0.056,0.060712714,0.004712713748216628,0.004712713748216628
2013-06-06 06:30:00,0.006,0.10616382,0.10016382211446762,0.10016382211446762
2013-06-06 07:00:00,0.012,0.19113685,0.17913685190677642,0.17913685190677642
2013-06-06 07:30:00,1.077,2.2119584,1.134958408355713,1.134958408355713
2013-06-06 08:00:00,7.79,8.823174,1.0331744766235351,1.0331744766235351
2013-06-06 08:30:00,21.022,18.404955,-2.617045089721678,2.617045089721678
2013-06-06 09:00:00,36.278,35.228817,-1.0491830139160143,1.0491830139160143
2013-06-06 09:30:00,56.357,50.89501,-5.461988098144531,5.461988098144531
2013-06-06 10:00:00,65.609,71.50544,5.896439758300787,5.896439758300787
2013-06-06 10:30:00,61.912,78.67571,16.76371258544922,16.76371258544922
2013-06-06 11:00:00,59.045,70.74284,11.697843627929686,11.697843627929686
2013-06-06 11:30:00,50.13,65.81917,15.68916809082031,15.68916809082031
2013-06-06 12:00:00,46.647,51.168667,4.521666839599611,4.521666839599611
2013-06-06 12:30:00,54.502,49.88246,-4.61953845214844,4.61953845214844
2013-06-06 13:00:00,42.213,55.11611,12.903111755371093,12.903111755371093
2013-06-06 13:30:00,31.495,44.180393,12.68539321899414,12.68539321899414
2013-06-06 14:00:00,26.154,32.486553,6.332553192138672,6.332553192138672
2013-06-06 14:30:00,18.086,23.047606,4.961605514526369,4.961605514526369
2013-06-06 15:00:00,9.87,14.682174,4.812173728942872,4.812173728942872
2013-06-06 15:30:00,5.425,10.325446,4.900446128845215,4.900446128845215
2013-06-06 16:00:00,2.512,9.828813,7.3168125991821285,7.3168125991821285
2013-06-06 16:30:00,0.574,6.132046,5.558046222686768,5.558046222686768
2013-06-06 17:00:00,0.019,-0.05175213,-0.07075213143229485,0.07075213143229485
2013-06-06 17:30:00,0.007,-0.021048939,-0.02804893885552883,0.02804893885552883
2013-06-06 18:00:00,0.018,-0.08471409,-0.10271409231424332,0.10271409231424332
2013-06-06 18:30:00,0.012,-0.08471409,-0.09671409231424331,0.09671409231424331
2013-06-06 19:00:00,0.006,-0.08899801,-0.09499801224470139,0.09499801224470139
2013-06-06 19:30:00,0.012,-0.08623302,-0.09823301982879638,0.09823301982879638
2013-06-06 20:00:00,0.048,-0.071230665,-0.11923066484928131,0.11923066484928131
2013-06-06 20:30:00,0.024,-0.071871944,-0.09587194377183914,0.09587194377183914
2013-06-06 21:00:00,0.012,-0.063219346,-0.0752193461060524,0.0752193461060524
2013-06-06 21:30:00,0.012,-0.063219346,-0.0752193461060524,0.0752193461060524
2013-06-06 22:00:00,0.025,-0.06372331,-0.08872331082820892,0.08872331082820892
2013-06-06 22:30:00,0.027,-0.06372331,-0.09072331082820892,0.09072331082820892
2013-06-06 23:00:00,0.006,-0.019040672,-0.025040672108530997,0.025040672108530997
2013-06-06 23:30:00,0.025,-0.019040672,-0.044040672108531,0.044040672108531
2013-06-07 00:00:00,0.024,-0.019040672,-0.043040672108531,0.043040672108531
2013-06-07 00:30:00,0.0,-0.019040672,-0.019040672108530998,0.019040672108530998
2013-06-07 01:00:00,0.012,-0.019040672,-0.031040672108531,0.031040672108531
2013-06-07 01:30:00,0.024,-0.016520536,-0.040520535573363305,0.040520535573363305
2013-06-07 02:00:00,0.025,-0.0049519064,-0.02995190639048815,0.02995190639048815
2013-06-07 02:30:00,0.03,-0.0026940648,-0.03269406475126743,0.03269406475126743
2013-06-07 03:00:00,0.006,-0.0026940648,-0.008694064751267433,0.008694064751267433
2013-06-07 03:30:00,0.03,-0.0026940648,-0.03269406475126743,0.03269406475126743
2013-06-07 04:00:00,0.018,-0.002674887,-0.02067488695681095,0.02067488695681095
2013-06-07 04:30:00,0.0,-0.011035842,-0.011035841889679432,0.011035841889679432
2013-06-07 05:00:00,0.006,-0.38003823,-0.38603823161125184,0.38603823161125184
2013-06-07 05:30:00,0.024,-0.38003823,-0.40403823161125185,0.40403823161125185
2013-06-07 06:00:00,0.019,-0.35389137,-0.3728913726806641,0.3728913726806641
2013-06-07 06:30:00,0.019,-0.3499857,-0.36898568892478945,0.36898568892478945
2013-06-07 07:00:00,0.031,-0.13353121,-0.16453121280670166,0.16453121280670166
2013-06-07 07:30:00,0.044,1.9052685,1.8612685499191284,1.8612685499191284
2013-06-07 08:00:00,0.912,3.5269148,2.6149148349761964,2.6149148349761964
2013-06-07 08:30:00,3.888,4.8916683,1.0036683197021485,1.0036683197021485
2013-06-07 09:00:00,8.083,7.174737,-0.908263023376465,0.908263023376465
2013-06-07 09:30:00,12.772,11.53068,-1.2413202972412112,1.2413202972412112
2013-06-07 10:00:00,14.822,17.909231,3.0872311859130868,3.0872311859130868
2013-06-07 10:30:00,23.511,23.479605,-0.031395278930663295,0.031395278930663295
2013-06-07 11:00:00,39.671,28.898489,-10.772511001586913,10.772511001586913
2013-06-07 11:30:00,57.199,46.140392,-11.058607696533201,11.058607696533201
2013-06-07 12:00:00,54.119,69.66787,15.548869567871094,15.548869567871094
2013-06-07 12:30:00,63.19,59.972725,-3.2172750854492165,3.2172750854492165
2013-06-07 13:00:00,51.448,69.00244,17.55444140625,17.55444140625
2013-06-07 13:30:00,52.362,54.381073,2.019072998046873,2.019072998046873
2013-06-07 14:00:00,54.063,50.57329,-3.4897082214355493,3.4897082214355493
2013-06-07 14:30:00,52.819,45.993584,-6.825416320800784,6.825416320800784
2013-06-07 15:00:00,42.885,46.099068,3.2140676879882832,3.2140676879882832
2013-06-07 15:30:00,29.398,30.108643,0.7106425781250003,0.7106425781250003
2013-06-07 16:00:00,15.055,19.671515,4.616514511108399,4.616514511108399
2013-06-07 16:30:00,3.493,7.855205,4.362205059051513,4.362205059051513
2013-06-07 17:00:00,0.108,1.068391,0.960390965461731,0.960390965461731
2013-06-07 17:30:00,0.018,0.2569952,0.23899520111083986,0.23899520111083986
2013-06-07 18:00:00,0.024,-0.14085703,-0.1648570259809494,0.1648570259809494
2013-06-07 18:30:00,0.013,-0.15058613,-0.1635861282348633,0.1635861282348633
2013-06-07 19:00:00,0.026,-0.1816954,-0.20769540166854858,0.20769540166854858
2013-06-07 19:30:00,0.006,-0.17870834,-0.18470834469795228,0.18470834469795228
2013-06-07 20:00:00,0.024,-0.007759032,-0.03175903183966875,0.03175903183966875
2013-06-07 20:30:00,0.006,-0.008400313,-0.014400312624871731,0.014400312624871731
2013-06-07 21:00:00,0.027,0.015346437,-0.011653563238680362,0.011653563238680362
2013-06-07 21:30:00,0.03,0.015346437,-0.014653563238680362,0.014653563238680362
2013-06-07 22:00:00,0.018,0.03941199,0.021411991834640504,0.021411991834640504
2013-06-07 22:30:00,0.027,0.03941199,0.012411991834640503,0.012411991834640503
2013-06-07 23:00:00,0.024,0.0470612,0.02306120118498802,0.02306120118498802
2013-06-07 23:30:00,0.025,0.0470612,0.02206120118498802,0.02206120118498802
2013-06-08 00:00:00,0.026,0.037730873,0.011730872631073,0.011730872631073
2013-06-08 00:30:00,0.013,0.037730873,0.024730872631073,0.024730872631073
2013-06-08 01:00:00,0.0,0.036055975,0.036055974662303925,0.036055974662303925
2013-06-08 01:30:00,0.024,0.03857612,0.014576118648052215,0.014576118648052215
2013-06-08 02:00:00,0.042,0.020124257,-0.02187574338912964,0.02187574338912964
2013-06-08 02:30:00,0.025,0.022382097,-0.0026179026812315,0.0026179026812315
2013-06-08 03:00:00,0.018,0.0017391038,-0.016260896187275647,0.016260896187275647
2013-06-08 03:30:00,0.03,0.0017391038,-0.028260896187275647,0.028260896187275647
2013-06-08 04:00:00,0.012,0.053101968,0.04110196802020073,0.04110196802020073
2013-06-08 04:30:00,0.024,0.044741016,0.020741015881299972,0.020741015881299972
2013-06-08 05:00:00,0.013,-0.017735584,-0.030735583707690237,0.030735583707690237
2013-06-08 05:30:00,0.018,-0.017735584,-0.03573558370769024,0.03573558370769024
2013-06-08 06:00:00,0.018,-0.017735584,-0.03573558370769024,0.03573558370769024
2013-06-08 06:30:00,0.019,0.013670539,-0.005329461447894573,0.005329461447894573
2013-06-08 07:00:00,0.03,0.1848547,0.15485470116138458,0.15485470116138458
2013-06-08 07:30:00,0.27,1.7390385,1.4690384674072265,1.4690384674072265
2013-06-08 08:00:00,3.768,3.4276404,-0.3403595619201658,0.3403595619201658
2013-06-08 08:30:00,12.049,12.289327,0.24032666778564504,0.24032666778564504
2013-06-08 09:00:00,23.813,20.313837,-3.4991629486083973,3.4991629486083973
2013-06-08 09:30:00,39.287,31.125349,-8.161650955200194,8.161650955200194
2013-06-08 10:00:00,53.589,55.359356,1.7703559265136732,1.7703559265136732
2013-06-08 10:30:00,62.41,64.38931,1.9793127441406284,1.9793127441406284
2013-06-08 11:00:00,68.539,67.97303,-0.5659699096679702,0.5659699096679702
2013-06-08 11:30:00,68.431,79.011284,10.580283874511721,10.580283874511721
2013-06-08 12:00:00,70.779,72.12257,1.3435662231445349,1.3435662231445349
2013-06-08 12:30:00,78.069,70.273315,-7.795684570312503,7.795684570312503
2013-06-08 13:00:00,70.198,78.60512,8.40711779785157,8.40711779785157
2013-06-08 13:30:00,48.737,71.932274,23.195273864746092,23.195273864746092
2013-06-08 14:00:00,36.84,41.42855,4.58855072021484,4.58855072021484
2013-06-08 14:30:00,24.818,31.851435,7.0334347076416,7.0334347076416
2013-06-08 15:00:00,20.227,22.5963,2.36930012512207,2.36930012512207
2013-06-08 15:30:00,13.665,16.4466,2.7815999603271493,2.7815999603271493
2013-06-08 16:00:00,6.192,10.248328,4.05632820892334,4.05632820892334
2013-06-08 16:30:00,1.755,6.2097054,4.454705352783203,4.454705352783203
2013-06-08 17:00:00,0.022,0.6848302,0.6628301887512207,0.6628301887512207
2013-06-08 17:30:00,0.018,0.021812059,0.0038120589852333082,0.0038120589852333082
2013-06-08 18:00:00,0.006,-0.055074677,-0.06107467687129974,0.06107467687129974
2013-06-08 18:30:00,0.036,-0.05264406,-0.0886440590620041,0.0886440590620041
2013-06-08 19:00:00,0.013,-0.037012476,-0.050012476474046705,0.050012476474046705
2013-06-08 19:30:00,0.018,-0.034247488,-0.05224748778343201,0.05224748778343201
2013-06-08 20:00:00,0.0,0.057584513,0.05758451297879219,0.05758451297879219
2013-06-08 20:30:00,0.012,0.05694321,0.04494321170449257,0.04494321170449257
2013-06-08 21:00:00,0.019,0.04461529,0.025615291059017182,0.025615291059017182
2013-06-08 21:30:00,0.031,0.04461529,0.013615291059017182,0.013615291059017182
2013-06-08 22:00:00,0.024,0.04451613,0.02051613128185272,0.02051613128185272
2013-06-08 22:30:00,0.013,0.04451613,0.031516131281852724,0.031516131281852724
2013-06-08 23:00:00,0.031,0.013879481,-0.01712051922827959,0.01712051922827959
2013-06-08 23:30:00,0.025,0.013879481,-0.011120519228279592,0.011120519228279592
2013-06-09 00:00:00,0.024,0.02919917,0.00519916994869709,0.00519916994869709
2013-06-09 00:30:00,0.012,0.02919917,0.01719916994869709,0.01719916994869709
2013-06-09 01:00:00,0.025,0.02919917,0.004199169948697089,0.004199169948697089
2013-06-09 01:30:00,0.008,0.031719312,0.023719312071800232,0.023719312071800232
2013-06-09 02:00:00,0.013,0.053869464,0.04086946350336075,0.04086946350336075
2013-06-09 02:30:00,0.019,0.056127302,0.037127302348613736,0.037127302348613736
2013-06-09 03:00:00,0.013,0.06029038,0.0472903813123703,0.0472903813123703
2013-06-09 03:30:00,0.012,0.06029038,0.048290381312370304,0.048290381312370304
2013-06-09 04:00:00,0.03,0.06295508,0.03295508146286011,0.03295508146286011
2013-06-09 04:30:00,0.055,0.05459413,-0.0004058706760406497,0.0004058706760406497
2013-06-09 05:00:00,0.018,0.05110309,0.03310308900475502,0.03310308900475502
2013-06-09 05:30:00,0.03,0.04621766,0.0162176613509655,0.0162176613509655
2013-06-09 06:00:00,0.006,0.066893995,0.06089399480819702,0.06089399480819702
2013-06-09 06:30:00,0.012,0.121264346,0.10926434594392777,0.10926434594392777
2013-06-09 07:00:00,0.0,0.37181917,0.3718191683292389,0.3718191683292389
2013-06-09 07:30:00,2.078,2.2408826,0.1628826351165773,0.1628826351165773
2013-06-09 08:00:00,12.993,10.626585,-2.366414993286133,2.366414993286133
2013-06-09 08:30:00,29.713,28.331928,-1.3810717468261728,1.3810717468261728
2013-06-09 09:00:00,51.725,49.840534,-1.8844657897949233,1.8844657897949233
2013-06-09 09:30:00,70.161,71.82599,1.6649887695312486,1.6649887695312486
2013-06-09 10:00:00,88.563,91.78062,3.217616760253904,3.217616760253904
2013-06-09 10:30:00,103.63,104.50586,0.8758593750000045,0.8758593750000045
2013-06-09 11:00:00,111.204,110.88035,-0.32365179443358727,0.32365179443358727
2013-06-09 11:30:00,118.699,117.77077,-0.9282327880859356,0.9282327880859356
2013-06-09 12:00:00,114.483,112.591484,-1.8915159301757853,1.8915159301757853
2013-06-09 12:30:00,101.873,107.334206,5.461205627441402,5.461205627441402
2013-06-09 13:00:00,81.703,91.40316,9.70016009521484,9.70016009521484
2013-06-09 13:30:00,69.245,72.90213,3.6571301269531205,3.6571301269531205
2013-06-09 14:00:00,70.904,56.249268,-14.654732421874996,14.654732421874996
2013-06-09 14:30:00,64.06700000000001,56.14983,-7.917170135498054,7.917170135498054
2013-06-09 15:00:00,46.946,47.5988,0.6528006591796895,0.6528006591796895
2013-06-09 15:30:00,34.408,31.71797,-2.6900301055908216,2.6900301055908216
2013-06-09 16:00:00,18.35,19.408943,1.0589431762695298,1.0589431762695298
2013-06-09 16:30:00,6.748,7.512431,0.7644311447143552,0.7644311447143552
2013-06-09 17:00:00,0.378,0.5439628,0.1659627766609192,0.1659627766609192
2013-06-09 17:30:00,0.013,-0.054071363,-0.06707136306166649,0.06707136306166649
2013-06-09 18:00:00,0.018,-0.064275816,-0.08227581608295441,0.08227581608295441
2013-06-09 18:30:00,0.012,-0.07733353,-0.08933353227376938,0.08933353227376938
2013-06-09 19:00:00,0.018,-0.07709434,-0.09509433883428574,0.09509433883428574
2013-06-09 19:30:00,0.026,-0.07410728,-0.10010728186368942,0.10010728186368942
2013-06-09 20:00:00,0.012,-0.024674185,-0.0366741846203804,0.0366741846203804
2013-06-09 20:30:00,0.031,-0.025315471,-0.05631547099351883,0.05631547099351883
2013-06-09 21:00:00,0.019,0.026311086,0.007311086490750313,0.007311086490750313
2013-06-09 21:30:00,0.007,0.026311086,0.019311086490750314,0.019311086490750314
2013-06-09 22:00:00,0.012,0.03024987,0.01824986945092678,0.01824986945092678
2013-06-09 22:30:00,0.024,0.03024987,0.00624986945092678,0.00624986945092678
2013-06-09 23:00:00,0.013,0.007828465,-0.005171535268425941,0.005171535268425941
2013-06-09 23:30:00,0.025,0.007828465,-0.017171535268425943,0.017171535268425943
2013-06-10 00:00:00,0.037,0.017149039,-0.01985096138715744,0.01985096138715744
2013-06-10 00:30:00,0.024,0.017149039,-0.006850961387157441,0.006850961387157441
2013-06-10 01:00:00,0.024,0.017049527,-0.0069504732042551046,0.0069504732042551046
2013-06-10 01:30:00,0.012,0.019569676,0.007569676369428634,0.007569676369428634
2013-06-10 02:00:00,0.018,0.022371398,0.00437139828503132,0.00437139828503132
2013-06-10 02:30:00,0.012,0.024629239,0.012629238992929458,0.012629238992929458
2013-06-10 03:00:00,0.048,0.036327515,-0.011672485202550889,0.011672485202550889
2013-06-10 03:30:00,0.025,0.036327515,0.01132751479744911,0.01132751479744911
2013-06-10 04:00:00,0.03,0.03061578,0.0006157805025577556,0.0006157805025577556
2013-06-10 04:30:00,0.03,0.029486788,-0.0005132115632295597,0.0005132115632295597
2013-06-10 05:00:00,0.006,0.062196776,0.056196776270866396,0.056196776270866396
2013-06-10 05:30:00,0.006,0.06241885,0.05641884827613831,0.05641884827613831
2013-06-10 06:00:00,0.03,0.041449927,0.011449926793575288,0.011449926793575288
2013-06-10 06:30:00,0.025,0.0955982,0.07059819847345353,0.07059819847345353
2013-06-10 07:00:00,0.007,0.34392804,0.3369280390739441,0.3369280390739441
2013-06-10 07:30:00,2.155,3.1222026,0.9672026348114016,0.9672026348114016
2013-06-10 08:00:00,14.348,11.393896,-2.9541038970947273,2.9541038970947273
2013-06-10 08:30:00,26.911,31.137787,4.226786865234374,4.226786865234374
2013-06-10 09:00:00,49.079,44.5354,-4.543599609375001,4.543599609375001
2013-06-10 09:30:00,73.366,65.41357,-7.952433410644531,7.952433410644531
2013-06-10 10:00:00,87.294,89.40041,2.106413513183597,2.106413513183597
2013-06-10 10:30:00,76.1,100.32735,24.227346801757818,24.227346801757818
2013-06-10 11:00:00,94.923,85.13436,-9.788638732910158,9.788638732910158
2013-06-10 11:30:00,103.46,99.69709,-3.7629098510742125,3.7629098510742125
2013-06-10 12:00:00,94.068,99.81612,5.748116333007815,5.748116333007815
2013-06-10 12:30:00,98.498,86.87883,-11.619170043945317,11.619170043945317
2013-06-10 13:00:00,85.509,94.73296,9.223963562011718,9.223963562011718
2013-06-10 13:30:00,67.255,77.06511,9.810109252929692,9.810109252929692
2013-06-10 14:00:00,35.004,51.479042,16.47504205322266,16.47504205322266
2013-06-10 14:30:00,19.531,31.642206,12.111206192016603,12.111206192016603
2013-06-10 15:00:00,7.11,13.920312,6.81031192779541,6.81031192779541
2013-06-10 15:30:00,4.424,7.09864,2.6746399650573727,2.6746399650573727
2013-06-10 16:00:00,3.575,5.7208133,2.1458132743835447,2.1458132743835447
2013-06-10 16:30:00,1.619,5.2389064,3.6199063835144045,3.6199063835144045
2013-06-10 17:00:00,0.302,0.42645442,0.12445442485809327,0.12445442485809327
2013-06-10 17:30:00,0.001,-0.110734634,-0.11173463410139084,0.11173463410139084
2013-06-10 18:00:00,0.025,-0.08293003,-0.10793002843856811,0.10793002843856811
2013-06-10 18:30:00,0.025,-0.10054639,-0.12554638981819152,0.12554638981819152
2013-06-10 19:00:00,0.018,-0.0032348603,-0.02123486025445163,0.02123486025445163
2013-06-10 19:30:00,0.026,-0.00024779938,-0.026247799383942037,0.026247799383942037
2013-06-10 20:00:00,0.019,0.05591517,0.03691516941785812,0.03691516941785812
2013-06-10 20:30:00,0.012,0.05527389,0.043273890495300296,0.043273890495300296
2013-06-10 21:00:00,0.012,0.1505811,0.13858110654354094,0.13858110654354094
2013-06-10 21:30:00,0.006,0.1505811,0.14458110654354095,0.14458110654354095
2013-06-10 22:00:00,0.031,0.11435589,0.0833558919429779,0.0833558919429779
2013-06-10 22:30:00,0.02,0.11435589,0.0943558919429779,0.0943558919429779
2013-06-10 23:00:00,0.013,0.0885943,0.07559430253505707,0.07559430253505707
2013-06-10 23:30:00,0.024,0.0885943,0.06459430253505707,0.06459430253505707
2013-06-11 00:00:00,0.019,0.0890679,0.07006789869070053,0.07006789869070053
2013-06-11 00:30:00,0.012,0.0890679,0.07706789869070053,0.07706789869070053
2013-06-11 01:00:00,0.024,0.0890679,0.06506789869070054,0.06506789869070054
2013-06-11 01:30:00,0.024,0.09158804,0.06758804267644883,0.06758804267644883
2013-06-11 02:00:00,0.018,0.09111445,0.07311444652080536,0.07311444652080536
2013-06-11 02:30:00,0.013,0.09337229,0.08037229281663895,0.08037229281663895
2013-06-11 03:00:00,0.024,0.09337229,0.06937229281663895,0.06937229281663895
2013-06-11 03:30:00,0.012,0.09337229,0.08137229281663895,0.08137229281663895
2013-06-11 04:00:00,0.006,0.108558916,0.10255891555547714,0.10255891555547714
2013-06-11 04:30:00,0.013,0.100197956,0.08719795596599579,0.08719795596599579
2013-06-11 05:00:00,0.0,0.100197956,0.10019795596599579,0.10019795596599579
2013-06-11 05:30:00,0.036,0.100197956,0.06419795596599578,0.06419795596599578
2013-06-11 06:00:00,0.025,0.100197956,0.0751979559659958,0.0751979559659958
2013-06-11 06:30:00,0.006,0.13661005,0.13061004602909088,0.13061004602909088
2013-06-11 07:00:00,0.019,0.37892574,0.35992574071884154,0.35992574071884154
2013-06-11 07:30:00,2.175,3.316718,1.141718101501465,1.141718101501465
2013-06-11 08:00:00,13.851,12.401619,-1.4493810424804696,1.4493810424804696
2013-06-11 08:30:00,30.598,31.09323,0.4952292938232432,0.4952292938232432
2013-06-11 09:00:00,51.716,51.81928,0.10327871704101454,0.10327871704101454
2013-06-11 09:30:00,73.434,74.81232,1.3783168945312525,1.3783168945312525
2013-06-11 10:00:00,92.228,95.044525,2.8165251464843806,2.8165251464843806
2013-06-11 10:30:00,107.497,111.39756,3.9005601196289064,3.9005601196289064
2013-06-11 11:00:00,118.668,124.479675,5.811675292968744,5.811675292968744
2013-06-11 11:30:00,124.86,130.62137,5.761368408203126,5.761368408203126
2013-06-11 12:00:00,127.893,124.0163,-3.8767036132812507,3.8767036132812507
2013-06-11 12:30:00,128.266,132.2576,3.991598876953134,3.991598876953134
2013-06-11 13:00:00,121.615,125.91594,4.300939331054693,4.300939331054693
2013-06-11 13:30:00,108.534,114.83094,6.296940246582025,6.296940246582025
2013-06-11 14:00:00,90.96,96.411385,5.4513845825195375,5.4513845825195375
2013-06-11 14:30:00,81.276,75.29286,-5.983138061523434,5.983138061523434
2013-06-11 15:00:00,57.676,60.06572,2.3897196044921856,2.3897196044921856
2013-06-11 15:30:00,40.836,37.719074,-3.1169257507324204,3.1169257507324204
2013-06-11 16:00:00,25.446,22.986612,-2.4593876800537124,2.4593876800537124
2013-06-11 16:30:00,10.131,9.375395,-0.755605178833008,0.755605178833008
2013-06-11 17:00:00,0.655,0.7288163,0.07381627082824704,0.07381627082824704
2013-06-11 17:30:00,0.018,0.08161118,0.06361117881536484,0.06361117881536484
2013-06-11 18:00:00,0.013,0.023424199,0.010424198850989342,0.010424198850989342
2013-06-11 18:30:00,0.036,0.004416666,-0.03158333400636911,0.03158333400636911
2013-06-11 19:00:00,0.024,0.009549503,-0.014450496785342694,0.014450496785342694
2013-06-11 19:30:00,0.007,0.012536562,0.005536562047898769,0.005536562047898769
2013-06-11 20:00:00,0.018,-0.02670579,-0.0447057903110981,0.0447057903110981
2013-06-11 20:30:00,0.032,-0.027347073,-0.05934707295894623,0.05934707295894623
2013-06-11 21:00:00,0.018,-0.008566859,-0.026566859178245066,0.026566859178245066
2013-06-11 21:30:00,0.019,-0.008566859,-0.027566859178245067,0.027566859178245067
2013-06-11 22:00:00,0.012,0.044070054,0.032070053845644,0.032070053845644
2013-06-11 22:30:00,0.02,0.044070054,0.024070053845643997,0.024070053845643997
2013-06-11 23:00:00,0.025,0.05025651,0.025256509333848952,0.025256509333848952
2013-06-11 23:30:00,0.007,0.05025651,0.043256509333848954,0.043256509333848954
2013-06-12 00:00:00,0.012,0.035593867,0.023593867301940918,0.023593867301940918
2013-06-12 00:30:00,0.018,0.035593867,0.01759386730194092,0.01759386730194092
2013-06-12 01:00:00,0.018,-0.008422135,-0.02642213537544012,0.02642213537544012
2013-06-12 01:30:00,0.0,-0.0059019937,-0.005901993717998266,0.005901993717998266
2013-06-12 02:00:00,0.0,-0.009242202,-0.009242202155292034,0.009242202155292034
2013-06-12 02:30:00,0.03,-0.006984361,-0.036984360981732606,0.036984360981732606
2013-06-12 03:00:00,0.018,0.003891063,-0.014108937077224253,0.014108937077224253
2013-06-12 03:30:00,0.019,0.003891063,-0.015108937077224254,0.015108937077224254
2013-06-12 04:00:00,0.006,0.019077687,0.013077686592936516,0.013077686592936516
2013-06-12 04:30:00,0.018,0.01071673,-0.007283270202577113,0.007283270202577113
2013-06-12 05:00:00,0.018,0.0031133133,-0.014886686654761432,0.014886686654761432
2013-06-12 05:30:00,0.006,0.0031133133,-0.0028866866547614337,0.0028866866547614337
2013-06-12 06:00:00,0.018,0.02924749,0.011247490689158441,0.011247490689158441
2013-06-12 06:30:00,0.043,0.051194772,0.00819477212429047,0.00819477212429047
2013-06-12 07:00:00,0.025,0.2432584,0.21825840175151826,0.21825840175151826
2013-06-12 07:30:00,0.778,2.988554,2.210554000854492,2.210554000854492
2013-06-12 08:00:00,4.463,7.175981,2.712981044769287,2.712981044769287
2013-06-12 08:30:00,13.614,12.259288,-1.3547121658325203,1.3547121658325203
2013-06-12 09:00:00,22.95,21.629955,-1.3200447082519524,1.3200447082519524
2013-06-12 09:30:00,39.676,30.833033,-8.842967391967775,8.842967391967775
2013-06-12 10:00:00,37.028,48.868584,11.84058367919922,11.84058367919922
2013-06-12 10:30:00,34.712,40.073956,5.361955535888669,5.361955535888669
2013-06-12 11:00:00,35.659,35.289528,-0.36947210693359267,0.36947210693359267
2013-06-12 11:30:00,37.12,40.631203,3.511202697753909,3.511202697753909
2013-06-12 12:00:00,19.301,38.43487,19.133871673583986,19.133871673583986
2013-06-12 12:30:00,3.968,18.82855,14.860550338745117,14.860550338745117
2013-06-12 13:00:00,7.886,5.531046,-2.354954086303711,2.354954086303711
2013-06-12 13:30:00,8.695,11.902314,3.207314186096191,3.207314186096191
2013-06-12 14:00:00,10.971,9.826509,-1.1444905242919923,1.1444905242919923
2013-06-12 14:30:00,18.251,10.803643,-7.447356773376466,7.447356773376466
2013-06-12 15:00:00,31.273,17.748482,-13.524518249511718,13.524518249511718
2013-06-12 15:30:00,17.18,24.029848,6.849848098754883,6.849848098754883
2013-06-12 16:00:00,17.727,14.1301775,-3.596822502136231,3.596822502136231
2013-06-12 16:30:00,10.825,11.744104,0.9191043853759773,0.9191043853759773
2013-06-12 17:00:00,1.237,1.5453498,0.3083498363494872,0.3083498363494872
2013-06-12 17:30:00,0.037,0.014695757,-0.02230424293130636,0.02230424293130636
2013-06-12 18:00:00,0.006,-0.009430156,-0.015430156089365482,0.015430156089365482
2013-06-12 18:30:00,0.03,-0.022487806,-0.052487806156277655,0.052487806156277655
2013-06-12 19:00:00,0.006,-0.07841037,-0.08441037213802338,0.08441037213802338
2013-06-12 19:30:00,0.012,-0.0754233,-0.08742330026626587,0.08742330026626587
2013-06-12 20:00:00,0.006,-0.07957959,-0.08557959175109864,0.08557959175109864
2013-06-12 20:30:00,0.038,-0.08022088,-0.11822087812423707,0.11822087812423707
2013-06-12 21:00:00,0.032,-0.09756525,-0.12956524860858917,0.12956524860858917
2013-06-12 21:30:00,0.012,-0.09756525,-0.10956524860858917,0.10956524860858917
2013-06-12 22:00:00,0.014,-0.056868628,-0.07086862766742706,0.07086862766742706
2013-06-12 22:30:00,0.032,-0.056868628,-0.08886862766742706,0.08886862766742706
2013-06-12 23:00:00,0.042,0.0024411448,-0.039558855218812826,0.039558855218812826
2013-06-12 23:30:00,0.018,0.0024411448,-0.015558855218812822,0.015558855218812822
2013-06-13 00:00:00,0.012,0.0035372286,-0.008462771436199546,0.008462771436199546
2013-06-13 00:30:00,0.024,0.0035372286,-0.020462771436199546,0.020462771436199546
2013-06-13 01:00:00,0.012,0.02031064,0.008310640335083008,0.008310640335083008
2013-06-13 01:30:00,0.032,0.022830784,-0.009169215679168702,0.009169215679168702
2013-06-13 02:00:00,0.012,0.042566683,0.030566683143377304,0.030566683143377304
2013-06-13 02:30:00,0.006,0.044824522,0.038824521988630296,0.038824521988630296
2013-06-13 03:00:00,0.018,0.044219844,0.026219844043254854,0.026219844043254854
2013-06-13 03:30:00,0.018,0.044219844,0.026219844043254854,0.026219844043254854
2013-06-13 04:00:00,0.012,0.05940647,0.04740647050738335,0.04740647050738335
2013-06-13 04:30:00,0.024,0.05104552,0.02704551836848259,0.02704551836848259
2013-06-13 05:00:00,0.018,0.071566455,0.05356645506620407,0.05356645506620407
2013-06-13 05:30:00,0.006,0.071566455,0.06556645506620407,0.06556645506620407
2013-06-13 06:00:00,0.025,0.071566455,0.04656645506620407,0.04656645506620407
2013-06-13 06:30:00,0.013,0.107978635,0.09497863453626633,0.09497863453626633
2013-06-13 07:00:00,0.006,0.34317788,0.3371778848171234,0.3371778848171234
2013-06-13 07:30:00,1.596,2.357638,0.7616378822326659,0.7616378822326659
2013-06-13 08:00:00,11.449,9.693629,-1.7553707351684569,1.7553707351684569
2013-06-13 08:30:00,28.726,27.168266,-1.5577337036132803,1.5577337036132803
2013-06-13 09:00:00,45.486,50.15454,4.668541015625003,4.668541015625003
2013-06-13 09:30:00,65.513,66.67451,1.161507141113276,1.161507141113276
2013-06-13 10:00:00,91.975,87.26599,-4.709008789062494,4.709008789062494
2013-06-13 10:30:00,106.493,108.582344,2.0893440551757863,2.0893440551757863
2013-06-13 11:00:00,115.888,118.27457,2.3865666503906198,2.3865666503906198
2013-06-13 11:30:00,123.928,121.62011,-2.3078904418945285,2.3078904418945285
2013-06-13 12:00:00,125.994,120.83291,-5.161091369628906,5.161091369628906
2013-06-13 12:30:00,124.439,127.7996,3.3605986938476633,3.3605986938476633
2013-06-13 13:00:00,105.748,118.02044,12.272439147949214,12.272439147949214
2013-06-13 13:30:00,95.514,99.18475,3.670753417968754,3.670753417968754
2013-06-13 14:00:00,88.41,88.546104,0.13610443115234716,0.13610443115234716
2013-06-13 14:30:00,80.859,77.6283,-3.2306964721679634,3.2306964721679634
2013-06-13 15:00:00,60.803,58.541237,-2.261763122558591,2.261763122558591
2013-06-13 15:30:00,39.481,40.61042,1.1294202270507796,1.1294202270507796
2013-06-13 16:00:00,15.964,21.795189,5.831188903808593,5.831188903808593
2013-06-13 16:30:00,5.429,12.646472,7.2174719772338864,7.2174719772338864
2013-06-13 17:00:00,0.22,1.4965267,1.2765267181396485,1.2765267181396485
2013-06-13 17:30:00,0.019,-0.018225394,-0.03722539418935776,0.03722539418935776
2013-06-13 18:00:00,0.018,-0.02994377,-0.047943769797682764,0.047943769797682764
2013-06-13 18:30:00,0.012,-0.04756019,-0.0595601889193058,0.0595601889193058
2013-06-13 19:00:00,0.012,-0.038991507,-0.05099150714278221,0.05099150714278221
2013-06-13 19:30:00,0.024,-0.041322965,-0.0653229651749134,0.0653229651749134
2013-06-13 20:00:00,0.036,-0.024901055,-0.06090105479955673,0.06090105479955673
2013-06-13 20:30:00,0.018,-0.025542334,-0.043542333722114565,0.043542333722114565
2013-06-13 21:00:00,0.03,0.01149195,-0.018508050329983233,0.018508050329983233
2013-06-13 21:30:00,0.013,0.01149195,-0.0015080503299832338,0.0015080503299832338
2013-06-13 22:00:00,0.031,-0.019780554,-0.05078055387735367,0.05078055387735367
2013-06-13 22:30:00,0.025,-0.019780554,-0.04478055387735367,0.04478055387735367
2013-06-13 23:00:00,0.018,0.020044345,0.002044345408678056,0.002044345408678056
2013-06-13 23:30:00,0.0,0.020044345,0.020044345408678055,0.020044345408678055
2013-06-14 00:00:00,0.027,0.01768249,-0.00931750912964344,0.00931750912964344
2013-06-14 00:30:00,0.013,0.01768249,0.00468249087035656,0.00468249087035656
2013-06-14 01:00:00,0.001,0.027517617,0.026517616748809814,0.026517616748809814
2013-06-14 01:30:00,0.043,0.03003776,-0.012962239265441891,0.012962239265441891
2013-06-14 02:00:00,0.006,0.09142315,0.0854231464266777,0.0854231464266777
2013-06-14 02:30:00,0.024,0.09368099,0.0696809927225113,0.0696809927225113
2013-06-14 03:00:00,0.036,0.033970498,-0.0020295024514198276,0.0020295024514198276
2013-06-14 03:30:00,0.012,0.033970498,0.02197049754858017,0.02197049754858017
2013-06-14 04:00:00,0.042,0.023022963,-0.0189770372658968,0.0189770372658968
2013-06-14 04:30:00,0.012,0.014662008,0.002662007801234722,0.002662007801234722
2013-06-14 05:00:00,0.037,0.014662008,-0.022337992198765276,0.022337992198765276
2013-06-14 05:30:00,0.018,0.014662008,-0.0033379921987652765,0.0033379921987652765
2013-06-14 06:00:00,0.012,0.012306257,0.0003062571510672567,0.0003062571510672567
2013-06-14 06:30:00,0.006,0.13270867,0.12670866870880126,0.12670866870880126
2013-06-14 07:00:00,0.013,0.16480148,0.15180147838592528,0.15180147838592528
2013-06-14 07:30:00,1.126,2.5680485,1.4420484771728517,1.4420484771728517
2013-06-14 08:00:00,13.364,9.33706,-4.026940025329591,4.026940025329591
2013-06-14 08:30:00,30.617,27.435005,-3.1819948120117196,3.1819948120117196
2013-06-14 09:00:00,50.345,50.52743,0.1824314880371105,0.1824314880371105
2013-06-14 09:30:00,72.496,68.13133,-4.364667602539058,4.364667602539058
2013-06-14 10:00:00,92.004,91.7955,-0.2084982910156299,0.2084982910156299
2013-06-14 10:30:00,107.758,105.759056,-1.9989439086914018,1.9989439086914018
2013-06-14 11:00:00,118.899,120.53219,1.6331884155273428,1.6331884155273428
2013-06-14 11:30:00,126.605,127.11278,0.5077777099609335,0.5077777099609335
2013-06-14 12:00:00,127.603,121.14003,-6.462970092773432,6.462970092773432
2013-06-14 12:30:00,125.479,125.37705,-0.10194769287109295,0.10194769287109295
2013-06-14 13:00:00,120.948,121.60885,0.6608485717773505,0.6608485717773505
2013-06-14 13:30:00,110.872,113.74808,2.876077392578125,2.876077392578125
2013-06-14 14:00:00,96.2,104.16269,7.962689208984372,7.962689208984372
2013-06-14 14:30:00,71.566,84.13352,12.567522033691404,12.567522033691404
2013-06-14 15:00:00,52.441,54.3001,1.8590984191894506,1.8590984191894506
2013-06-14 15:30:00,33.68,37.308132,3.6281321716308597,3.6281321716308597
2013-06-14 16:00:00,17.964,18.198124,0.234123931884767,0.234123931884767
2013-06-14 16:30:00,5.536,7.5652313,2.029231323242188,2.029231323242188
2013-06-14 17:00:00,0.236,0.847466,0.611465991973877,0.611465991973877
2013-06-14 17:30:00,0.012,0.18607447,0.17407446551322936,0.17407446551322936
2013-06-14 18:00:00,0.012,-0.05903814,-0.07103813987970352,0.07103813987970352
2013-06-14 18:30:00,0.018,-0.08911534,-0.10711533653736115,0.10711533653736115
2013-06-14 19:00:00,0.0,-0.0736633,-0.07366330176591873,0.07366330176591873
2013-06-14 19:30:00,0.0,-0.09084806,-0.09084805846214294,0.09084805846214294
2013-06-14 20:00:00,0.025,-0.08154635,-0.106546351313591,0.106546351313591
2013-06-14 20:30:00,0.024,-0.083990246,-0.10799024605751037,0.10799024605751037
2013-06-14 21:00:00,0.061,-0.031541433,-0.09254143318533897,0.09254143318533897
2013-06-14 21:30:00,0.018,-0.028458672,-0.04645867164433003,0.04645867164433003
2013-06-14 22:00:00,0.025,-0.068427786,-0.09342778623104095,0.09342778623104095
2013-06-14 22:30:00,0.026,-0.070230395,-0.0962303946018219,0.0962303946018219
2013-06-14 23:00:00,0.008,-0.05140504,-0.05940503868460655,0.05940503868460655
2013-06-14 23:30:00,0.012,-0.052985575,-0.06498557505011558,0.06498557505011558
2013-06-15 00:00:00,0.026,-0.051182967,-0.07718296667933464,0.07718296667933464
2013-06-15 00:30:00,0.036,-0.052985575,-0.08898557505011559,0.08898557505011559
2013-06-15 01:00:00,0.0,-0.068427786,-0.06842778623104095,0.06842778623104095
2013-06-15 01:30:00,0.018,-0.06771025,-0.08571025061607361,0.08571025061607361
2013-06-15 02:00:00,0.012,-0.006805684,-0.018805683951824904,0.018805683951824904
2013-06-15 02:30:00,0.012,-0.0063504465,-0.018350446492433548,0.018350446492433548
2013-06-15 03:00:00,0.006,-0.015725285,-0.021725284814834593,0.021725284814834593
2013-06-15 03:30:00,0.018,-0.01752789,-0.03552788946032524,0.03552788946032524
2013-06-15 04:00:00,0.018,0.020351307,0.0023513074666261687,0.0023513074666261687
2013-06-15 04:30:00,0.006,0.008344113,0.0023441128954291342,0.0023441128954291342
2013-06-15 05:00:00,0.018,-0.119710274,-0.137710274040699,0.137710274040699
2013-06-15 05:30:00,0.03,-0.12151288,-0.15151288241147995,0.15151288241147995
2013-06-15 06:00:00,0.018,-0.011985806,-0.029985805816948412,0.029985805816948412
2013-06-15 06:30:00,0.036,-0.002040841,-0.038040840918198225,0.038040840918198225
2013-06-15 07:00:00,0.032,0.27320927,0.24120927381515503,0.24120927381515503
2013-06-15 07:30:00,0.476,2.1540964,1.6780963649749756,1.6780963649749756
2013-06-15 08:00:00,5.397,6.5830116,1.1860116271972654,1.1860116271972654
2013-06-15 08:30:00,20.274,16.181866,-4.092134307861329,4.092134307861329
2013-06-15 09:00:00,46.194,38.73196,-7.462039703369143,7.462039703369143
2013-06-15 09:30:00,69.233,66.88617,-2.346830566406254,2.346830566406254
2013-06-15 10:00:00,81.514,90.33615,8.82215112304688,8.82215112304688
2013-06-15 10:30:00,97.365,98.32357,0.9585702514648489,0.9585702514648489
2013-06-15 11:00:00,109.744,116.08086,6.336856323242188,6.336856323242188
2013-06-15 11:30:00,116.678,118.93951,2.2615065307617215,2.2615065307617215
2013-06-15 12:00:00,114.847,114.079865,-0.7671354980468692,0.7671354980468692
2013-06-15 12:30:00,100.185,118.11537,17.93037170410156,17.93037170410156
2013-06-15 13:00:00,82.787,103.50434,20.717341125488275,20.717341125488275
2013-06-15 13:30:00,65.105,85.875175,20.770175476074215,20.770175476074215
2013-06-15 14:00:00,41.141,59.56143,18.420431884765627,18.420431884765627
2013-06-15 14:30:00,26.487,37.30253,10.815528381347658,10.815528381347658
2013-06-15 15:00:00,15.473,25.969547,10.496547271728515,10.496547271728515
2013-06-15 15:30:00,11.861,11.679962,-0.18103784179687565,0.18103784179687565
2013-06-15 16:00:00,8.356,10.199894,1.8438939514160158,1.8438939514160158
2013-06-15 16:30:00,2.714,6.515061,3.8010609016418457,3.8010609016418457
2013-06-15 17:00:00,0.139,0.9853307,0.8463307008743286,0.8463307008743286
2013-06-15 17:30:00,0.036,0.15316042,0.11716042304039001,0.11716042304039001
2013-06-15 18:00:00,0.024,0.1135236,0.08952360248565674,0.08952360248565674
2013-06-15 18:30:00,0.031,0.098337784,0.06733778440952301,0.06733778440952301
2013-06-15 19:00:00,0.006,0.6433445,0.637344521522522,0.637344521522522
2013-06-15 19:30:00,0.001,0.62796235,0.6269623508453369,0.6269623508453369
2013-06-15 20:00:00,0.006,0.214003,0.20800299668312072,0.20800299668312072
2013-06-15 20:30:00,0.02,0.21336171,0.1933617103099823,0.1933617103099823
2013-06-15 21:00:00,0.006,0.27499563,0.2689956250190735,0.2689956250190735
2013-06-15 21:30:00,0.03,0.2677638,0.23776379346847534,0.23776379346847534
2013-06-15 22:00:00,0.02,0.26904875,0.24904875040054322,0.24904875040054322
2013-06-15 22:30:00,0.012,0.26904875,0.2570487504005432,0.2570487504005432
2013-06-15 23:00:00,0.018,0.0071867793,-0.01081322071328759,0.01081322071328759
2013-06-15 23:30:00,0.02,0.0071867793,-0.012813220713287592,0.012813220713287592
2013-06-16 00:00:00,0.014,0.02976964,0.015769640415906908,0.015769640415906908
2013-06-16 00:30:00,0.018,0.02976964,0.011769640415906907,0.011769640415906907
2013-06-16 01:00:00,0.018,0.07198288,0.053982882916927336,0.053982882916927336
2013-06-16 01:30:00,0.024,0.07450302,0.05050301945209503,0.05050301945209503
2013-06-16 02:00:00,0.006,-0.012654015,-0.018654014863073824,0.018654014863073824
2013-06-16 02:30:00,0.025,-0.010396174,-0.03539617415517569,0.03539617415517569
2013-06-16 03:00:00,0.006,-0.010396174,-0.016396174155175684,0.016396174155175684
2013-06-16 03:30:00,0.006,-0.010396174,-0.016396174155175684,0.016396174155175684
2013-06-16 04:00:00,0.007,0.0050316327,-0.001968367274850607,0.001968367274850607
2013-06-16 04:30:00,0.012,-0.00332932,-0.015329320112243295,0.015329320112243295
2013-06-16 05:00:00,0.025,-0.005502375,-0.03050237484276295,0.03050237484276295
2013-06-16 05:30:00,0.006,-0.005502375,-0.011502374842762947,0.011502374842762947
2013-06-16 06:00:00,0.024,0.0024010192,-0.021598980786278844,0.021598980786278844
2013-06-16 06:30:00,0.006,0.03881315,0.03281315141916275,0.03281315141916275
2013-06-16 07:00:00,0.012,0.31334057,0.30134057450294494,0.30134057450294494
2013-06-16 07:30:00,1.712,2.3119445,0.5999444847106934,0.5999444847106934
2013-06-16 08:00:00,12.188,10.743287,-1.4447129135131842,1.4447129135131842
2013-06-16 08:30:00,29.279,28.437151,-0.8418490447998046,0.8418490447998046
2013-06-16 09:00:00,49.003,48.050354,-0.9526459960937501,0.9526459960937501
2013-06-16 09:30:00,70.574,64.969154,-5.604845642089842,5.604845642089842
2013-06-16 10:00:00,84.976,87.605415,2.629415344238282,2.629415344238282
2013-06-16 10:30:00,99.811,101.27617,1.4651688232421805,1.4651688232421805
2013-06-16 11:00:00,113.31,114.53337,1.2233709716796852,1.2233709716796852
2013-06-16 11:30:00,116.98,123.71925,6.7392535400390585,6.7392535400390585
2013-06-16 12:00:00,117.805,112.32539,-5.479606323242194,5.479606323242194
2013-06-16 12:30:00,126.99,118.26901,-8.72098754882812,8.72098754882812
2013-06-16 13:00:00,116.257,129.82307,13.566074340820307,13.566074340820307
2013-06-16 13:30:00,108.565,110.53586,1.9708581542968773,1.9708581542968773
2013-06-16 14:00:00,89.354,102.41502,13.061023803710938,13.061023803710938
2013-06-16 14:30:00,68.416,76.63384,8.217842468261722,8.217842468261722
2013-06-16 15:00:00,52.903,50.31235,-2.590648773193358,2.590648773193358
2013-06-16 15:30:00,37.655,36.61484,-1.0401585388183605,1.0401585388183605
2013-06-16 16:00:00,22.529,21.881025,-0.6479746856689452,0.6479746856689452
2013-06-16 16:30:00,7.797,9.230874,1.433874061584473,1.433874061584473
2013-06-16 17:00:00,0.519,1.2603226,0.7413225708007812,0.7413225708007812
2013-06-16 17:30:00,0.018,0.06653003,0.04853002649545669,0.04853002649545669
2013-06-16 18:00:00,0.013,0.03645404,0.023454040557146075,0.023454040557146075
2013-06-16 18:30:00,0.018,-0.0025002314,-0.020500231377780436,0.020500231377780436
2013-06-16 19:00:00,0.006,0.0071165864,0.001116586435586214,0.001116586435586214
2013-06-16 19:30:00,0.027,0.010103646,-0.016896354265511036,0.016896354265511036
2013-06-16 20:00:00,0.025,-0.025711581,-0.050711581110954286,0.050711581110954286
2013-06-16 20:30:00,0.024,-0.026352867,-0.05035286748409271,0.05035286748409271
2013-06-16 21:00:00,0.018,-0.004509993,-0.022509992897510527,0.022509992897510527
2013-06-16 21:30:00,0.018,-0.004509993,-0.022509992897510527,0.022509992897510527
2013-06-16 22:00:00,0.02,-0.00070508086,-0.02070508086355403,0.02070508086355403
2013-06-16 22:30:00,0.013,-0.00070508086,-0.01370508086355403,0.01370508086355403
2013-06-16 23:00:00,0.036,-0.0026279427,-0.03862794271111488,0.03862794271111488
2013-06-16 23:30:00,0.019,-0.0026279427,-0.021627942711114883,0.021627942711114883
2013-06-17 00:00:00,0.021,0.011033411,-0.009966588862240316,0.009966588862240316
2013-06-17 00:30:00,0.031,0.014236926,-0.01676307389885187,0.01676307389885187
2013-06-17 01:00:00,0.006,0.014631047,0.008631046913564205,0.008631046913564205
2013-06-17 01:30:00,0.014,0.017151188,0.003151188105344772,0.003151188105344772
2013-06-17 02:00:00,0.018,0.017151188,-0.0008488118946552263,0.0008488118946552263
2013-06-17 02:30:00,0.006,0.019409029,0.013409028813242912,0.013409028813242912
2013-06-17 03:00:00,0.025,0.030284462,0.005284462496638297,0.005284462496638297
2013-06-17 03:30:00,0.018,0.030284462,0.0122844624966383,0.0122844624966383
2013-06-17 04:00:00,0.006,0.045471095,0.03947109454870224,0.03947109454870224
2013-06-17 04:30:00,0.018,0.03711013,0.01911013123393059,0.01911013123393059
2013-06-17 05:00:00,0.018,0.029825507,0.011825506731867792,0.011825506731867792
2013-06-17 05:30:00,0.018,0.029825507,0.011825506731867792,0.011825506731867792
2013-06-17 06:00:00,0.024,0.029959379,0.005959378764033317,0.005959378764033317
2013-06-17 06:30:00,0.025,0.06637152,0.04137152284383774,0.04137152284383774
2013-06-17 07:00:00,0.018,0.3104436,0.2924436099529266,0.2924436099529266
2013-06-17 07:30:00,1.791,3.0779376,1.2869376029968262,1.2869376029968262
2013-06-17 08:00:00,12.529,10.967967,-1.5610329666137694,1.5610329666137694
2013-06-17 08:30:00,29.615,28.924358,-0.6906416320800766,0.6906416320800766
2013-06-17 09:00:00,43.178,48.613995,5.435994598388675,5.435994598388675
2013-06-17 09:30:00,57.932,63.536465,5.604464691162107,5.604464691162107
2013-06-17 10:00:00,71.163,76.4432,5.280199157714847,5.280199157714847
2013-06-17 10:30:00,82.217,87.40756,5.190562255859376,5.190562255859376
2013-06-17 11:00:00,84.303,93.725365,9.422364685058596,9.422364685058596
2013-06-17 11:30:00,84.626,96.63786,12.011863159179683,12.011863159179683
2013-06-17 12:00:00,81.87,84.323364,2.4533642578124955,2.4533642578124955
2013-06-17 12:30:00,97.462,80.43522,-17.026781188964847,17.026781188964847
2013-06-17 13:00:00,91.124,102.73397,11.609970642089849,11.609970642089849
2013-06-17 13:30:00,66.404,85.56451,19.160506530761722,19.160506530761722
2013-06-17 14:00:00,48.06,61.114834,13.054833831787107,13.054833831787107
2013-06-17 14:30:00,37.454,38.602516,1.1485161743164056,1.1485161743164056
2013-06-17 15:00:00,31.371,32.820164,1.449163726806642,1.449163726806642
2013-06-17 15:30:00,27.239,23.679945,-3.559055007934571,3.559055007934571
2013-06-17 16:00:00,17.582,16.099081,-1.4829189605712898,1.4829189605712898
2013-06-17 16:30:00,5.858,8.919363,3.0613630218505863,3.0613630218505863
2013-06-17 17:00:00,0.329,0.98775303,0.6587530336380005,0.6587530336380005
2013-06-17 17:30:00,0.013,0.1810859,0.16808589947223662,0.16808589947223662
2013-06-17 18:00:00,0.024,0.088884115,0.06488411521911622,0.06488411521911622
2013-06-17 18:30:00,0.006,0.075826466,0.0698264660835266,0.0698264660835266
2013-06-17 19:00:00,0.018,0.077680364,0.05968036425113678,0.05968036425113678
2013-06-17 19:30:00,0.012,0.08066742,0.0686674212217331,0.0686674212217331
2013-06-17 20:00:00,0.007,0.045845166,0.038845165848731995,0.038845165848731995
2013-06-17 20:30:00,0.007,0.04520388,0.03820387947559357,0.03820387947559357
2013-06-17 21:00:00,0.0,0.072212875,0.07221287488937378,0.07221287488937378
2013-06-17 21:30:00,0.018,0.072212875,0.05421287488937378,0.05421287488937378
2013-06-17 22:00:00,0.012,0.09627844,0.08427843648195267,0.08427843648195267
2013-06-17 22:30:00,0.018,0.09627844,0.07827843648195267,0.07827843648195267
2013-06-17 23:00:00,0.036,0.09627844,0.06027843648195267,0.06027843648195267
2013-06-17 23:30:00,0.031,0.09627844,0.06527843648195267,0.06527843648195267
2013-06-18 00:00:00,0.024,0.09836709,0.07436708754301072,0.07436708754301072
2013-06-18 00:30:00,0.03,0.09836709,0.06836708754301071,0.06836708754301071
2013-06-18 01:00:00,0.006,0.09789349,0.09189349138736724,0.09189349138736724
2013-06-18 01:30:00,0.012,0.100413635,0.08841363537311554,0.08841363537311554
2013-06-18 02:00:00,0.025,0.100413635,0.07541363537311555,0.07541363537311555
2013-06-18 02:30:00,0.019,0.10267148,0.08367148166894912,0.08367148166894912
2013-06-18 03:00:00,0.024,0.10267148,0.07867148166894913,0.07867148166894913
2013-06-18 03:30:00,0.018,0.10267148,0.08467148166894913,0.08467148166894913
2013-06-18 04:00:00,0.018,0.117858104,0.09985810440778732,0.09985810440778732
2013-06-18 04:30:00,0.048,0.109497145,0.06149714481830597,0.06149714481830597
2013-06-18 05:00:00,0.012,0.109497145,0.09749714481830597,0.09749714481830597
2013-06-18 05:30:00,0.018,0.109497145,0.09149714481830597,0.09149714481830597
2013-06-18 06:00:00,0.031,0.109497145,0.07849714481830597,0.07849714481830597
2013-06-18 06:30:00,0.024,0.14590923,0.12190923488140107,0.12190923488140107
2013-06-18 07:00:00,0.025,0.38437176,0.3593717575073242,0.3593717575073242
2013-06-18 07:30:00,1.576,3.141846,1.565845941543579,1.565845941543579
2013-06-18 08:00:00,13.04,11.615095,-1.4249048614501945,1.4249048614501945
2013-06-18 08:30:00,30.389,30.762638,0.3736380920410163,0.3736380920410163
2013-06-18 09:00:00,51.891,51.95393,0.06292990112304864,0.06292990112304864
2013-06-18 09:30:00,74.417,73.68148,-0.7355195922851578,0.7355195922851578
2013-06-18 10:00:00,93.081,91.899994,-1.181006103515628,1.181006103515628
2013-06-18 10:30:00,108.618,109.26816,0.65015795898438,0.65015795898438
2013-06-18 11:00:00,120.249,122.90441,2.6554113159179735,2.6554113159179735
2013-06-18 11:30:00,128.003,126.66936,-1.3336427001952984,1.3336427001952984
2013-06-18 12:00:00,131.499,129.92749,-1.5715097656249952,1.5715097656249952
2013-06-18 12:30:00,132.32,132.9675,0.6474987792968818,0.6474987792968818
2013-06-18 13:00:00,127.777,132.51776,4.740761230468749,4.740761230468749
2013-06-18 13:30:00,120.106,125.14611,5.040110534667974,5.040110534667974
2013-06-18 14:00:00,106.456,107.81358,1.3575833740234344,1.3575833740234344
2013-06-18 14:30:00,88.407,96.27412,7.867116516113285,7.867116516113285
2013-06-18 15:00:00,65.817,69.93767,4.120667846679694,4.120667846679694
2013-06-18 15:30:00,42.513,46.810177,4.297176849365236,4.297176849365236
2013-06-18 16:00:00,22.407,24.045988,1.6389880828857422,1.6389880828857422
2013-06-18 16:30:00,6.441,9.486059,3.0450591888427736,3.0450591888427736
2013-06-18 17:00:00,0.292,1.1162496,0.8242495613098144,0.8242495613098144
2013-06-18 17:30:00,0.042,-0.12173543,-0.16373543125391007,0.16373543125391007
2013-06-18 18:00:00,0.012,-0.04293373,-0.054933728545904156,0.054933728545904156
2013-06-18 18:30:00,0.031,-0.08188807,-0.11288807219266891,0.11288807219266891
2013-06-18 19:00:00,0.013,-0.056681562,-0.0696815622150898,0.0696815622150898
2013-06-18 19:30:00,0.037,-0.059013054,-0.09601305377483368,0.09601305377483368
2013-06-18 20:00:00,0.012,-0.068228684,-0.08022868436574936,0.08022868436574936
2013-06-18 20:30:00,0.024,-0.068869956,-0.09286995583772659,0.09286995583772659
2013-06-18 21:00:00,0.031,-0.07793564,-0.10893564349412918,0.10893564349412918
2013-06-18 21:30:00,0.019,-0.07793564,-0.09693564349412918,0.09693564349412918
2013-06-18 22:00:00,0.015,-0.051938213,-0.06693821340799332,0.06693821340799332
2013-06-18 22:30:00,0.028,-0.051938213,-0.07993821340799331,0.07993821340799331
2013-06-18 23:00:00,0.007,-0.09513571,-0.10213571113348008,0.10213571113348008
2013-06-18 23:30:00,0.018,-0.09513571,-0.11313571113348007,0.11313571113348007
2013-06-19 00:00:00,0.026,-0.12320453,-0.1492045292854309,0.1492045292854309
2013-06-19 00:30:00,0.024,-0.12500712,-0.14900712275505065,0.14900712275505065
2013-06-19 01:00:00,0.019,-0.18644203,-0.205442032456398,0.205442032456398
2013-06-19 01:30:00,0.007,-0.18824464,-0.19524464082717896,0.19524464082717896
2013-06-19 02:00:00,0.03,-0.18228959,-0.21228958547115326,0.21228958547115326
2013-06-19 02:30:00,0.018,-0.18388696,-0.20188696014881133,0.20188696014881133
2013-06-19 03:00:00,0.0,-0.18652628,-0.18652628362178802,0.18652628362178802
2013-06-19 03:30:00,0.019,-0.18832889,-0.20732889199256896,0.20732889199256896
2013-06-19 04:00:00,0.043,-0.17326616,-0.2162661575078964,0.2162661575078964
2013-06-19 04:30:00,0.012,-0.18527335,-0.19727334928512574,0.19727334928512574
2013-06-19 05:00:00,0.03,-0.16016619,-0.1901661890745163,0.1901661890745163
2013-06-19 05:30:00,0.018,-0.1619688,-0.17996879744529723,0.17996879744529723
2013-06-19 06:00:00,0.012,-0.15721717,-0.1692171747684479,0.1692171747684479
2013-06-19 06:30:00,0.019,-0.16362196,-0.18262196207046508,0.18262196207046508
2013-06-19 07:00:00,0.012,0.174729,0.16272900450229644,0.16272900450229644
2013-06-19 07:30:00,0.118,2.1701963,2.052196294784546,2.052196294784546
2013-06-19 08:00:00,5.021,4.486103,-0.5348969421386718,0.5348969421386718
2013-06-19 08:30:00,16.549,13.702612,-2.846388076782226,2.846388076782226
2013-06-19 09:00:00,29.398,29.314009,-0.083991287231445,0.083991287231445
2013-06-19 09:30:00,46.389,47.956196,1.5671958312988252,1.5671958312988252
2013-06-19 10:00:00,53.213,61.995384,8.782384216308593,8.782384216308593
2013-06-19 10:30:00,55.265,63.280254,8.015254364013671,8.015254364013671
2013-06-19 11:00:00,69.163,61.52726,-7.6357401733398405,7.6357401733398405
2013-06-19 11:30:00,94.485,76.66602,-17.818976745605468,17.818976745605468
2013-06-19 12:00:00,106.802,104.111595,-2.690404846191413,2.690404846191413
2013-06-19 12:30:00,107.425,113.4387,6.013697814941409,6.013697814941409
2013-06-19 13:00:00,73.198,105.36818,32.17017932128907,32.17017932128907
2013-06-19 13:30:00,72.82,71.73338,-1.0866168212890557,1.0866168212890557
2013-06-19 14:00:00,68.43,65.89269,-2.537307434082038,2.537307434082038
2013-06-19 14:30:00,49.558,56.53631,6.978308288574219,6.978308288574219
2013-06-19 15:00:00,38.547,38.733673,0.18667309570312796,0.18667309570312796
2013-06-19 15:30:00,25.211,28.477556,3.266556228637697,3.266556228637697
2013-06-19 16:00:00,16.1,15.523376,-0.5766235351562514,0.5766235351562514
2013-06-19 16:30:00,7.456,11.088577,3.632577270507812,3.632577270507812
2013-06-19 17:00:00,0.526,0.8801409,0.3541409006118774,0.3541409006118774
2013-06-19 17:30:00,0.024,-0.026577849,-0.05057784894108772,0.05057784894108772
2013-06-19 18:00:00,0.013,-0.079476096,-0.09247609573602676,0.09247609573602676
2013-06-19 18:30:00,0.0,-0.120233014,-0.12023301422595978,0.12023301422595978
2013-06-19 19:00:00,0.018,-0.20203649,-0.2200364850759506,0.2200364850759506
2013-06-19 19:30:00,0.025,-0.20949084,-0.2344908356666565,0.2344908356666565
2013-06-19 20:00:00,0.024,-0.11877998,-0.1427799796462059,0.1427799796462059
2013-06-19 20:30:00,0.012,-0.11942128,-0.13142128092050553,0.13142128092050553
2013-06-19 21:00:00,0.019,-0.09671867,-0.11571866893768311,0.11571866893768311
2013-06-19 21:30:00,0.024,-0.09671867,-0.1207186689376831,0.1207186689376831
2013-06-19 22:00:00,0.018,-0.07160892,-0.08960892337560654,0.08960892337560654
2013-06-19 22:30:00,0.006,-0.07160892,-0.07760892337560654,0.07760892337560654
2013-06-19 23:00:00,0.024,-0.07160892,-0.09560892337560653,0.09560892337560653
2013-06-19 23:30:00,0.025,-0.07160892,-0.09660892337560653,0.09660892337560653
2013-06-20 00:00:00,0.014,-0.057307106,-0.07130710551142692,0.07130710551142692
2013-06-20 00:30:00,0.012,-0.057307106,-0.06930710551142692,0.06930710551142692
2013-06-20 01:00:00,0.006,-0.030659294,-0.03665929375588894,0.03665929375588894
2013-06-20 01:30:00,0.012,-0.030659294,-0.042659293755888936,0.042659293755888936
2013-06-20 02:00:00,0.006,-0.025022052,-0.031022052228450774,0.031022052228450774
2013-06-20 02:30:00,0.031,-0.022764212,-0.053764211520552635,0.053764211520552635
2013-06-20 03:00:00,0.024,-0.052762527,-0.07676252701878547,0.07676252701878547
2013-06-20 03:30:00,0.024,-0.052762527,-0.07676252701878547,0.07676252701878547
2013-06-20 04:00:00,0.012,-0.097502105,-0.10950210493803024,0.10950210493803024
2013-06-20 04:30:00,0.024,-0.107706696,-0.1317066957950592,0.1317066957950592
2013-06-20 05:00:00,0.048,-0.047985166,-0.09598516631126404,0.09598516631126404
2013-06-20 05:30:00,0.03,-0.047985166,-0.07798516631126404,0.07798516631126404
2013-06-20 06:00:00,0.012,-0.039025776,-0.05102577608823776,0.05102577608823776
2013-06-20 06:30:00,0.014,-0.054111376,-0.06811137640476227,0.06811137640476227
2013-06-20 07:00:00,0.037,0.06991573,0.03291572678089142,0.03291572678089142
2013-06-20 07:30:00,0.475,1.6638228,1.1888227701187133,1.1888227701187133
2013-06-20 08:00:00,6.667,4.6688046,-1.9981953544616697,1.9981953544616697
2013-06-20 08:30:00,17.645,12.93042,-4.714580078125,4.714580078125
2013-06-20 09:00:00,33.63,26.017654,-7.61234558105469,7.61234558105469
2013-06-20 09:30:00,49.263,45.77583,-3.4871706848144512,3.4871706848144512
2013-06-20 10:00:00,63.694,57.859814,-5.834186309814456,5.834186309814456
2013-06-20 10:30:00,73.336,74.53136,1.195356811523439,1.195356811523439
2013-06-20 11:00:00,80.019,80.89625,0.8772478637695258,0.8772478637695258
2013-06-20 11:30:00,90.875,90.29465,-0.580352783203125,0.580352783203125
2013-06-20 12:00:00,91.435,96.29799,4.86298889160156,4.86298889160156
2013-06-20 12:30:00,85.014,90.62876,5.6147612915039105,5.6147612915039105
2013-06-20 13:00:00,74.457,83.15629,8.699288146972663,8.699288146972663
2013-06-20 13:30:00,66.968,75.997734,9.029734069824215,9.029734069824215
2013-06-20 14:00:00,61.608,62.582306,0.974305908203128,0.974305908203128
2013-06-20 14:30:00,54.229,54.00214,-0.22685995483398358,0.22685995483398358
2013-06-20 15:00:00,42.808,39.63871,-3.1692899780273436,3.1692899780273436
2013-06-20 15:30:00,29.905,28.382626,-1.5223744201660168,1.5223744201660168
2013-06-20 16:00:00,16.387,16.158878,-0.22812167358398483,0.22812167358398483
2013-06-20 16:30:00,4.4,6.1854763,1.7854763031005856,1.7854763031005856
2013-06-20 17:00:00,0.154,0.70631135,0.5523113451004028,0.5523113451004028
2013-06-20 17:30:00,0.007,0.042128198,0.035128197848796845,0.035128197848796845
2013-06-20 18:00:00,0.031,-0.019278388,-0.0502783884704113,0.0502783884704113
2013-06-20 18:30:00,0.018,-0.03446418,-0.05246418046951294,0.05246418046951294
2013-06-20 19:00:00,0.012,-0.05508632,-0.06708631840348243,0.06708631840348243
2013-06-20 19:30:00,0.036,-0.055419523,-0.09141952326893807,0.09141952326893807
2013-06-20 20:00:00,0.024,0.040291667,0.016291666984558105,0.016291666984558105
2013-06-20 20:30:00,0.018,0.03965038,0.02165038061141968,0.02165038061141968
2013-06-20 21:00:00,0.038,0.049758367,0.011758367240428926,0.011758367240428926
2013-06-20 21:30:00,0.014,0.049758367,0.035758367240428926,0.035758367240428926
2013-06-20 22:00:00,0.012,0.026986662,0.014986662298440933,0.014986662298440933
2013-06-20 22:30:00,0.001,0.026986662,0.025986662298440932,0.025986662298440932
2013-06-20 23:00:00,0.042,0.050326526,0.008326526165008542,0.008326526165008542
2013-06-20 23:30:00,0.03,0.050326526,0.020326526165008546,0.020326526165008546
2013-06-21 00:00:00,0.033,0.077032745,0.044032744884490965,0.044032744884490965
2013-06-21 00:30:00,0.006,0.077032745,0.07103274488449096,0.07103274488449096
2013-06-21 01:00:00,0.012,0.07496964,0.06296964186429978,0.06296964186429978
2013-06-21 01:30:00,0.036,0.077489786,0.04148978585004807,0.04148978585004807
2013-06-21 02:00:00,0.018,0.07955288,0.06155288141965866,0.06155288141965866
2013-06-21 02:30:00,0.012,0.08181073,0.06981072771549225,0.06981072771549225
2013-06-21 03:00:00,0.006,0.08181073,0.07581072771549224,0.07581072771549224
2013-06-21 03:30:00,0.007,0.08181073,0.07481072771549224,0.07481072771549224
2013-06-21 04:00:00,0.043,0.09699738,0.053997380256652835,0.053997380256652835
2013-06-21 04:30:00,0.012,0.08863643,0.07663642811775208,0.07663642811775208
2013-06-21 05:00:00,0.018,0.08863643,0.07063642811775207,0.07063642811775207
2013-06-21 05:30:00,0.006,0.08863643,0.08263642811775207,0.08263642811775207
2013-06-21 06:00:00,0.006,0.086573325,0.08057332509756088,0.08057332509756088
2013-06-21 06:30:00,0.013,0.1448125,0.13181249451637267,0.13181249451637267
2013-06-21 07:00:00,0.018,0.31443286,0.29643285942077635,0.29643285942077635
2013-06-21 07:30:00,0.957,1.9435468,0.9865467720031739,0.9865467720031739
2013-06-21 08:00:00,9.677,7.483988,-2.1930121917724605,2.1930121917724605
2013-06-21 08:30:00,20.6,23.288109,2.6881088256835923,2.6881088256835923
2013-06-21 09:00:00,32.25,38.08617,5.836170196533203,5.836170196533203
2013-06-21 09:30:00,44.673,47.903698,3.230697967529295,3.230697967529295
2013-06-21 10:00:00,64.906,62.032146,-2.873853546142584,2.873853546142584
2013-06-21 10:30:00,90.448,83.78814,-6.6598606567382745,6.6598606567382745
2013-06-21 11:00:00,99.757,103.83716,4.080158203124995,4.080158203124995
2013-06-21 11:30:00,107.351,112.730675,5.379674743652345,5.379674743652345
2013-06-21 12:00:00,109.233,106.64735,-2.585653503417973,2.585653503417973
2013-06-21 12:30:00,94.688,108.29865,13.610652648925779,13.610652648925779
2013-06-21 13:00:00,78.856,91.26285,12.40684790039063,12.40684790039063
2013-06-21 13:30:00,74.69200000000001,75.813545,1.121545227050774,1.121545227050774
2013-06-21 14:00:00,69.285,58.81677,-10.468231353759762,10.468231353759762
2013-06-21 14:30:00,58.166,54.475483,-3.6905170593261687,3.6905170593261687
2013-06-21 15:00:00,49.812,46.182472,-3.6295277709960914,3.6295277709960914
2013-06-21 15:30:00,40.608,33.637394,-6.970606048583981,6.970606048583981
2013-06-21 16:00:00,26.05,21.21878,-4.831219482421876,4.831219482421876
2013-06-21 16:30:00,7.899,8.862159,0.9631587753295898,0.9631587753295898
2013-06-21 17:00:00,0.46,1.0716108,0.6116108083724976,0.6116108083724976
2013-06-21 17:30:00,0.006,0.009118679,0.003118678979575634,0.003118678979575634
2013-06-21 18:00:00,0.013,0.0022818046,-0.010718195430934429,0.010718195430934429
2013-06-21 18:30:00,0.018,-0.01700309,-0.03500308918952942,0.03500308918952942
2013-06-21 19:00:00,0.001,-0.03790331,-0.038903308868408204,0.038903308868408204
2013-06-21 19:30:00,0.006,-0.03823652,-0.044236521184444426,0.044236521184444426
2013-06-21 20:00:00,0.014,-0.04655041,-0.060550411731004714,0.060550411731004714
2013-06-21 20:30:00,0.0,-0.047191698,-0.04719169810414314,0.04719169810414314
2013-06-21 21:00:00,0.025,-0.04960886,-0.07460886016488075,0.07460886016488075
2013-06-21 21:30:00,0.036,-0.04960886,-0.08560886016488076,0.08560886016488076
2013-06-21 22:00:00,0.024,0.011579332,-0.012420668058097363,0.012420668058097363
2013-06-21 22:30:00,0.028,0.011579332,-0.016420668058097363,0.016420668058097363
2013-06-21 23:00:00,0.031,-0.058836773,-0.08983677303791046,0.08983677303791046
2013-06-21 23:30:00,0.018,-0.058836773,-0.07683677303791046,0.07683677303791046
2013-06-22 00:00:00,0.032,-0.035189204,-0.0671892039179802,0.0671892039179802
2013-06-22 00:30:00,0.024,-0.035189204,-0.059189203917980195,0.059189203917980195
2013-06-22 01:00:00,0.018,-0.06106342,-0.07906342002749443,0.07906342002749443
2013-06-22 01:30:00,0.03,-0.06106342,-0.09106342002749443,0.09106342002749443
2013-06-22 02:00:00,0.018,-0.06452622,-0.08252622264623642,0.08252622264623642
2013-06-22 02:30:00,0.03,-0.06432098,-0.09432098150253296,0.09432098150253296
2013-06-22 03:00:00,0.031,0.021777725,-0.009222275152802467,0.009222275152802467
2013-06-22 03:30:00,0.006,0.021777725,0.015777724847197534,0.015777724847197534
2013-06-22 04:00:00,0.012,-0.01774474,-0.02974474047124386,0.02974474047124386
2013-06-22 04:30:00,0.018,-0.027949335,-0.04594933505356312,0.04594933505356312
2013-06-22 05:00:00,0.018,-0.035233952,-0.05323395210504532,0.05323395210504532
2013-06-22 05:30:00,0.006,-0.035233952,-0.04123395210504532,0.04123395210504532
2013-06-22 06:00:00,0.03,0.020845173,-0.009154827073216437,0.009154827073216437
2013-06-22 06:30:00,0.018,0.057257336,0.03925733563303947,0.03925733563303947
2013-06-22 07:00:00,0.024,0.29196164,0.2679616401195526,0.2679616401195526
2013-06-22 07:30:00,0.891,2.1473713,1.2563712921142578,1.2563712921142578
2013-06-22 08:00:00,8.894,8.755292,-0.13870806121826185,0.13870806121826185
2013-06-22 08:30:00,22.426,23.782776,1.3567758789062516,1.3567758789062516
2013-06-22 09:00:00,38.494,38.193474,-0.300526184082031,0.300526184082031
2013-06-22 09:30:00,50.379,55.557293,5.178292938232424,5.178292938232424
2013-06-22 10:00:00,60.011,66.51787,6.506868041992185,6.506868041992185
2013-06-22 10:30:00,61.819,74.55215,12.733146911621091,12.733146911621091
2013-06-22 11:00:00,69.488,62.720062,-6.7679377441406245,6.7679377441406245
2013-06-22 11:30:00,78.15,78.94129,0.7912918090820256,0.7912918090820256
2013-06-22 12:00:00,83.22,74.87459,-8.345411987304686,8.345411987304686
2013-06-22 12:30:00,79.421,81.332436,1.9114356079101498,1.9114356079101498
2013-06-22 13:00:00,84.541,72.85411,-11.68688928222656,11.68688928222656
2013-06-22 13:30:00,69.823,80.622765,10.79976458740235,10.79976458740235
2013-06-22 14:00:00,55.147,61.774834,6.62783367919922,6.62783367919922
2013-06-22 14:30:00,49.126,45.07353,-4.052471710205076,4.052471710205076
2013-06-22 15:00:00,40.283,36.862846,-3.4201536254882825,3.4201536254882825
2013-06-22 15:30:00,27.974,29.888964,1.9149636993408201,1.9149636993408201
2013-06-22 16:00:00,16.083,15.359005,-0.723995025634764,0.723995025634764
2013-06-22 16:30:00,6.89,8.655211,1.765211448669434,1.765211448669434
2013-06-22 17:00:00,0.819,0.5419525,-0.27704750919342036,0.27704750919342036
2013-06-22 17:30:00,0.018,0.20542149,0.18742149245738984,0.18742149245738984
2013-06-22 18:00:00,0.012,-0.012076586,-0.024076585553586483,0.024076585553586483
2013-06-22 18:30:00,0.007,-0.03136146,-0.03836146068572998,0.03836146068572998
2013-06-22 19:00:00,0.013,-0.026675869,-0.03967586877942085,0.03967586877942085
2013-06-22 19:30:00,0.013,-0.027009074,-0.04000907364487648,0.04000907364487648
2013-06-22 20:00:00,0.025,0.06356471,0.038564710319042204,0.038564710319042204
2013-06-22 20:30:00,0.012,0.062923424,0.05092342394590378,0.05092342394590378
2013-06-22 21:00:00,0.018,-0.1251924,-0.14319240379333495,0.14319240379333495
2013-06-22 21:30:00,0.019,-0.1251924,-0.14419240379333495,0.14419240379333495
2013-06-22 22:00:00,0.02,-0.109343626,-0.12934362560510634,0.12934362560510634
2013-06-22 22:30:00,0.018,-0.109343626,-0.12734362560510634,0.12734362560510634
2013-06-22 23:00:00,0.003,-0.12739865,-0.13039865481853485,0.13039865481853485
2013-06-22 23:30:00,0.013,-0.12739865,-0.14039865481853486,0.14039865481853486
2013-06-23 00:00:00,0.012,-0.10919563,-0.12119562727212906,0.12119562727212906
2013-06-23 00:30:00,0.018,-0.10729768,-0.12529768127202986,0.12529768127202986
2013-06-23 01:00:00,0.012,-0.13957962,-0.15157962393760682,0.15157962393760682
2013-06-23 01:30:00,0.014,-0.13957962,-0.15357962393760682,0.15357962393760682
2013-06-23 02:00:00,0.018,-0.08885787,-0.10685786682367325,0.10685786682367325
2013-06-23 02:30:00,0.012,-0.088652626,-0.10065262567996978,0.10065262567996978
2013-06-23 03:00:00,0.024,-0.09537828,-0.11937827968597411,0.11937827968597411
2013-06-23 03:30:00,0.018,-0.09537828,-0.11337827968597412,0.11337827968597412
2013-06-23 04:00:00,0.006,-0.0694706,-0.0754705992937088,0.0754705992937088
2013-06-23 04:30:00,0.03,-0.07967519,-0.10967519015073776,0.10967519015073776
2013-06-23 05:00:00,0.006,-0.0762124,-0.08221239870786667,0.08221239870786667
2013-06-23 05:30:00,0.018,-0.0762124,-0.09421239870786667,0.09421239870786667
2013-06-23 06:00:00,0.0,0.071245976,0.07124597579240799,0.07124597579240799
2013-06-23 06:30:00,0.012,0.12948526,0.11748526442050934,0.11748526442050934
2013-06-23 07:00:00,0.043,0.014271307,-0.028728693194687363,0.028728693194687363
2013-06-23 07:30:00,0.606,1.3652507,0.7592507066726685,0.7592507066726685
2013-06-23 08:00:00,5.78,3.9512901,-1.8287098693847659,1.8287098693847659
2013-06-23 08:30:00,9.953,12.670738,2.7177382202148443,2.7177382202148443
2013-06-23 09:00:00,19.621,16.32765,-3.293349929809569,3.293349929809569
2013-06-23 09:30:00,26.083,25.386032,-0.6969678955078109,0.6969678955078109
2013-06-23 10:00:00,33.672,27.7465,-5.925499984741208,5.925499984741208
2013-06-23 10:30:00,56.313,38.852566,-17.460434234619143,17.460434234619143
2013-06-23 11:00:00,68.718,65.119934,-3.5980659179687535,3.5980659179687535
2013-06-23 11:30:00,70.218,72.77346,2.5554603881835902,2.5554603881835902
2013-06-23 12:00:00,64.481,74.994606,10.513606018066412,10.513606018066412
2013-06-23 12:30:00,62.08,59.964844,-2.1151562499999983,2.1151562499999983
2013-06-23 13:00:00,35.844,51.233047,15.389047485351561,15.389047485351561
2013-06-23 13:30:00,23.265,34.895226,11.630225524902343,11.630225524902343
2013-06-23 14:00:00,15.168,18.715858,3.547858459472657,3.547858459472657
2013-06-23 14:30:00,8.968,11.039766,2.071766311645508,2.071766311645508
2013-06-23 15:00:00,8.646,7.567917,-1.0780831298828133,1.0780831298828133
2013-06-23 15:30:00,5.527,7.4136457,1.8866457443237303,1.8866457443237303
2013-06-23 16:00:00,3.4210000000000003,6.343105,2.922104839324951,2.922104839324951
2013-06-23 16:30:00,1.996,5.5930753,3.5970752754211426,3.5970752754211426
2013-06-23 17:00:00,0.536,0.84851074,0.31251074218749997,0.31251074218749997
2013-06-23 17:30:00,0.049,-0.09235658,-0.1413565775156021,0.1413565775156021
2013-06-23 18:00:00,0.012,-0.10604039,-0.11804038834571838,0.11804038834571838
2013-06-23 18:30:00,0.006,-0.123656884,-0.12965688383579255,0.12965688383579255
2013-06-23 19:00:00,0.013,-0.13909195,-0.15209195363521577,0.15209195363521577
2013-06-23 19:30:00,0.025,-0.13710724,-0.1621072381734848,0.1621072381734848
2013-06-23 20:00:00,0.024,-0.1493813,-0.17338129484653472,0.17338129484653472
2013-06-23 20:30:00,0.025,-0.15002258,-0.17502258121967315,0.17502258121967315
2013-06-23 21:00:00,0.024,-0.32305545,-0.3470554461479187,0.3470554461479187
2013-06-23 21:30:00,0.031,-0.32305545,-0.35405544614791873,0.35405544614791873
2013-06-23 22:00:00,0.014,-0.122347906,-0.1363479062318802,0.1363479062318802
2013-06-23 22:30:00,0.031,-0.122347906,-0.1533479062318802,0.1533479062318802
2013-06-23 23:00:00,0.006,-0.09663726,-0.10263725644350052,0.10263725644350052
2013-06-23 23:30:00,0.013,-0.09663726,-0.10963725644350052,0.10963725644350052
2013-06-24 00:00:00,0.006,-0.10635034,-0.11235033994913102,0.11235033994913102
2013-06-24 00:30:00,0.013,-0.10635034,-0.11935033994913101,0.11935033994913101
2013-06-24 01:00:00,0.019,-0.10935896,-0.1283589588999748,0.1283589588999748
2013-06-24 01:30:00,0.013,-0.10935896,-0.12235895889997482,0.12235895889997482
2013-06-24 02:00:00,0.036,-0.0951995,-0.13119950300455094,0.13119950300455094
2013-06-24 02:30:00,0.03,-0.09499423,-0.12499423205852508,0.12499423205852508
2013-06-24 03:00:00,0.018,-0.094609365,-0.11260936486721039,0.11260936486721039
2013-06-24 03:30:00,0.0,-0.094609365,-0.09460936486721039,0.09460936486721039
2013-06-24 04:00:00,0.006,-0.08134563,-0.08734563267230988,0.08734563267230988
2013-06-24 04:30:00,0.024,-0.09155022,-0.11555022352933883,0.11555022352933883
2013-06-24 05:00:00,0.026,-0.12224689,-0.1482468912601471,0.1482468912601471
2013-06-24 05:30:00,0.012,-0.12224689,-0.1342468912601471,0.1342468912601471
2013-06-24 06:00:00,0.012,0.05103777,0.03903776976466179,0.03903776976466179
2013-06-24 06:30:00,0.006,0.062785394,0.05678539448976517,0.05678539448976517
2013-06-24 07:00:00,0.036,-0.033983015,-0.069983014523983,0.069983014523983
2013-06-24 07:30:00,0.021,1.2240273,1.2030272760391236,1.2030272760391236
2013-06-24 08:00:00,0.979,3.7517893,2.772789331436157,2.772789331436157
2013-06-24 08:30:00,4.933,4.5391583,-0.393841655731201,0.393841655731201
2013-06-24 09:00:00,13.646,9.094805,-4.5511952362060555,4.5511952362060555
2013-06-24 09:30:00,25.073,18.37973,-6.693269775390625,6.693269775390625
2013-06-24 10:00:00,40.905,34.055164,-6.849835662841798,6.849835662841798
2013-06-24 10:30:00,56.973,51.362904,-5.610096405029296,5.610096405029296
2013-06-24 11:00:00,90.918,64.78135,-26.1366508178711,26.1366508178711
2013-06-24 11:30:00,100.848,94.31237,-6.53562969970703,6.53562969970703
2013-06-24 12:00:00,91.413,101.40422,9.99122058105469,9.99122058105469
2013-06-24 12:30:00,86.274,82.89475,-3.3792474975585947,3.3792474975585947
2013-06-24 13:00:00,76.704,69.448135,-7.255864624023431,7.255864624023431
2013-06-24 13:30:00,75.941,66.4989,-9.442098632812503,9.442098632812503
2013-06-24 14:00:00,65.857,62.227005,-3.629994995117187,3.629994995117187
2013-06-24 14:30:00,51.84,53.219395,1.3793946838378872,1.3793946838378872
2013-06-24 15:00:00,35.887,38.11624,2.2292414550781245,2.2292414550781245
2013-06-24 15:30:00,22.246,24.591528,2.3455279388427748,2.3455279388427748
2013-06-24 16:00:00,13.075,13.4126005,0.33760051727294993,0.33760051727294993
2013-06-24 16:30:00,5.258,6.552453,1.2944530410766601,1.2944530410766601
2013-06-24 17:00:00,0.477,0.68543947,0.20843946743011477,0.20843946743011477
2013-06-24 17:30:00,0.03,-0.03157512,-0.061575120985507964,0.061575120985507964
2013-06-24 18:00:00,0.03,-0.11270047,-0.1427004697918892,0.1427004697918892
2013-06-24 18:30:00,0.043,-0.1303169,-0.17331689822673796,0.17331689822673796
2013-06-24 19:00:00,0.012,-0.13028504,-0.14228503954410554,0.14228503954410554
2013-06-24 19:30:00,0.021,-0.12830032,-0.14930032408237456,0.14930032408237456
2013-06-24 20:00:00,0.012,-0.12937254,-0.1413725371360779,0.1413725371360779
2013-06-24 20:30:00,0.018,-0.13001384,-0.1480138384103775,0.1480138384103775
2013-06-24 21:00:00,0.037,-0.14308928,-0.18008927953243256,0.18008927953243256
2013-06-24 21:30:00,0.0,-0.14308928,-0.14308927953243256,0.14308927953243256
2013-06-24 22:00:00,0.008,-0.12750733,-0.1355073289871216,0.1355073289871216
2013-06-24 22:30:00,0.019,-0.12750733,-0.14650732898712157,0.14650732898712157
2013-06-24 23:00:00,0.013,-0.11326071,-0.1262607087492943,0.1262607087492943
2013-06-24 23:30:00,0.012,-0.11326071,-0.1252607087492943,0.1252607087492943
2013-06-25 00:00:00,0.024,-0.119611435,-0.1436114346385002,0.1436114346385002
2013-06-25 00:30:00,0.006,-0.119611435,-0.12561143463850022,0.12561143463850022
2013-06-25 01:00:00,0.032,0.0139305955,-0.018069404520094395,0.018069404520094395
2013-06-25 01:30:00,0.039,0.016450739,-0.022549261465668678,0.022549261465668678
2013-06-25 02:00:00,0.013,0.05700739,0.04400739100575447,0.04400739100575447
2013-06-25 02:30:00,0.012,0.05926523,0.047265229851007465,0.047265229851007465
2013-06-25 03:00:00,0.024,0.053606376,0.02960637605190277,0.02960637605190277
2013-06-25 03:30:00,0.006,0.053606376,0.04760637605190277,0.04760637605190277
2013-06-25 04:00:00,0.024,0.06969087,0.04569086825847626,0.04569086825847626
2013-06-25 04:30:00,0.012,0.061329883,0.04932988259196282,0.04932988259196282
2013-06-25 05:00:00,0.018,0.06892105,0.050921051919460295,0.050921051919460295
2013-06-25 05:30:00,0.012,0.06892105,0.0569210519194603,0.0569210519194603
2013-06-25 06:00:00,0.024,0.014836182,-0.00916381811350584,0.00916381811350584
2013-06-25 06:30:00,0.024,0.04624228,0.022242281794548034,0.022242281794548034
2013-06-25 07:00:00,0.025,0.10086937,0.07586937248706818,0.07586937248706818
2013-06-25 07:30:00,1.662,1.3288559,-0.3331441278457641,0.3331441278457641
2013-06-25 08:00:00,8.046,5.927208,-2.1187920532226556,2.1187920532226556
2013-06-25 08:30:00,13.13,18.734608,5.604607696533202,5.604607696533202
2013-06-25 09:00:00,17.494,23.113737,5.619737106323242,5.619737106323242
2013-06-25 09:30:00,21.815,22.076023,0.26102310180663935,0.26102310180663935
2013-06-25 10:00:00,29.836,23.122978,-6.71302178955078,6.71302178955078
2013-06-25 10:30:00,35.276,35.222507,-0.05349252319336273,0.05349252319336273
2013-06-25 11:00:00,37.197,39.676353,2.479353454589841,2.479353454589841
2013-06-25 11:30:00,40.654,43.1577,2.503699584960934,2.503699584960934
2013-06-25 12:00:00,46.919,51.03135,4.112349182128909,4.112349182128909
2013-06-25 12:30:00,51.508,55.563484,4.055484191894529,4.055484191894529
2013-06-25 13:00:00,71.18599999999999,56.323742,-14.862258087158196,14.862258087158196
2013-06-25 13:30:00,82.672,79.774826,-2.8971739501953095,2.8971739501953095
2013-06-25 14:00:00,59.915,79.49329,19.578293762207032,19.578293762207032
2013-06-25 14:30:00,59.274,52.71091,-6.56308920288086,6.56308920288086
2013-06-25 15:00:00,56.171,45.357777,-10.813223358154296,10.813223358154296
2013-06-25 15:30:00,35.288,42.55158,7.263578521728519,7.263578521728519
2013-06-25 16:00:00,19.465,20.14756,0.6825601196289064,0.6825601196289064
2013-06-25 16:30:00,5.789,7.624533,1.8355331764221194,1.8355331764221194
2013-06-25 17:00:00,0.288,0.78944296,0.5014429564476013,0.5014429564476013
2013-06-25 17:30:00,0.03,-0.16800155,-0.19800154745578766,0.19800154745578766
2013-06-25 18:00:00,0.008,-0.10179677,-0.10979676860570908,0.10979676860570908
2013-06-25 18:30:00,0.025,-0.14075102,-0.16575101912021636,0.16575101912021636
2013-06-25 19:00:00,0.012,-0.107316144,-0.11931614381074905,0.11931614381074905
2013-06-25 19:30:00,0.012,-0.10764936,-0.11964936357736587,0.11964936357736587
2013-06-25 20:00:00,0.006,-0.035266954,-0.04126695445179939,0.04126695445179939
2013-06-25 20:30:00,0.044,-0.03590824,-0.07990824082493782,0.07990824082493782
2013-06-25 21:00:00,0.012,-0.11537763,-0.12737762731313707,0.12737762731313707
2013-06-25 21:30:00,0.043,-0.11537763,-0.15837762731313704,0.15837762731313704
2013-06-25 22:00:00,0.044,-0.11478459,-0.1587845908999443,0.1587845908999443
2013-06-25 22:30:00,0.019,-0.11012124,-0.12912124270200728,0.12912124270200728
2013-06-25 23:00:00,0.018,-0.13201554,-0.15001554119586943,0.15001554119586943
2013-06-25 23:30:00,0.012,-0.13201554,-0.14401554119586946,0.14401554119586946
2013-06-26 00:00:00,0.031,-0.176741,-0.20774100399017334,0.20774100399017334
2013-06-26 00:30:00,0.013,-0.176741,-0.18974100399017335,0.18974100399017335
2013-06-26 01:00:00,0.036,-0.18866155,-0.22466154551506043,0.22466154551506043
2013-06-26 01:30:00,0.019,-0.18866155,-0.20766154551506041,0.20766154551506041
2013-06-26 02:00:00,0.012,-0.22495341,-0.23695341300964357,0.23695341300964357
2013-06-26 02:30:00,0.006,-0.22655079,-0.23255078768730164,0.23255078768730164
2013-06-26 03:00:00,0.006,-0.22761226,-0.23361225700378419,0.23361225700378419
2013-06-26 03:30:00,0.036,-0.22941487,-0.2654148653745651,0.2654148653745651
2013-06-26 04:00:00,0.018,-0.22103877,-0.2390387736558914,0.2390387736558914
2013-06-26 04:30:00,0.018,-0.23304597,-0.25104596543312074,0.25104596543312074
2013-06-26 05:00:00,0.019,-0.2840746,-0.303074604511261,0.303074604511261
2013-06-26 05:30:00,0.024,-0.28587717,-0.30987716817855837,0.30987716817855837
2013-06-26 06:00:00,0.036,-0.2900325,-0.3260325059890747,0.3260325059890747
2013-06-26 06:30:00,0.006,-0.3081098,-0.3141097900867462,0.3141097900867462
2013-06-26 07:00:00,0.024,-0.26374415,-0.2877441456317902,0.2877441456317902
2013-06-26 07:30:00,0.741,1.6398163,0.8988162841796875,0.8988162841796875
2013-06-26 08:00:00,6.856,4.515282,-2.340717845916748,2.340717845916748
2013-06-26 08:30:00,15.444,15.090283,-0.35371660614013756,0.35371660614013756
2013-06-26 09:00:00,24.321,23.00758,-1.3134201965332046,1.3134201965332046
2013-06-26 09:30:00,42.926,31.950617,-10.97538316345215,10.97538316345215
2013-06-26 10:00:00,50.398,54.945187,4.547186614990231,4.547186614990231
2013-06-26 10:30:00,58.807,56.401085,-2.4059151000976584,2.4059151000976584
2013-06-26 11:00:00,66.85,63.094234,-3.75576553344726,3.75576553344726
2013-06-26 11:30:00,74.781,71.66093,-3.1200731811523497,3.1200731811523497
2013-06-26 12:00:00,70.569,76.80436,6.235359436035154,6.235359436035154
2013-06-26 12:30:00,72.284,73.39058,1.1065792236328065,1.1065792236328065
2013-06-26 13:00:00,65.367,66.3483,0.9812971191406206,0.9812971191406206
2013-06-26 13:30:00,60.051,61.706917,1.6559168090820293,1.6559168090820293
2013-06-26 14:00:00,53.13,48.732754,-4.397246246337893,4.397246246337893
2013-06-26 14:30:00,44.336,41.70069,-2.6353087768554673,2.6353087768554673
2013-06-26 15:00:00,38.327,34.703976,-3.623024322509764,3.623024322509764
2013-06-26 15:30:00,21.572,27.694588,6.122587707519532,6.122587707519532
2013-06-26 16:00:00,9.79,13.133738,3.343737564086915,3.343737564086915
2013-06-26 16:30:00,3.526,5.411352,1.8853521575927736,1.8853521575927736
2013-06-26 17:00:00,0.19,0.7952683,0.6052682971954346,0.6052682971954346
2013-06-26 17:30:00,0.024,-0.098278955,-0.1222789546251297,0.1222789546251297
2013-06-26 18:00:00,0.018,-0.15764469,-0.17564468908309935,0.17564468908309935
2013-06-26 18:30:00,0.036,-0.15156122,-0.1875612155199051,0.1875612155199051
2013-06-26 19:00:00,0.012,-0.16425638,-0.17625637900829316,0.17625637900829316
2013-06-26 19:30:00,0.045,-0.1699081,-0.21490810632705687,0.21490810632705687
2013-06-26 20:00:00,0.019,-0.16125736,-0.18025735640525817,0.18025735640525817
2013-06-26 20:30:00,0.024,-0.16189864,-0.1858986427783966,0.1858986427783966
2013-06-26 21:00:00,0.037,-0.16148202,-0.19848202121257782,0.19848202121257782
2013-06-26 21:30:00,0.006,-0.16148202,-0.16748202121257783,0.16748202121257783
2013-06-26 22:00:00,0.006,-0.15243143,-0.1584314284324646,0.1584314284324646
2013-06-26 22:30:00,0.018,-0.15243143,-0.1704314284324646,0.1704314284324646
2013-06-26 23:00:00,0.019,-0.11964085,-0.13864084953069686,0.13864084953069686
2013-06-26 23:30:00,0.038,-0.11964085,-0.15764084953069687,0.15764084953069687
2013-06-27 00:00:00,0.024,-0.11771799,-0.14171798878908157,0.14171798878908157
2013-06-27 00:30:00,0.007,-0.11771799,-0.12471798878908158,0.12471798878908158
2013-06-27 01:00:00,0.013,-0.118207924,-0.1312079240679741,0.1312079240679741
2013-06-27 01:30:00,0.013,-0.118207924,-0.1312079240679741,0.1312079240679741
2013-06-27 02:00:00,0.036,-0.10272326,-0.13872326320409775,0.13872326320409775
2013-06-27 02:30:00,0.043,-0.10251802,-0.14551802206039427,0.14551802206039427
2013-06-27 03:00:00,0.024,-0.11276662,-0.13676662349700927,0.13676662349700927
2013-06-27 03:30:00,0.024,-0.11276662,-0.13676662349700927,0.13676662349700927
2013-06-27 04:00:00,0.013,-0.0042561367,-0.017256136715412138,0.017256136715412138
2013-06-27 04:30:00,0.012,-0.014460715,-0.02646071546524763,0.02646071546524763
2013-06-27 05:00:00,0.012,-0.10778452,-0.11978451710939407,0.11978451710939407
2013-06-27 05:30:00,0.006,-0.10778452,-0.11378451710939408,0.11378451710939408
2013-06-27 06:00:00,0.024,-0.11369469,-0.1376946901679039,0.1376946901679039
2013-06-27 06:30:00,0.018,-0.08347768,-0.101477683365345,0.101477683365345
2013-06-27 07:00:00,0.013,0.050750673,0.03775067281723023,0.03775067281723023
2013-06-27 07:30:00,0.438,1.2460737,0.8080737228393555,0.8080737228393555
2013-06-27 08:00:00,4.171,3.9288208,-0.24217915153503444,0.24217915153503444
2013-06-27 08:30:00,11.57,9.567359,-2.0026410293579104,2.0026410293579104
2013-06-27 09:00:00,21.879,19.195211,-2.6837885894775404,2.6837885894775404
2013-06-27 09:30:00,29.268,28.656116,-0.6118835144042976,0.6118835144042976
2013-06-27 10:00:00,30.466,36.135273,5.669272979736327,5.669272979736327
2013-06-27 10:30:00,40.956,33.61974,-7.3362604675293,7.3362604675293
2013-06-27 11:00:00,44.966,43.889187,-1.0768131408691417,1.0768131408691417
2013-06-27 11:30:00,56.341,48.81189,-7.529110351562501,7.529110351562501
2013-06-27 12:00:00,53.828,56.16477,2.3367682189941377,2.3367682189941377
2013-06-27 12:30:00,51.639,54.63432,2.995319305419919,2.995319305419919
2013-06-27 13:00:00,49.725,48.954807,-0.7701927185058608,0.7701927185058608
2013-06-27 13:30:00,42.705,43.240925,0.5359248352050798,0.5359248352050798
2013-06-27 14:00:00,40.887,37.115078,-3.771922027587891,3.771922027587891
2013-06-27 14:30:00,27.416,35.798218,8.3822177734375,8.3822177734375
2013-06-27 15:00:00,17.478,20.14963,2.6716295928955063,2.6716295928955063
2013-06-27 15:30:00,10.433,11.369689,0.9366889877319338,0.9366889877319338
2013-06-27 16:00:00,8.608,8.791757,0.18375662994384712,0.18375662994384712
2013-06-27 16:30:00,3.568,5.9016924,2.3336923904418945,2.3336923904418945
2013-06-27 17:00:00,0.16,0.87655866,0.7165586614608764,0.7165586614608764
2013-06-27 17:30:00,0.03,-0.0887706,-0.11877059817314148,0.11877059817314148
2013-06-27 18:00:00,0.012,-0.06379115,-0.07579114836454391,0.07579114836454391
2013-06-27 18:30:00,0.019,-0.078976996,-0.09797699624300003,0.09797699624300003
2013-06-27 19:00:00,0.031,-0.07782844,-0.10882843708992004,0.10882843708992004
2013-06-27 19:30:00,0.007,-0.07816164,-0.08516164195537568,0.08516164195537568
2013-06-27 20:00:00,0.03,-0.06936456,-0.09936456263065338,0.09936456263065338
2013-06-27 20:30:00,0.03,-0.07000585,-0.10000584900379181,0.10000584900379181
2013-06-27 21:00:00,0.03,-0.030617287,-0.06061728738248348,0.06061728738248348
2013-06-27 21:30:00,0.02,-0.030617287,-0.050617287382483486,0.050617287382483486
2013-06-27 22:00:00,0.012,-0.049857344,-0.061857344478368756,0.061857344478368756
2013-06-27 22:30:00,0.018,-0.049857344,-0.06785734447836876,0.06785734447836876
2013-06-27 23:00:00,0.002,0.008313062,0.00631306166946888,0.00631306166946888
2013-06-27 23:30:00,0.012,0.008313062,-0.0036869383305311206,0.0036869383305311206
2013-06-28 00:00:00,0.031,-0.079458706,-0.11045870608091354,0.11045870608091354
2013-06-28 00:30:00,0.012,-0.079458706,-0.09145870608091354,0.09145870608091354
2013-06-28 01:00:00,0.012,0.008313062,-0.0036869383305311206,0.0036869383305311206
2013-06-28 01:30:00,0.013,0.008313062,-0.00468693833053112,0.00468693833053112
2013-06-28 02:00:00,0.024,-0.16959167,-0.19359166526794433,0.19359166526794433
2013-06-28 02:30:00,0.012,-0.17132685,-0.18332684588432313,0.18332684588432313
2013-06-28 03:00:00,0.024,0.0065778783,-0.01742212174087763,0.01742212174087763
2013-06-28 03:30:00,0.024,0.0065778783,-0.01742212174087763,0.01742212174087763
2013-06-28 04:00:00,0.019,-0.22525805,-0.24425805234909057,0.24425805234909057
2013-06-28 04:30:00,0.019,-0.233619,-0.25261900448799135,0.25261900448799135
2013-06-28 05:00:00,0.018,-0.21562879,-0.23362878787517546,0.23362878787517546
2013-06-28 05:30:00,0.012,-0.21562879,-0.2276287878751755,0.2276287878751755
2013-06-28 06:00:00,0.025,-0.21331087,-0.23831086754798889,0.23831086754798889
2013-06-28 06:30:00,0.013,-0.22958551,-0.24258551347255708,0.24258551347255708
2013-06-28 07:00:00,0.026,-0.052603487,-0.07860348692536354,0.07860348692536354
2013-06-28 07:30:00,0.143,0.88267934,0.7396793432235718,0.7396793432235718
2013-06-28 08:00:00,2.58,3.5663614,0.9863614273071288,0.9863614273071288
2013-06-28 08:30:00,8.775,8.83954,0.06453952789306605,0.06453952789306605
2013-06-28 09:00:00,14.496,15.063451,0.5674508132934566,0.5674508132934566
2013-06-28 09:30:00,21.88,18.237522,-3.6424778747558584,3.6424778747558584
2013-06-28 10:00:00,36.043,29.75383,-6.289170043945312,6.289170043945312
2013-06-28 10:30:00,42.807,41.761333,-1.0456665344238303,1.0456665344238303
2013-06-28 11:00:00,40.872,48.5265,7.654500701904297,7.654500701904297
2013-06-28 11:30:00,51.853,48.420456,-3.432544067382814,3.432544067382814
2013-06-28 12:00:00,57.922,57.07592,-0.8460798950195283,0.8460798950195283
2013-06-28 12:30:00,48.686,62.828255,14.142254699707031,14.142254699707031
2013-06-28 13:00:00,41.822,45.889492,4.067492034912107,4.067492034912107
2013-06-28 13:30:00,27.39,40.700905,13.310904846191406,13.310904846191406
2013-06-28 14:00:00,21.693,20.032852,-1.660147827148439,1.660147827148439
2013-06-28 14:30:00,17.072,17.42935,0.357349899291993,0.357349899291993
2013-06-28 15:00:00,12.631,11.59642,-1.0345797119140627,1.0345797119140627
2013-06-28 15:30:00,9.667,9.687776,0.02077561187744159,0.02077561187744159
2013-06-28 16:00:00,5.494,8.763468,3.2694677886962893,3.2694677886962893
2013-06-28 16:30:00,1.489,5.6243734,4.135373435974121,4.135373435974121
2013-06-28 17:00:00,0.353,-0.077276535,-0.4302765353322029,0.4302765353322029
2013-06-28 17:30:00,0.181,-0.16221806,-0.3432180640697479,0.3432180640697479
2013-06-28 18:00:00,0.012,-0.14810018,-0.16010018241405488,0.16010018241405488
2013-06-28 18:30:00,0.026,-0.14869402,-0.17469402348995208,0.17469402348995208
2013-06-28 19:00:00,0.036,-0.16587631,-0.20187631404399872,0.20187631404399872
2013-06-28 19:30:00,0.007,-0.16411367,-0.17111367058753968,0.17111367058753968
2013-06-28 20:00:00,0.03,-0.0775127,-0.1075126963853836,0.1075126963853836
2013-06-28 20:30:00,0.032,-0.07815397,-0.11015396785736084,0.11015396785736084
2013-06-28 21:00:00,0.036,-0.07935697,-0.11535696840286255,0.11535696840286255
2013-06-28 21:30:00,0.018,-0.07935697,-0.09735696840286255,0.09735696840286255
2013-06-28 22:00:00,0.018,-0.09051235,-0.10851235020160675,0.10851235020160675
2013-06-28 22:30:00,0.006,-0.09051235,-0.09651235020160676,0.09651235020160676
2013-06-28 23:00:00,0.024,-0.25343144,-0.27743143939971926,0.27743143939971926
2013-06-28 23:30:00,0.006,-0.25343144,-0.25943143939971924,0.25943143939971924
2013-06-29 00:00:00,0.024,-0.23276366,-0.2567636629343033,0.2567636629343033
2013-06-29 00:30:00,0.012,-0.23276366,-0.2447636629343033,0.2447636629343033
2013-06-29 01:00:00,0.012,-0.23276366,-0.2447636629343033,0.2447636629343033
2013-06-29 01:30:00,0.013,-0.23276366,-0.2457636629343033,0.2457636629343033
2013-06-29 02:00:00,0.012,-0.06984463,-0.08184463334083557,0.08184463334083557
2013-06-29 02:30:00,0.006,-0.06963938,-0.07563937729597092,0.07563937729597092
2013-06-29 03:00:00,0.03,-0.088571586,-0.11857158571481705,0.11857158571481705
2013-06-29 03:30:00,0.024,-0.088571586,-0.11257158571481704,0.11257158571481704
2013-06-29 04:00:00,0.018,-0.084709786,-0.1027097858786583,0.1027097858786583
2013-06-29 04:30:00,0.013,-0.09491438,-0.10791437673568725,0.10791437673568725
2013-06-29 05:00:00,0.012,-0.092466876,-0.10446687591075897,0.10446687591075897
2013-06-29 05:30:00,0.006,-0.092466876,-0.09846687591075898,0.09846687591075898
2013-06-29 06:00:00,0.006,-0.0973755,-0.10337549722194672,0.10337549722194672
2013-06-29 06:30:00,0.024,-0.11609773,-0.14009773337841033,0.14009773337841033
2013-06-29 07:00:00,0.032,-0.10781074,-0.13981074315309525,0.13981074315309525
2013-06-29 07:30:00,0.079,0.86294186,0.783941861152649,0.783941861152649
2013-06-29 08:00:00,1.659,3.3731852,1.7141851577758789,1.7141851577758789
2013-06-29 08:30:00,4.735,6.419736,1.6847359085083005,1.6847359085083005
2013-06-29 09:00:00,9.344,9.224317,-0.11968340301513614,0.11968340301513614
2013-06-29 09:30:00,12.618,12.825252,0.20725157928466764,0.20725157928466764
2013-06-29 10:00:00,18.61,15.575334,-3.0346664047241205,3.0346664047241205
2013-06-29 10:30:00,25.534,22.235321,-3.298678955078124,3.298678955078124
2013-06-29 11:00:00,26.121,25.834959,-0.2860409698486315,0.2860409698486315
2013-06-29 11:30:00,31.481,26.427137,-5.053862625122072,5.053862625122072
2013-06-29 12:00:00,33.534,32.14953,-1.3844714965820302,1.3844714965820302
2013-06-29 12:30:00,32.722,35.54493,2.82292950439453,2.82292950439453
2013-06-29 13:00:00,26.525,31.143747,4.6187473297119155,4.6187473297119155
2013-06-29 13:30:00,24.185,24.271288,0.08628791809082159,0.08628791809082159
2013-06-29 14:00:00,24.946,21.552307,-3.3936928710937515,3.3936928710937515
2013-06-29 14:30:00,22.379,20.893467,-1.4855330505371107,1.4855330505371107
2013-06-29 15:00:00,14.401,15.720617,1.3196172943115236,1.3196172943115236
2013-06-29 15:30:00,10.991,10.409413,-0.5815866622924801,0.5815866622924801
2013-06-29 16:00:00,5.056,11.925805,6.86980509185791,6.86980509185791
2013-06-29 16:30:00,2.938,5.244566,2.306565963745117,2.306565963745117
2013-06-29 17:00:00,0.888,0.73335016,-0.15464984226226808,0.15464984226226808
2013-06-29 17:30:00,0.155,0.028626144,-0.12637385606765747,0.12637385606765747
2013-06-29 18:00:00,0.036,-0.12283449,-0.1588344887495041,0.1588344887495041
2013-06-29 18:30:00,0.0,-0.1091191,-0.10911910235881805,0.10911910235881805
2013-06-29 19:00:00,0.03,-0.12034494,-0.15034493684768677,0.15034493684768677
2013-06-29 19:30:00,0.025,-0.11858228,-0.14358227849006652,0.14358227849006652
2013-06-29 20:00:00,0.042,-0.14100686,-0.18300685715675355,0.18300685715675355
2013-06-29 20:30:00,0.018,-0.14164814,-0.15964814352989196,0.15964814352989196
2013-06-29 21:00:00,0.015,-0.1481324,-0.16313239872455598,0.16313239872455598
2013-06-29 21:30:00,0.024,-0.1481324,-0.17213239872455596,0.17213239872455596
2013-06-29 22:00:00,0.031,-0.1404082,-0.1714082030057907,0.1714082030057907
2013-06-29 22:30:00,0.012,-0.1404082,-0.15240820300579072,0.15240820300579072
2013-06-29 23:00:00,0.018,-0.12936102,-0.14736101853847502,0.14736101853847502
2013-06-29 23:30:00,0.006,-0.12936102,-0.13536101853847504,0.13536101853847504
2013-06-30 00:00:00,0.019,-0.12936102,-0.14836101853847503,0.14836101853847503
2013-06-30 00:30:00,0.012,-0.12936102,-0.14136101853847505,0.14136101853847505
2013-06-30 01:00:00,0.013,-0.14428315,-0.15728314566612245,0.15728314566612245
2013-06-30 01:30:00,0.024,-0.14428315,-0.16828314566612243,0.16828314566612243
2013-06-30 02:00:00,0.007,-0.100733876,-0.10773387622833253,0.10773387622833253
2013-06-30 02:30:00,0.0199999999999999,-0.10052862,-0.12052862018346777,0.12052862018346777
2013-06-30 03:00:00,0.018,-0.11613581,-0.1341358132958412,0.1341358132958412
2013-06-30 03:30:00,0.024,-0.11613581,-0.1401358132958412,0.1401358132958412
2013-06-30 04:00:00,0.007,-0.095365144,-0.10236514431238175,0.10236514431238175
2013-06-30 04:30:00,0.024,-0.105569735,-0.1295697351694107,0.1295697351694107
2013-06-30 05:00:00,0.024,-0.13342229,-0.15742228531837463,0.15742228531837463
2013-06-30 05:30:00,0.013,-0.13342229,-0.14642228531837465,0.14642228531837465
2013-06-30 06:00:00,0.012,-0.13290933,-0.14490932774543763,0.14490932774543763
2013-06-30 06:30:00,0.012,-0.1491841,-0.16118409287929536,0.16118409287929536
2013-06-30 07:00:00,0.018,-0.10979823,-0.12779823023080825,0.12779823023080825
2013-06-30 07:30:00,0.046,0.86907876,0.8230787553787231,0.8230787553787231
2013-06-30 08:00:00,1.08,3.3809025,2.3009025287628173,2.3009025287628173
2013-06-30 08:30:00,5.143,6.7826242,1.6396242446899416,1.6396242446899416
2013-06-30 09:00:00,10.052,10.598879,0.5468788604736332,0.5468788604736332
2013-06-30 09:30:00,15.874,15.1989,-0.6750997772216802,0.6750997772216802
2013-06-30 10:00:00,28.164,21.2199,-6.9440998687744155,6.9440998687744155
2013-06-30 10:30:00,50.957,36.586483,-14.370516998291016,14.370516998291016
2013-06-30 11:00:00,52.229,54.867477,2.6384774169921883,2.6384774169921883
2013-06-30 11:30:00,48.043,56.95166,8.90866015625,8.90866015625
2013-06-30 12:00:00,51.529,47.834236,-3.694763854980472,3.694763854980472
2013-06-30 12:30:00,48.906,52.50474,3.598741668701173,3.598741668701173
2013-06-30 13:00:00,53.937,41.742336,-12.194663726806638,12.194663726806638
2013-06-30 13:30:00,43.339,52.683704,9.344704376220704,9.344704376220704
2013-06-30 14:00:00,35.666,36.417854,0.7518543090820344,0.7518543090820344
2013-06-30 14:30:00,31.426,30.966948,-0.4590524444580062,0.4590524444580062
2013-06-30 15:00:00,29.614,24.114428,-5.4995724334716805,5.4995724334716805
2013-06-30 15:30:00,25.491,21.067553,-4.423447433471679,4.423447433471679
2013-06-30 16:00:00,14.041,15.291872,1.2508720245361324,1.2508720245361324
2013-06-30 16:30:00,7.342,5.925918,-1.4160818977355953,1.4160818977355953
2013-06-30 17:00:00,1.193,0.763454,-0.4295459799766541,0.4295459799766541
2013-06-30 17:30:00,0.125,0.26596215,0.140962153673172,0.140962153673172
2013-06-30 18:00:00,0.025,0.055730097,0.030730096995830535,0.030730096995830535
2013-06-30 18:30:00,0.03,0.04195571,0.011955709457397462,0.011955709457397462
2013-06-30 19:00:00,0.018,0.5742178,0.5562177963256836,0.5562177963256836
2013-06-30 19:30:00,0.019,0.5736625,0.554662519454956,0.554662519454956
2013-06-30 20:00:00,0.019,0.57899123,0.5599912343025207,0.5599912343025207
2013-06-30 20:30:00,0.027,0.5783499,0.5513498883247375,0.5513498883247375
2013-06-30 21:00:00,0.018,0.4781861,0.46018610072135924,0.46018610072135924
2013-06-30 21:30:00,0.031,0.4781861,0.4471861007213592,0.4471861007213592
2013-06-30 22:00:00,0.019,0.5806761,0.5616760787963867,0.5616760787963867
2013-06-30 22:30:00,0.008,0.5806761,0.5726760787963867,0.5726760787963867
2013-06-30 23:00:00,0.007,0.64916116,0.642161159992218,0.642161159992218
2013-06-30 23:30:00,0.0,0.64916116,0.649161159992218,0.649161159992218
